z[m] p[mb] tls[K/s] qls[kg/kg/s] uls vls wls[m/s] 
 256.000  45   1003.19  day,levels,pres0
-999.0000000 1115.0000000  0.0000040 -0.0000000 0.0000000 0  0.0005656
-999.0000000 1090.0000000  0.0000040 -0.0000000 0.0000000 0  0.0005785
-999.0000000 1065.0000000  0.0000040 -0.0000000 0.0000000 0  0.0005921
-999.0000000 1040.0000000  0.0000040 -0.0000000 0.0000000 0  0.0006064
-999.0000000 1015.0000000  0.0000040 -0.0000000 0.0000000 0  0.0006213
-999.0000000  990.0000000  0.0000040 -0.0000000 0.0000000 0  0.0006370
-999.0000000  965.0000000  0.0000149 -0.0000000 0.0000000 0  0.0014658
-999.0000000  940.0000000  0.0000174  0.0000000 0.0000000 0  0.0023047
-999.0000000  915.0000000  0.0000060  0.0000000 0.0000000 0  0.0038278
-999.0000000  890.0000000 -0.0000077  0.0000000 0.0000000 0  0.0056861
-999.0000000  865.0000000 -0.0000129  0.0000000 0.0000000 0  0.0074345
-999.0000000  840.0000000 -0.0000090  0.0000000 0.0000000 0  0.0087712
-999.0000000  815.0000000 -0.0000014  0.0000000 0.0000000 0  0.0094659
-999.0000000  790.0000000  0.0000061 -0.0000000 0.0000000 0  0.0093226
-999.0000000  765.0000000  0.0000107 -0.0000000 0.0000000 0  0.0082115
-999.0000000  740.0000000  0.0000112 -0.0000001 0.0000000 0  0.0061881
-999.0000000  715.0000000  0.0000079 -0.0000001 0.0000000 0  0.0034844
-999.0000000  690.0000000  0.0000025 -0.0000001 0.0000000 0  0.0004252
-999.0000000  665.0000000 -0.0000041 -0.0000000 0.0000000 0 -0.0025291
-999.0000000  640.0000000 -0.0000076 -0.0000000 0.0000000 0 -0.0050319
-999.0000000  615.0000000 -0.0000089 -0.0000000 0.0000000 0 -0.0070288
-999.0000000  590.0000000 -0.0000109 -0.0000000 0.0000000 0 -0.0088426
-999.0000000  565.0000000 -0.0000143 -0.0000000 0.0000000 0 -0.0112176
-999.0000000  540.0000000 -0.0000172 -0.0000000 0.0000000 0 -0.0144793
-999.0000000  515.0000000 -0.0000184 -0.0000000 0.0000000 0 -0.0181461
-999.0000000  490.0000000 -0.0000184  0.0000000 0.0000000 0 -0.0213529
-999.0000000  465.0000000 -0.0000163  0.0000000 0.0000000 0 -0.0230268
-999.0000000  440.0000000 -0.0000116 -0.0000000 0.0000000 0 -0.0222966
-999.0000000  415.0000000 -0.0000056 -0.0000000 0.0000000 0 -0.0188570
-999.0000000  390.0000000 -0.0000012 -0.0000000 0.0000000 0 -0.0131952
-999.0000000  365.0000000  0.0000003 -0.0000000 0.0000000 0 -0.0066575
-999.0000000  340.0000000  0.0000013 -0.0000000 0.0000000 0 -0.0007683
-999.0000000  315.0000000  0.0000046  0.0000000 0.0000000 0  0.0032796
-999.0000000  290.0000000  0.0000099  0.0000000 0.0000000 0  0.0047322
-999.0000000  265.0000000  0.0000138  0.0000000 0.0000000 0  0.0034460
-999.0000000  240.0000000  0.0000151  0.0000000 0.0000000 0 -0.0002643
-999.0000000  215.0000000  0.0000123  0.0000000 0.0000000 0 -0.0057373
-999.0000000  190.0000000  0.0000054  0.0000000 0.0000000 0 -0.0110525
-999.0000000  165.0000000  0.0000015  0.0000000 0.0000000 0 -0.0124399
-999.0000000  140.0000000  0.0000061  0.0000000 0.0000000 0 -0.0075009
-999.0000000  115.0000000  0.0000026 -0.0000000 0.0000000 0 -0.0013451
-999.0000000   90.0000000  0.0000037  0.0000000 0.0000000 0 -0.0000028
-999.0000000   65.0000000  0.0000007 -0.0000000 0.0000000 0 -0.0000000
-999.0000000   40.0000000 -0.0000001 -0.0000000 0.0000000 0 -0.0000000
-999.0000000   15.0000000  0.0000027 -0.0000000 0.0000000 0 -0.0000000
 256.125  45   1003.84  day,levels,pres0
-999.0000000 1115.0000000  0.0000075  0.0000000 0.0000000 0  0.0005859
-999.0000000 1090.0000000  0.0000075  0.0000000 0.0000000 0  0.0005993
-999.0000000 1065.0000000  0.0000075  0.0000000 0.0000000 0  0.0006134
-999.0000000 1040.0000000  0.0000075  0.0000000 0.0000000 0  0.0006282
-999.0000000 1015.0000000  0.0000075  0.0000000 0.0000000 0  0.0006436
-999.0000000  990.0000000  0.0000075  0.0000000 0.0000000 0  0.0006599
-999.0000000  965.0000000  0.0000088  0.0000000 0.0000000 0  0.0018420
-999.0000000  940.0000000  0.0000093  0.0000000 0.0000000 0  0.0032263
-999.0000000  915.0000000 -0.0000002  0.0000000 0.0000000 0  0.0049998
-999.0000000  890.0000000 -0.0000119  0.0000001 0.0000000 0  0.0069518
-999.0000000  865.0000000 -0.0000182  0.0000001 0.0000000 0  0.0088034
-999.0000000  840.0000000 -0.0000187  0.0000001 0.0000000 0  0.0102744
-999.0000000  815.0000000 -0.0000130  0.0000001 0.0000000 0  0.0110423
-999.0000000  790.0000000 -0.0000040  0.0000000 0.0000000 0  0.0107807
-999.0000000  765.0000000  0.0000038 -0.0000000 0.0000000 0  0.0093585
-999.0000000  740.0000000  0.0000080 -0.0000000 0.0000000 0  0.0069929
-999.0000000  715.0000000  0.0000089 -0.0000000 0.0000000 0  0.0040819
-999.0000000  690.0000000  0.0000076 -0.0000000 0.0000000 0  0.0010306
-999.0000000  665.0000000  0.0000048 -0.0000000 0.0000000 0 -0.0016773
-999.0000000  640.0000000  0.0000036 -0.0000000 0.0000000 0 -0.0037056
-999.0000000  615.0000000  0.0000041 -0.0000000 0.0000000 0 -0.0050327
-999.0000000  590.0000000  0.0000029 -0.0000000 0.0000000 0 -0.0059069
-999.0000000  565.0000000 -0.0000003 -0.0000000 0.0000000 0 -0.0068630
-999.0000000  540.0000000 -0.0000030 -0.0000000 0.0000000 0 -0.0081765
-999.0000000  515.0000000 -0.0000046 -0.0000000 0.0000000 0 -0.0096306
-999.0000000  490.0000000 -0.0000056 -0.0000000 0.0000000 0 -0.0108622
-999.0000000  465.0000000 -0.0000059 -0.0000000 0.0000000 0 -0.0114790
-999.0000000  440.0000000 -0.0000038 -0.0000000 0.0000000 0 -0.0111882
-999.0000000  415.0000000  0.0000014 -0.0000000 0.0000000 0 -0.0099534
-999.0000000  390.0000000  0.0000069 -0.0000000 0.0000000 0 -0.0081391
-999.0000000  365.0000000  0.0000092 -0.0000000 0.0000000 0 -0.0064871
-999.0000000  340.0000000  0.0000081 -0.0000000 0.0000000 0 -0.0054352
-999.0000000  315.0000000  0.0000102  0.0000000 0.0000000 0 -0.0048161
-999.0000000  290.0000000  0.0000171  0.0000000 0.0000000 0 -0.0045717
-999.0000000  265.0000000  0.0000221  0.0000000 0.0000000 0 -0.0051096
-999.0000000  240.0000000  0.0000231  0.0000000 0.0000000 0 -0.0072014
-999.0000000  215.0000000  0.0000210  0.0000000 0.0000000 0 -0.0115393
-999.0000000  190.0000000  0.0000179  0.0000000 0.0000000 0 -0.0166389
-999.0000000  165.0000000  0.0000159  0.0000000 0.0000000 0 -0.0175353
-999.0000000  140.0000000  0.0000132  0.0000000 0.0000000 0 -0.0114196
-999.0000000  115.0000000  0.0000079 -0.0000000 0.0000000 0 -0.0037020
-999.0000000   90.0000000  0.0000087  0.0000000 0.0000000 0 -0.0000018
-999.0000000   65.0000000  0.0000054 -0.0000000 0.0000000 0 -0.0000000
-999.0000000   40.0000000  0.0000041 -0.0000000 0.0000000 0 -0.0000000
-999.0000000   15.0000000  0.0000129 -0.0000000 0.0000000 0 -0.0000000
 256.250  45   1002.90  day,levels,pres0
-999.0000000 1115.0000000 -0.0000062  0.0000000 0.0000000 0  0.0000840
-999.0000000 1090.0000000 -0.0000062  0.0000000 0.0000000 0  0.0000859
-999.0000000 1065.0000000 -0.0000062  0.0000000 0.0000000 0  0.0000879
-999.0000000 1040.0000000 -0.0000062  0.0000000 0.0000000 0  0.0000901
-999.0000000 1015.0000000 -0.0000062  0.0000000 0.0000000 0  0.0000923
-999.0000000  990.0000000 -0.0000062  0.0000000 0.0000000 0  0.0000946
-999.0000000  965.0000000 -0.0000198  0.0000000 0.0000000 0  0.0004948
-999.0000000  940.0000000 -0.0000165  0.0000000 0.0000000 0  0.0010701
-999.0000000  915.0000000 -0.0000211  0.0000001 0.0000000 0  0.0015611
-999.0000000  890.0000000 -0.0000302  0.0000001 0.0000000 0  0.0019602
-999.0000000  865.0000000 -0.0000387  0.0000001 0.0000000 0  0.0022597
-999.0000000  840.0000000 -0.0000460  0.0000001 0.0000000 0  0.0023653
-999.0000000  815.0000000 -0.0000439  0.0000001 0.0000000 0  0.0020610
-999.0000000  790.0000000 -0.0000331  0.0000001 0.0000000 0  0.0010689
-999.0000000  765.0000000 -0.0000207  0.0000000 0.0000000 0 -0.0007035
-999.0000000  740.0000000 -0.0000110  0.0000000 0.0000000 0 -0.0030328
-999.0000000  715.0000000 -0.0000042 -0.0000000 0.0000000 0 -0.0055700
-999.0000000  690.0000000  0.0000002 -0.0000000 0.0000000 0 -0.0079355
-999.0000000  665.0000000  0.0000030 -0.0000000 0.0000000 0 -0.0096411
-999.0000000  640.0000000  0.0000062 -0.0000000 0.0000000 0 -0.0103628
-999.0000000  615.0000000  0.0000103 -0.0000000 0.0000000 0 -0.0100906
-999.0000000  590.0000000  0.0000112 -0.0000000 0.0000000 0 -0.0089921
-999.0000000  565.0000000  0.0000080 -0.0000000 0.0000000 0 -0.0073980
-999.0000000  540.0000000  0.0000038 -0.0000000 0.0000000 0 -0.0055569
-999.0000000  515.0000000 -0.0000003 -0.0000000 0.0000000 0 -0.0035639
-999.0000000  490.0000000 -0.0000039 -0.0000000 0.0000000 0 -0.0016032
-999.0000000  465.0000000 -0.0000073 -0.0000000 0.0000000 0 -0.0000055
-999.0000000  440.0000000 -0.0000083 -0.0000000 0.0000000 0  0.0009474
-999.0000000  415.0000000 -0.0000040 -0.0000000 0.0000000 0  0.0010868
-999.0000000  390.0000000  0.0000029 -0.0000000 0.0000000 0  0.0001868
-999.0000000  365.0000000  0.0000063 -0.0000000 0.0000000 0 -0.0019335
-999.0000000  340.0000000  0.0000025 -0.0000000 0.0000000 0 -0.0046974
-999.0000000  315.0000000  0.0000021  0.0000000 0.0000000 0 -0.0066798
-999.0000000  290.0000000  0.0000098  0.0000000 0.0000000 0 -0.0070557
-999.0000000  265.0000000  0.0000153  0.0000000 0.0000000 0 -0.0064966
-999.0000000  240.0000000  0.0000160 -0.0000000 0.0000000 0 -0.0068895
-999.0000000  215.0000000  0.0000153 -0.0000000 0.0000000 0 -0.0102740
-999.0000000  190.0000000  0.0000163 -0.0000000 0.0000000 0 -0.0156030
-999.0000000  165.0000000  0.0000156 -0.0000000 0.0000000 0 -0.0169576
-999.0000000  140.0000000  0.0000052 -0.0000000 0.0000000 0 -0.0118983
-999.0000000  115.0000000 -0.0000014  0.0000000 0.0000000 0 -0.0050838
-999.0000000   90.0000000  0.0000010 -0.0000000 0.0000000 0 -0.0000001
-999.0000000   65.0000000  0.0000013 -0.0000000 0.0000000 0 -0.0000000
-999.0000000   40.0000000  0.0000020 -0.0000000 0.0000000 0 -0.0000000
-999.0000000   15.0000000  0.0000095 -0.0000000 0.0000000 0 -0.0000000
 256.375  45   1003.16  day,levels,pres0
-999.0000000 1115.0000000 -0.0000157  0.0000000 0.0000000 0  0.0005111
-999.0000000 1090.0000000 -0.0000157  0.0000000 0.0000000 0  0.0005228
-999.0000000 1065.0000000 -0.0000157  0.0000000 0.0000000 0  0.0005351
-999.0000000 1040.0000000 -0.0000157  0.0000000 0.0000000 0  0.0005479
-999.0000000 1015.0000000 -0.0000157  0.0000000 0.0000000 0  0.0005614
-999.0000000  990.0000000 -0.0000157  0.0000000 0.0000000 0  0.0005756
-999.0000000  965.0000000 -0.0000397  0.0000000 0.0000000 0  0.0018172
-999.0000000  940.0000000 -0.0000382  0.0000000 0.0000000 0  0.0032796
-999.0000000  915.0000000 -0.0000323  0.0000000 0.0000000 0  0.0048715
-999.0000000  890.0000000 -0.0000250  0.0000000 0.0000000 0  0.0064333
-999.0000000  865.0000000 -0.0000187  0.0000000 0.0000000 0  0.0076987
-999.0000000  840.0000000 -0.0000163  0.0000000 0.0000000 0  0.0084220
-999.0000000  815.0000000 -0.0000136 -0.0000000 0.0000000 0  0.0085298
-999.0000000  790.0000000 -0.0000131 -0.0000000 0.0000000 0  0.0080119
-999.0000000  765.0000000 -0.0000143  0.0000000 0.0000000 0  0.0068589
-999.0000000  740.0000000 -0.0000126  0.0000000 0.0000000 0  0.0051221
-999.0000000  715.0000000 -0.0000083 -0.0000000 0.0000000 0  0.0028888
-999.0000000  690.0000000 -0.0000055 -0.0000000 0.0000000 0  0.0003661
-999.0000000  665.0000000 -0.0000045 -0.0000000 0.0000000 0 -0.0020494
-999.0000000  640.0000000 -0.0000036 -0.0000000 0.0000000 0 -0.0041132
-999.0000000  615.0000000 -0.0000021 -0.0000000 0.0000000 0 -0.0058524
-999.0000000  590.0000000 -0.0000009 -0.0000000 0.0000000 0 -0.0072968
-999.0000000  565.0000000 -0.0000005 -0.0000000 0.0000000 0 -0.0084335
-999.0000000  540.0000000 -0.0000010 -0.0000000 0.0000000 0 -0.0092396
-999.0000000  515.0000000 -0.0000024 -0.0000000 0.0000000 0 -0.0097249
-999.0000000  490.0000000 -0.0000050 -0.0000000 0.0000000 0 -0.0100622
-999.0000000  465.0000000 -0.0000092 -0.0000000 0.0000000 0 -0.0105875
-999.0000000  440.0000000 -0.0000122 -0.0000000 0.0000000 0 -0.0114973
-999.0000000  415.0000000 -0.0000110 -0.0000000 0.0000000 0 -0.0127804
-999.0000000  390.0000000 -0.0000055 -0.0000000 0.0000000 0 -0.0146344
-999.0000000  365.0000000 -0.0000008 -0.0000000 0.0000000 0 -0.0174281
-999.0000000  340.0000000 -0.0000036 -0.0000000 0.0000000 0 -0.0205701
-999.0000000  315.0000000 -0.0000057  0.0000000 0.0000000 0 -0.0223018
-999.0000000  290.0000000 -0.0000009  0.0000000 0.0000000 0 -0.0217649
-999.0000000  265.0000000  0.0000044  0.0000000 0.0000000 0 -0.0200067
-999.0000000  240.0000000  0.0000076  0.0000000 0.0000000 0 -0.0187767
-999.0000000  215.0000000  0.0000092  0.0000000 0.0000000 0 -0.0189881
-999.0000000  190.0000000  0.0000090  0.0000000 0.0000000 0 -0.0191140
-999.0000000  165.0000000  0.0000055  0.0000000 0.0000000 0 -0.0156583
-999.0000000  140.0000000 -0.0000021  0.0000000 0.0000000 0 -0.0081834
-999.0000000  115.0000000 -0.0000086 -0.0000000 0.0000000 0 -0.0019493
-999.0000000   90.0000000 -0.0000059  0.0000000 0.0000000 0  0.0000010
-999.0000000   65.0000000 -0.0000028 -0.0000000 0.0000000 0 -0.0000000
-999.0000000   40.0000000  0.0000000 -0.0000000 0.0000000 0 -0.0000000
-999.0000000   15.0000000  0.0000061 -0.0000000 0.0000000 0 -0.0000000
 256.500  45   1005.58  day,levels,pres0
-999.0000000 1115.0000000 -0.0000075  0.0000000 0.0000000 0  0.0012291
-999.0000000 1090.0000000 -0.0000075  0.0000000 0.0000000 0  0.0012573
-999.0000000 1065.0000000 -0.0000075  0.0000000 0.0000000 0  0.0012868
-999.0000000 1040.0000000 -0.0000075  0.0000000 0.0000000 0  0.0013177
-999.0000000 1015.0000000 -0.0000075  0.0000000 0.0000000 0  0.0013502
-999.0000000  990.0000000 -0.0000075  0.0000000 0.0000000 0  0.0013843
-999.0000000  965.0000000 -0.0000428  0.0000000 0.0000000 0  0.0036380
-999.0000000  940.0000000 -0.0000438  0.0000000 0.0000000 0  0.0061429
-999.0000000  915.0000000 -0.0000262  0.0000000 0.0000000 0  0.0090435
-999.0000000  890.0000000 -0.0000008 -0.0000000 0.0000000 0  0.0119964
-999.0000000  865.0000000  0.0000192 -0.0000000 0.0000000 0  0.0143993
-999.0000000  840.0000000  0.0000285 -0.0000001 0.0000000 0  0.0158262
-999.0000000  815.0000000  0.0000296 -0.0000001 0.0000000 0  0.0163879
-999.0000000  790.0000000  0.0000192 -0.0000000 0.0000000 0  0.0163741
-999.0000000  765.0000000  0.0000049 -0.0000000 0.0000000 0  0.0158226
-999.0000000  740.0000000 -0.0000015  0.0000000 0.0000000 0  0.0145416
-999.0000000  715.0000000 -0.0000002 -0.0000000 0.0000000 0  0.0123135
-999.0000000  690.0000000  0.0000005 -0.0000000 0.0000000 0  0.0091886
-999.0000000  665.0000000 -0.0000006 -0.0000000 0.0000000 0  0.0055427
-999.0000000  640.0000000 -0.0000025 -0.0000000 0.0000000 0  0.0015824
-999.0000000  615.0000000 -0.0000041  0.0000000 0.0000000 0 -0.0027539
-999.0000000  590.0000000 -0.0000031 -0.0000000 0.0000000 0 -0.0073626
-999.0000000  565.0000000  0.0000007 -0.0000000 0.0000000 0 -0.0119065
-999.0000000  540.0000000  0.0000042 -0.0000000 0.0000000 0 -0.0160886
-999.0000000  515.0000000  0.0000063 -0.0000000 0.0000000 0 -0.0198019
-999.0000000  490.0000000  0.0000056 -0.0000000 0.0000000 0 -0.0231848
-999.0000000  465.0000000  0.0000011 -0.0000000 0.0000000 0 -0.0265644
-999.0000000  440.0000000 -0.0000045 -0.0000000 0.0000000 0 -0.0300502
-999.0000000  415.0000000 -0.0000080 -0.0000000 0.0000000 0 -0.0334579
-999.0000000  390.0000000 -0.0000050 -0.0000000 0.0000000 0 -0.0369252
-999.0000000  365.0000000  0.0000006 -0.0000000 0.0000000 0 -0.0409413
-999.0000000  340.0000000 -0.0000016 -0.0000000 0.0000000 0 -0.0448323
-999.0000000  315.0000000 -0.0000050 -0.0000000 0.0000000 0 -0.0464723
-999.0000000  290.0000000 -0.0000025  0.0000000 0.0000000 0 -0.0450115
-999.0000000  265.0000000  0.0000023  0.0000000 0.0000000 0 -0.0419224
-999.0000000  240.0000000  0.0000071  0.0000000 0.0000000 0 -0.0387925
-999.0000000  215.0000000  0.0000102  0.0000000 0.0000000 0 -0.0353121
-999.0000000  190.0000000  0.0000086  0.0000000 0.0000000 0 -0.0293025
-999.0000000  165.0000000  0.0000034  0.0000000 0.0000000 0 -0.0194777
-999.0000000  140.0000000 -0.0000005  0.0000000 0.0000000 0 -0.0071474
-999.0000000  115.0000000 -0.0000061 -0.0000000 0.0000000 0  0.0005744
-999.0000000   90.0000000 -0.0000047  0.0000000 0.0000000 0 -0.0000002
-999.0000000   65.0000000 -0.0000015 -0.0000000 0.0000000 0 -0.0000000
-999.0000000   40.0000000 -0.0000003 -0.0000000 0.0000000 0 -0.0000000
-999.0000000   15.0000000  0.0000006 -0.0000000 0.0000000 0 -0.0000000
 256.625  45   1005.17  day,levels,pres0
-999.0000000 1115.0000000  0.0000167  0.0000000 0.0000000 0  0.0005291
-999.0000000 1090.0000000  0.0000167  0.0000000 0.0000000 0  0.0005412
-999.0000000 1065.0000000  0.0000167  0.0000000 0.0000000 0  0.0005540
-999.0000000 1040.0000000  0.0000167  0.0000000 0.0000000 0  0.0005673
-999.0000000 1015.0000000  0.0000167  0.0000000 0.0000000 0  0.0005812
-999.0000000  990.0000000  0.0000167  0.0000000 0.0000000 0  0.0005959
-999.0000000  965.0000000  0.0000004  0.0000000 0.0000000 0  0.0017452
-999.0000000  940.0000000 -0.0000035  0.0000000 0.0000000 0  0.0030050
-999.0000000  915.0000000 -0.0000007  0.0000000 0.0000000 0  0.0041701
-999.0000000  890.0000000  0.0000038 -0.0000000 0.0000000 0  0.0050554
-999.0000000  865.0000000  0.0000125 -0.0000000 0.0000000 0  0.0054463
-999.0000000  840.0000000  0.0000193 -0.0000001 0.0000000 0  0.0052172
-999.0000000  815.0000000  0.0000207 -0.0000001 0.0000000 0  0.0045185
-999.0000000  790.0000000  0.0000163 -0.0000001 0.0000000 0  0.0036834
-999.0000000  765.0000000  0.0000096 -0.0000000 0.0000000 0  0.0028620
-999.0000000  740.0000000  0.0000047 -0.0000000 0.0000000 0  0.0019550
-999.0000000  715.0000000  0.0000021 -0.0000000 0.0000000 0  0.0007734
-999.0000000  690.0000000 -0.0000004  0.0000000 0.0000000 0 -0.0007143
-999.0000000  665.0000000 -0.0000033  0.0000000 0.0000000 0 -0.0023397
-999.0000000  640.0000000 -0.0000056  0.0000000 0.0000000 0 -0.0039843
-999.0000000  615.0000000 -0.0000071  0.0000000 0.0000000 0 -0.0056439
-999.0000000  590.0000000 -0.0000063  0.0000000 0.0000000 0 -0.0072805
-999.0000000  565.0000000 -0.0000029 -0.0000000 0.0000000 0 -0.0087921
-999.0000000  540.0000000 -0.0000001 -0.0000000 0.0000000 0 -0.0101412
-999.0000000  515.0000000  0.0000008 -0.0000000 0.0000000 0 -0.0114061
-999.0000000  490.0000000 -0.0000016 -0.0000000 0.0000000 0 -0.0126430
-999.0000000  465.0000000 -0.0000082 -0.0000000 0.0000000 0 -0.0137991
-999.0000000  440.0000000 -0.0000155 -0.0000000 0.0000000 0 -0.0146608
-999.0000000  415.0000000 -0.0000198 -0.0000000 0.0000000 0 -0.0149322
-999.0000000  390.0000000 -0.0000166 -0.0000000 0.0000000 0 -0.0147867
-999.0000000  365.0000000 -0.0000089 -0.0000000 0.0000000 0 -0.0149524
-999.0000000  340.0000000 -0.0000049 -0.0000000 0.0000000 0 -0.0156429
-999.0000000  315.0000000 -0.0000033 -0.0000000 0.0000000 0 -0.0161732
-999.0000000  290.0000000 -0.0000007  0.0000000 0.0000000 0 -0.0160107
-999.0000000  265.0000000  0.0000027  0.0000000 0.0000000 0 -0.0152991
-999.0000000  240.0000000  0.0000059  0.0000000 0.0000000 0 -0.0143052
-999.0000000  215.0000000  0.0000075  0.0000000 0.0000000 0 -0.0126941
-999.0000000  190.0000000  0.0000062  0.0000000 0.0000000 0 -0.0095709
-999.0000000  165.0000000  0.0000021  0.0000000 0.0000000 0 -0.0049691
-999.0000000  140.0000000 -0.0000006  0.0000000 0.0000000 0  0.0000524
-999.0000000  115.0000000 -0.0000068 -0.0000000 0.0000000 0  0.0021621
-999.0000000   90.0000000 -0.0000048  0.0000000 0.0000000 0  0.0000009
-999.0000000   65.0000000 -0.0000003 -0.0000000 0.0000000 0 -0.0000000
-999.0000000   40.0000000 -0.0000006 -0.0000000 0.0000000 0 -0.0000000
-999.0000000   15.0000000 -0.0000048 -0.0000000 0.0000000 0 -0.0000000
 256.750  45   1002.44  day,levels,pres0
-999.0000000 1115.0000000  0.0000161  0.0000000 0.0000000 0  0.0003272
-999.0000000 1090.0000000  0.0000161  0.0000000 0.0000000 0  0.0003347
-999.0000000 1065.0000000  0.0000161  0.0000000 0.0000000 0  0.0003426
-999.0000000 1040.0000000  0.0000161  0.0000000 0.0000000 0  0.0003508
-999.0000000 1015.0000000  0.0000161  0.0000000 0.0000000 0  0.0003595
-999.0000000  990.0000000  0.0000161  0.0000000 0.0000000 0  0.0003685
-999.0000000  965.0000000  0.0000130  0.0000000 0.0000000 0  0.0012004
-999.0000000  940.0000000  0.0000075  0.0000000 0.0000000 0  0.0016366
-999.0000000  915.0000000  0.0000011 -0.0000000 0.0000000 0  0.0011152
-999.0000000  890.0000000 -0.0000074 -0.0000000 0.0000000 0 -0.0001820
-999.0000000  865.0000000 -0.0000083 -0.0000000 0.0000000 0 -0.0018202
-999.0000000  840.0000000 -0.0000045 -0.0000001 0.0000000 0 -0.0033994
-999.0000000  815.0000000 -0.0000023 -0.0000001 0.0000000 0 -0.0045896
-999.0000000  790.0000000 -0.0000011 -0.0000000 0.0000000 0 -0.0050865
-999.0000000  765.0000000 -0.0000015 -0.0000000 0.0000000 0 -0.0048938
-999.0000000  740.0000000 -0.0000044 -0.0000000 0.0000000 0 -0.0042728
-999.0000000  715.0000000 -0.0000094 -0.0000000 0.0000000 0 -0.0034698
-999.0000000  690.0000000 -0.0000141  0.0000000 0.0000000 0 -0.0025207
-999.0000000  665.0000000 -0.0000183  0.0000000 0.0000000 0 -0.0012689
-999.0000000  640.0000000 -0.0000206  0.0000000 0.0000000 0  0.0004754
-999.0000000  615.0000000 -0.0000209  0.0000000 0.0000000 0  0.0028738
-999.0000000  590.0000000 -0.0000199  0.0000000 0.0000000 0  0.0058969
-999.0000000  565.0000000 -0.0000177  0.0000000 0.0000000 0  0.0092743
-999.0000000  540.0000000 -0.0000173 -0.0000000 0.0000000 0  0.0126939
-999.0000000  515.0000000 -0.0000203 -0.0000000 0.0000000 0  0.0158962
-999.0000000  490.0000000 -0.0000267 -0.0000000 0.0000000 0  0.0188958
-999.0000000  465.0000000 -0.0000365 -0.0000000 0.0000000 0  0.0220452
-999.0000000  440.0000000 -0.0000449 -0.0000000 0.0000000 0  0.0257175
-999.0000000  415.0000000 -0.0000475 -0.0000000 0.0000000 0  0.0300719
-999.0000000  390.0000000 -0.0000408 -0.0000000 0.0000000 0  0.0347443
-999.0000000  365.0000000 -0.0000271 -0.0000000 0.0000000 0  0.0387518
-999.0000000  340.0000000 -0.0000134 -0.0000000 0.0000000 0  0.0410553
-999.0000000  315.0000000 -0.0000039 -0.0000000 0.0000000 0  0.0410398
-999.0000000  290.0000000  0.0000008  0.0000000 0.0000000 0  0.0389658
-999.0000000  265.0000000  0.0000036  0.0000000 0.0000000 0  0.0359459
-999.0000000  240.0000000  0.0000064  0.0000000 0.0000000 0  0.0329205
-999.0000000  215.0000000  0.0000079  0.0000000 0.0000000 0  0.0300989
-999.0000000  190.0000000  0.0000074  0.0000000 0.0000000 0  0.0270033
-999.0000000  165.0000000  0.0000042  0.0000000 0.0000000 0  0.0221477
-999.0000000  140.0000000  0.0000012  0.0000000 0.0000000 0  0.0139299
-999.0000000  115.0000000 -0.0000088  0.0000000 0.0000000 0  0.0053420
-999.0000000   90.0000000 -0.0000077  0.0000000 0.0000000 0 -0.0000009
-999.0000000   65.0000000 -0.0000021 -0.0000000 0.0000000 0 -0.0000000
-999.0000000   40.0000000 -0.0000034 -0.0000000 0.0000000 0 -0.0000000
-999.0000000   15.0000000 -0.0000075 -0.0000000 0.0000000 0 -0.0000000
 256.875  45   1002.47  day,levels,pres0
-999.0000000 1115.0000000  0.0000004  0.0000000 0.0000000 0  0.0005469
-999.0000000 1090.0000000  0.0000004  0.0000000 0.0000000 0  0.0005595
-999.0000000 1065.0000000  0.0000004  0.0000000 0.0000000 0  0.0005726
-999.0000000 1040.0000000  0.0000004  0.0000000 0.0000000 0  0.0005864
-999.0000000 1015.0000000  0.0000004  0.0000000 0.0000000 0  0.0006008
-999.0000000  990.0000000  0.0000004  0.0000000 0.0000000 0  0.0006160
-999.0000000  965.0000000  0.0000005  0.0000000 0.0000000 0  0.0021017
-999.0000000  940.0000000 -0.0000044  0.0000000 0.0000000 0  0.0036198
-999.0000000  915.0000000 -0.0000135 -0.0000000 0.0000000 0  0.0046924
-999.0000000  890.0000000 -0.0000183 -0.0000000 0.0000000 0  0.0053846
-999.0000000  865.0000000 -0.0000117 -0.0000001 0.0000000 0  0.0059013
-999.0000000  840.0000000 -0.0000039 -0.0000001 0.0000000 0  0.0063576
-999.0000000  815.0000000 -0.0000032 -0.0000001 0.0000000 0  0.0068033
-999.0000000  790.0000000 -0.0000060 -0.0000001 0.0000000 0  0.0073463
-999.0000000  765.0000000 -0.0000099 -0.0000000 0.0000000 0  0.0079950
-999.0000000  740.0000000 -0.0000146 -0.0000000 0.0000000 0  0.0086314
-999.0000000  715.0000000 -0.0000199 -0.0000000 0.0000000 0  0.0091413
-999.0000000  690.0000000 -0.0000245 -0.0000000 0.0000000 0  0.0095447
-999.0000000  665.0000000 -0.0000277  0.0000000 0.0000000 0  0.0100124
-999.0000000  640.0000000 -0.0000287  0.0000000 0.0000000 0  0.0107416
-999.0000000  615.0000000 -0.0000269 -0.0000000 0.0000000 0  0.0119122
-999.0000000  590.0000000 -0.0000235 -0.0000000 0.0000000 0  0.0135912
-999.0000000  565.0000000 -0.0000190 -0.0000000 0.0000000 0  0.0156683
-999.0000000  540.0000000 -0.0000163 -0.0000000 0.0000000 0  0.0179619
-999.0000000  515.0000000 -0.0000172 -0.0000000 0.0000000 0  0.0202949
-999.0000000  490.0000000 -0.0000210 -0.0000000 0.0000000 0  0.0226849
-999.0000000  465.0000000 -0.0000272 -0.0000000 0.0000000 0  0.0254118
-999.0000000  440.0000000 -0.0000328 -0.0000000 0.0000000 0  0.0288021
-999.0000000  415.0000000 -0.0000353 -0.0000000 0.0000000 0  0.0330473
-999.0000000  390.0000000 -0.0000322 -0.0000000 0.0000000 0  0.0379409
-999.0000000  365.0000000 -0.0000243 -0.0000000 0.0000000 0  0.0427516
-999.0000000  340.0000000 -0.0000144 -0.0000000 0.0000000 0  0.0465352
-999.0000000  315.0000000 -0.0000056 -0.0000000 0.0000000 0  0.0484333
-999.0000000  290.0000000  0.0000004 -0.0000000 0.0000000 0  0.0480674
-999.0000000  265.0000000  0.0000055  0.0000000 0.0000000 0  0.0457158
-999.0000000  240.0000000  0.0000104  0.0000000 0.0000000 0  0.0420029
-999.0000000  215.0000000  0.0000130  0.0000000 0.0000000 0  0.0374690
-999.0000000  190.0000000  0.0000115  0.0000000 0.0000000 0  0.0317355
-999.0000000  165.0000000  0.0000076  0.0000000 0.0000000 0  0.0232665
-999.0000000  140.0000000  0.0000041  0.0000000 0.0000000 0  0.0119943
-999.0000000  115.0000000 -0.0000079 -0.0000000 0.0000000 0  0.0031954
-999.0000000   90.0000000 -0.0000094  0.0000000 0.0000000 0  0.0000009
-999.0000000   65.0000000 -0.0000039 -0.0000000 0.0000000 0 -0.0000000
-999.0000000   40.0000000 -0.0000062 -0.0000000 0.0000000 0 -0.0000000
-999.0000000   15.0000000 -0.0000102 -0.0000000 0.0000000 0 -0.0000000
 257.000  45   1005.00  day,levels,pres0
-999.0000000 1115.0000000  0.0000047  0.0000000 0.0000000 0  0.0008021
-999.0000000 1090.0000000  0.0000047  0.0000000 0.0000000 0  0.0008205
-999.0000000 1065.0000000  0.0000047  0.0000000 0.0000000 0  0.0008397
-999.0000000 1040.0000000  0.0000047  0.0000000 0.0000000 0  0.0008599
-999.0000000 1015.0000000  0.0000047  0.0000000 0.0000000 0  0.0008811
-999.0000000  990.0000000  0.0000047  0.0000000 0.0000000 0  0.0009033
-999.0000000  965.0000000  0.0000084  0.0000000 0.0000000 0  0.0030468
-999.0000000  940.0000000  0.0000047  0.0000000 0.0000000 0  0.0058787
-999.0000000  915.0000000 -0.0000066 -0.0000000 0.0000000 0  0.0087386
-999.0000000  890.0000000 -0.0000041 -0.0000000 0.0000000 0  0.0111638
-999.0000000  865.0000000  0.0000120 -0.0000001 0.0000000 0  0.0129456
-999.0000000  840.0000000  0.0000241 -0.0000001 0.0000000 0  0.0139208
-999.0000000  815.0000000  0.0000226 -0.0000001 0.0000000 0  0.0140042
-999.0000000  790.0000000  0.0000145 -0.0000001 0.0000000 0  0.0133382
-999.0000000  765.0000000  0.0000052 -0.0000000 0.0000000 0  0.0121217
-999.0000000  740.0000000 -0.0000029 -0.0000000 0.0000000 0  0.0104488
-999.0000000  715.0000000 -0.0000094 -0.0000000 0.0000000 0  0.0083428
-999.0000000  690.0000000 -0.0000139 -0.0000000 0.0000000 0  0.0058327
-999.0000000  665.0000000 -0.0000163 -0.0000000 0.0000000 0  0.0030073
-999.0000000  640.0000000 -0.0000159 -0.0000000 0.0000000 0 -0.0000007
-999.0000000  615.0000000 -0.0000123 -0.0000000 0.0000000 0 -0.0030176
-999.0000000  590.0000000 -0.0000073 -0.0000000 0.0000000 0 -0.0058803
-999.0000000  565.0000000 -0.0000014 -0.0000000 0.0000000 0 -0.0084809
-999.0000000  540.0000000  0.0000027 -0.0000000 0.0000000 0 -0.0107891
-999.0000000  515.0000000  0.0000036 -0.0000000 0.0000000 0 -0.0128590
-999.0000000  490.0000000  0.0000026 -0.0000000 0.0000000 0 -0.0146387
-999.0000000  465.0000000  0.0000007 -0.0000000 0.0000000 0 -0.0158746
-999.0000000  440.0000000 -0.0000009 -0.0000000 0.0000000 0 -0.0162295
-999.0000000  415.0000000 -0.0000014 -0.0000000 0.0000000 0 -0.0153626
-999.0000000  390.0000000 -0.0000009 -0.0000000 0.0000000 0 -0.0131640
-999.0000000  365.0000000 -0.0000003 -0.0000000 0.0000000 0 -0.0099315
-999.0000000  340.0000000  0.0000002 -0.0000000 0.0000000 0 -0.0063374
-999.0000000  315.0000000  0.0000001 -0.0000000 0.0000000 0 -0.0033372
-999.0000000  290.0000000  0.0000002 -0.0000000 0.0000000 0 -0.0018266
-999.0000000  265.0000000  0.0000033  0.0000000 0.0000000 0 -0.0021525
-999.0000000  240.0000000  0.0000098  0.0000000 0.0000000 0 -0.0036554
-999.0000000  215.0000000  0.0000144  0.0000000 0.0000000 0 -0.0051005
-999.0000000  190.0000000  0.0000130  0.0000000 0.0000000 0 -0.0063406
-999.0000000  165.0000000  0.0000087  0.0000000 0.0000000 0 -0.0080456
-999.0000000  140.0000000  0.0000049  0.0000000 0.0000000 0 -0.0067639
-999.0000000  115.0000000 -0.0000062 -0.0000000 0.0000000 0 -0.0026580
-999.0000000   90.0000000 -0.0000094 -0.0000000 0.0000000 0  0.0000026
-999.0000000   65.0000000 -0.0000029 -0.0000000 0.0000000 0 -0.0000000
-999.0000000   40.0000000 -0.0000043 -0.0000000 0.0000000 0 -0.0000000
-999.0000000   15.0000000 -0.0000037 -0.0000000 0.0000000 0 -0.0000000
 257.125  45   1005.78  day,levels,pres0
-999.0000000 1115.0000000  0.0000071  0.0000000 0.0000000 0  0.0008128
-999.0000000 1090.0000000  0.0000071  0.0000000 0.0000000 0  0.0008314
-999.0000000 1065.0000000  0.0000071  0.0000000 0.0000000 0  0.0008510
-999.0000000 1040.0000000  0.0000071  0.0000000 0.0000000 0  0.0008714
-999.0000000 1015.0000000  0.0000071  0.0000000 0.0000000 0  0.0008929
-999.0000000  990.0000000  0.0000071  0.0000000 0.0000000 0  0.0009154
-999.0000000  965.0000000  0.0000115  0.0000000 0.0000000 0  0.0028153
-999.0000000  940.0000000  0.0000104  0.0000000 0.0000000 0  0.0049146
-999.0000000  915.0000000  0.0000042 -0.0000000 0.0000000 0  0.0066441
-999.0000000  890.0000000  0.0000030 -0.0000000 0.0000000 0  0.0079135
-999.0000000  865.0000000  0.0000033 -0.0000000 0.0000000 0  0.0087549
-999.0000000  840.0000000  0.0000034 -0.0000000 0.0000000 0  0.0091045
-999.0000000  815.0000000  0.0000099 -0.0000001 0.0000000 0  0.0087965
-999.0000000  790.0000000  0.0000143 -0.0000001 0.0000000 0  0.0077350
-999.0000000  765.0000000  0.0000114 -0.0000000 0.0000000 0  0.0060383
-999.0000000  740.0000000  0.0000037 -0.0000000 0.0000000 0  0.0039270
-999.0000000  715.0000000 -0.0000045 -0.0000000 0.0000000 0  0.0015482
-999.0000000  690.0000000 -0.0000095 -0.0000000 0.0000000 0 -0.0010378
-999.0000000  665.0000000 -0.0000105 -0.0000000 0.0000000 0 -0.0038023
-999.0000000  640.0000000 -0.0000086 -0.0000000 0.0000000 0 -0.0067014
-999.0000000  615.0000000 -0.0000038 -0.0000000 0.0000000 0 -0.0096714
-999.0000000  590.0000000  0.0000009 -0.0000000 0.0000000 0 -0.0126880
-999.0000000  565.0000000  0.0000051 -0.0000000 0.0000000 0 -0.0157599
-999.0000000  540.0000000  0.0000079 -0.0000000 0.0000000 0 -0.0188177
-999.0000000  515.0000000  0.0000083 -0.0000000 0.0000000 0 -0.0216762
-999.0000000  490.0000000  0.0000057 -0.0000000 0.0000000 0 -0.0240511
-999.0000000  465.0000000  0.0000005 -0.0000000 0.0000000 0 -0.0255762
-999.0000000  440.0000000 -0.0000044 -0.0000000 0.0000000 0 -0.0259818
-999.0000000  415.0000000 -0.0000063 -0.0000000 0.0000000 0 -0.0251803
-999.0000000  390.0000000 -0.0000039 -0.0000000 0.0000000 0 -0.0232792
-999.0000000  365.0000000  0.0000003 -0.0000000 0.0000000 0 -0.0206111
-999.0000000  340.0000000  0.0000014 -0.0000000 0.0000000 0 -0.0176578
-999.0000000  315.0000000  0.0000003 -0.0000000 0.0000000 0 -0.0150019
-999.0000000  290.0000000 -0.0000000 -0.0000000 0.0000000 0 -0.0132604
-999.0000000  265.0000000  0.0000027  0.0000000 0.0000000 0 -0.0127952
-999.0000000  240.0000000  0.0000077  0.0000000 0.0000000 0 -0.0132320
-999.0000000  215.0000000  0.0000109  0.0000000 0.0000000 0 -0.0135493
-999.0000000  190.0000000  0.0000102  0.0000000 0.0000000 0 -0.0129599
-999.0000000  165.0000000  0.0000081  0.0000000 0.0000000 0 -0.0112838
-999.0000000  140.0000000  0.0000049  0.0000000 0.0000000 0 -0.0070096
-999.0000000  115.0000000 -0.0000036 -0.0000000 0.0000000 0 -0.0021819
-999.0000000   90.0000000 -0.0000062 -0.0000000 0.0000000 0 -0.0000016
-999.0000000   65.0000000 -0.0000019 -0.0000000 0.0000000 0 -0.0000000
-999.0000000   40.0000000 -0.0000025 -0.0000000 0.0000000 0 -0.0000000
-999.0000000   15.0000000  0.0000027 -0.0000000 0.0000000 0 -0.0000000
 257.250  45   1004.62  day,levels,pres0
-999.0000000 1115.0000000 -0.0000008  0.0000000 0.0000000 0  0.0009101
-999.0000000 1090.0000000 -0.0000008  0.0000000 0.0000000 0  0.0009309
-999.0000000 1065.0000000 -0.0000008  0.0000000 0.0000000 0  0.0009528
-999.0000000 1040.0000000 -0.0000008  0.0000000 0.0000000 0  0.0009757
-999.0000000 1015.0000000 -0.0000008  0.0000000 0.0000000 0  0.0009997
-999.0000000  990.0000000 -0.0000008  0.0000000 0.0000000 0  0.0010250
-999.0000000  965.0000000  0.0000043  0.0000000 0.0000000 0  0.0029746
-999.0000000  940.0000000  0.0000058  0.0000000 0.0000000 0  0.0046235
-999.0000000  915.0000000  0.0000046 -0.0000000 0.0000000 0  0.0055017
-999.0000000  890.0000000 -0.0000003 -0.0000000 0.0000000 0  0.0058787
-999.0000000  865.0000000 -0.0000185  0.0000000 0.0000000 0  0.0060481
-999.0000000  840.0000000 -0.0000344  0.0000000 0.0000000 0  0.0061147
-999.0000000  815.0000000 -0.0000191 -0.0000000 0.0000000 0  0.0059124
-999.0000000  790.0000000  0.0000017 -0.0000001 0.0000000 0  0.0050578
-999.0000000  765.0000000  0.0000075 -0.0000001 0.0000000 0  0.0034313
-999.0000000  740.0000000  0.0000006 -0.0000000 0.0000000 0  0.0013160
-999.0000000  715.0000000 -0.0000096 -0.0000000 0.0000000 0 -0.0009599
-999.0000000  690.0000000 -0.0000152 -0.0000000 0.0000000 0 -0.0032352
-999.0000000  665.0000000 -0.0000146 -0.0000000 0.0000000 0 -0.0054793
-999.0000000  640.0000000 -0.0000105 -0.0000000 0.0000000 0 -0.0077215
-999.0000000  615.0000000 -0.0000042 -0.0000000 0.0000000 0 -0.0100598
-999.0000000  590.0000000  0.0000002 -0.0000000 0.0000000 0 -0.0126349
-999.0000000  565.0000000  0.0000025 -0.0000000 0.0000000 0 -0.0155736
-999.0000000  540.0000000  0.0000038 -0.0000000 0.0000000 0 -0.0187668
-999.0000000  515.0000000  0.0000037 -0.0000000 0.0000000 0 -0.0217747
-999.0000000  490.0000000 -0.0000008 -0.0000000 0.0000000 0 -0.0240930
-999.0000000  465.0000000 -0.0000105 -0.0000000 0.0000000 0 -0.0252893
-999.0000000  440.0000000 -0.0000190 -0.0000000 0.0000000 0 -0.0251964
-999.0000000  415.0000000 -0.0000211 -0.0000000 0.0000000 0 -0.0240088
-999.0000000  390.0000000 -0.0000149 -0.0000000 0.0000000 0 -0.0220702
-999.0000000  365.0000000 -0.0000059 -0.0000000 0.0000000 0 -0.0197571
-999.0000000  340.0000000 -0.0000033 -0.0000000 0.0000000 0 -0.0173640
-999.0000000  315.0000000 -0.0000046 -0.0000000 0.0000000 0 -0.0150991
-999.0000000  290.0000000 -0.0000043 -0.0000000 0.0000000 0 -0.0133291
-999.0000000  265.0000000 -0.0000013  0.0000000 0.0000000 0 -0.0125086
-999.0000000  240.0000000  0.0000026  0.0000000 0.0000000 0 -0.0126392
-999.0000000  215.0000000  0.0000044  0.0000000 0.0000000 0 -0.0129627
-999.0000000  190.0000000  0.0000045  0.0000000 0.0000000 0 -0.0120654
-999.0000000  165.0000000  0.0000048  0.0000000 0.0000000 0 -0.0089877
-999.0000000  140.0000000  0.0000010  0.0000000 0.0000000 0 -0.0044497
-999.0000000  115.0000000 -0.0000060  0.0000000 0.0000000 0 -0.0011064
-999.0000000   90.0000000 -0.0000074 -0.0000000 0.0000000 0  0.0000011
-999.0000000   65.0000000 -0.0000031 -0.0000000 0.0000000 0 -0.0000000
-999.0000000   40.0000000 -0.0000018 -0.0000000 0.0000000 0 -0.0000000
-999.0000000   15.0000000  0.0000068 -0.0000000 0.0000000 0 -0.0000000
 257.375  45   1004.77  day,levels,pres0
-999.0000000 1115.0000000 -0.0000043  0.0000000 0.0000000 0  0.0011365
-999.0000000 1090.0000000 -0.0000043  0.0000000 0.0000000 0  0.0011626
-999.0000000 1065.0000000 -0.0000043  0.0000000 0.0000000 0  0.0011898
-999.0000000 1040.0000000 -0.0000043  0.0000000 0.0000000 0  0.0012184
-999.0000000 1015.0000000 -0.0000043  0.0000000 0.0000000 0  0.0012485
-999.0000000  990.0000000 -0.0000043  0.0000000 0.0000000 0  0.0012800
-999.0000000  965.0000000 -0.0000071  0.0000000 0.0000000 0  0.0034912
-999.0000000  940.0000000 -0.0000072  0.0000000 0.0000000 0  0.0051681
-999.0000000  915.0000000 -0.0000077 -0.0000000 0.0000000 0  0.0058802
-999.0000000  890.0000000 -0.0000077 -0.0000000 0.0000000 0  0.0058730
-999.0000000  865.0000000 -0.0000120  0.0000000 0.0000000 0  0.0054370
-999.0000000  840.0000000 -0.0000178 -0.0000000 0.0000000 0  0.0047416
-999.0000000  815.0000000 -0.0000170 -0.0000000 0.0000000 0  0.0037932
-999.0000000  790.0000000 -0.0000108 -0.0000000 0.0000000 0  0.0024778
-999.0000000  765.0000000 -0.0000020 -0.0000001 0.0000000 0  0.0008096
-999.0000000  740.0000000  0.0000010 -0.0000001 0.0000000 0 -0.0009899
-999.0000000  715.0000000 -0.0000013 -0.0000000 0.0000000 0 -0.0026557
-999.0000000  690.0000000 -0.0000046 -0.0000000 0.0000000 0 -0.0040411
-999.0000000  665.0000000 -0.0000082 -0.0000000 0.0000000 0 -0.0051185
-999.0000000  640.0000000 -0.0000095 -0.0000000 0.0000000 0 -0.0059498
-999.0000000  615.0000000 -0.0000088 -0.0000000 0.0000000 0 -0.0067218
-999.0000000  590.0000000 -0.0000079 -0.0000000 0.0000000 0 -0.0077270
-999.0000000  565.0000000 -0.0000067 -0.0000000 0.0000000 0 -0.0093253
-999.0000000  540.0000000 -0.0000058 -0.0000000 0.0000000 0 -0.0117083
-999.0000000  515.0000000 -0.0000060 -0.0000000 0.0000000 0 -0.0147608
-999.0000000  490.0000000 -0.0000086 -0.0000000 0.0000000 0 -0.0180794
-999.0000000  465.0000000 -0.0000139 -0.0000000 0.0000000 0 -0.0209731
-999.0000000  440.0000000 -0.0000191 -0.0000000 0.0000000 0 -0.0227953
-999.0000000  415.0000000 -0.0000213 -0.0000000 0.0000000 0 -0.0231657
-999.0000000  390.0000000 -0.0000173 -0.0000000 0.0000000 0 -0.0222148
-999.0000000  365.0000000 -0.0000107 -0.0000000 0.0000000 0 -0.0206451
-999.0000000  340.0000000 -0.0000080 -0.0000000 0.0000000 0 -0.0190472
-999.0000000  315.0000000 -0.0000080 -0.0000000 0.0000000 0 -0.0176131
-999.0000000  290.0000000 -0.0000076 -0.0000000 0.0000000 0 -0.0165363
-999.0000000  265.0000000 -0.0000050  0.0000000 0.0000000 0 -0.0161205
-999.0000000  240.0000000 -0.0000018  0.0000000 0.0000000 0 -0.0165128
-999.0000000  215.0000000 -0.0000001  0.0000000 0.0000000 0 -0.0171455
-999.0000000  190.0000000  0.0000005  0.0000000 0.0000000 0 -0.0161429
-999.0000000  165.0000000  0.0000001  0.0000000 0.0000000 0 -0.0119539
-999.0000000  140.0000000 -0.0000044  0.0000000 0.0000000 0 -0.0060159
-999.0000000  115.0000000 -0.0000113  0.0000000 0.0000000 0 -0.0017267
-999.0000000   90.0000000 -0.0000104 -0.0000000 0.0000000 0 -0.0000016
-999.0000000   65.0000000 -0.0000043 -0.0000000 0.0000000 0 -0.0000000
-999.0000000   40.0000000 -0.0000010 -0.0000000 0.0000000 0 -0.0000000
-999.0000000   15.0000000  0.0000111 -0.0000000 0.0000000 0 -0.0000000
 257.500  45   1006.60  day,levels,pres0
-999.0000000 1115.0000000  0.0000061  0.0000000 0.0000000 0  0.0011259
-999.0000000 1090.0000000  0.0000061  0.0000000 0.0000000 0  0.0011517
-999.0000000 1065.0000000  0.0000061  0.0000000 0.0000000 0  0.0011787
-999.0000000 1040.0000000  0.0000061  0.0000000 0.0000000 0  0.0012071
-999.0000000 1015.0000000  0.0000061  0.0000000 0.0000000 0  0.0012368
-999.0000000  990.0000000  0.0000061  0.0000000 0.0000000 0  0.0012680
-999.0000000  965.0000000 -0.0000053  0.0000000 0.0000000 0  0.0030092
-999.0000000  940.0000000 -0.0000081 -0.0000000 0.0000000 0  0.0038895
-999.0000000  915.0000000 -0.0000087 -0.0000000 0.0000000 0  0.0035511
-999.0000000  890.0000000 -0.0000043 -0.0000000 0.0000000 0  0.0022730
-999.0000000  865.0000000  0.0000044 -0.0000000 0.0000000 0  0.0004056
-999.0000000  840.0000000  0.0000076 -0.0000000 0.0000000 0 -0.0017554
-999.0000000  815.0000000 -0.0000070 -0.0000000 0.0000000 0 -0.0039691
-999.0000000  790.0000000 -0.0000164 -0.0000000 0.0000000 0 -0.0060718
-999.0000000  765.0000000 -0.0000050 -0.0000001 0.0000000 0 -0.0079991
-999.0000000  740.0000000  0.0000075 -0.0000001 0.0000000 0 -0.0096694
-999.0000000  715.0000000  0.0000120 -0.0000001 0.0000000 0 -0.0108989
-999.0000000  690.0000000  0.0000096 -0.0000001 0.0000000 0 -0.0115348
-999.0000000  665.0000000  0.0000015 -0.0000000 0.0000000 0 -0.0115058
-999.0000000  640.0000000 -0.0000050 -0.0000000 0.0000000 0 -0.0108834
-999.0000000  615.0000000 -0.0000089 -0.0000000 0.0000000 0 -0.0099579
-999.0000000  590.0000000 -0.0000107 -0.0000000 0.0000000 0 -0.0091826
-999.0000000  565.0000000 -0.0000103 -0.0000000 0.0000000 0 -0.0091436
-999.0000000  540.0000000 -0.0000104 -0.0000000 0.0000000 0 -0.0103264
-999.0000000  515.0000000 -0.0000120 -0.0000000 0.0000000 0 -0.0129348
-999.0000000  490.0000000 -0.0000133  0.0000000 0.0000000 0 -0.0166887
-999.0000000  465.0000000 -0.0000140  0.0000000 0.0000000 0 -0.0206866
-999.0000000  440.0000000 -0.0000154  0.0000000 0.0000000 0 -0.0238362
-999.0000000  415.0000000 -0.0000172  0.0000000 0.0000000 0 -0.0251983
-999.0000000  390.0000000 -0.0000153  0.0000000 0.0000000 0 -0.0247022
-999.0000000  365.0000000 -0.0000108 -0.0000000 0.0000000 0 -0.0233823
-999.0000000  340.0000000 -0.0000076 -0.0000000 0.0000000 0 -0.0221328
-999.0000000  315.0000000 -0.0000057 -0.0000000 0.0000000 0 -0.0211361
-999.0000000  290.0000000 -0.0000048 -0.0000000 0.0000000 0 -0.0204025
-999.0000000  265.0000000 -0.0000031  0.0000000 0.0000000 0 -0.0200714
-999.0000000  240.0000000 -0.0000014  0.0000000 0.0000000 0 -0.0204252
-999.0000000  215.0000000 -0.0000004  0.0000000 0.0000000 0 -0.0210755
-999.0000000  190.0000000  0.0000003  0.0000000 0.0000000 0 -0.0196970
-999.0000000  165.0000000 -0.0000012  0.0000000 0.0000000 0 -0.0142106
-999.0000000  140.0000000 -0.0000062  0.0000000 0.0000000 0 -0.0069919
-999.0000000  115.0000000 -0.0000128  0.0000000 0.0000000 0 -0.0021222
-999.0000000   90.0000000 -0.0000090 -0.0000000 0.0000000 0  0.0000000
-999.0000000   65.0000000 -0.0000020 -0.0000000 0.0000000 0 -0.0000000
-999.0000000   40.0000000 -0.0000009 -0.0000000 0.0000000 0 -0.0000000
-999.0000000   15.0000000  0.0000025 -0.0000000 0.0000000 0 -0.0000000
 257.625  45   1006.71  day,levels,pres0
-999.0000000 1115.0000000  0.0000261  0.0000000 0.0000000 0 -0.0004717
-999.0000000 1090.0000000  0.0000261  0.0000000 0.0000000 0 -0.0004826
-999.0000000 1065.0000000  0.0000261  0.0000000 0.0000000 0 -0.0004939
-999.0000000 1040.0000000  0.0000261  0.0000000 0.0000000 0 -0.0005058
-999.0000000 1015.0000000  0.0000261  0.0000000 0.0000000 0 -0.0005182
-999.0000000  990.0000000  0.0000261  0.0000000 0.0000000 0 -0.0005313
-999.0000000  965.0000000  0.0000153  0.0000000 0.0000000 0 -0.0015756
-999.0000000  940.0000000  0.0000040 -0.0000000 0.0000000 0 -0.0032879
-999.0000000  915.0000000 -0.0000059 -0.0000000 0.0000000 0 -0.0058400
-999.0000000  890.0000000 -0.0000061 -0.0000000 0.0000000 0 -0.0090527
-999.0000000  865.0000000 -0.0000025 -0.0000000 0.0000000 0 -0.0126354
-999.0000000  840.0000000  0.0000019 -0.0000001 0.0000000 0 -0.0159338
-999.0000000  815.0000000 -0.0000029 -0.0000001 0.0000000 0 -0.0181813
-999.0000000  790.0000000 -0.0000057 -0.0000001 0.0000000 0 -0.0191553
-999.0000000  765.0000000 -0.0000017 -0.0000001 0.0000000 0 -0.0191888
-999.0000000  740.0000000  0.0000016 -0.0000001 0.0000000 0 -0.0186872
-999.0000000  715.0000000  0.0000011 -0.0000001 0.0000000 0 -0.0178231
-999.0000000  690.0000000 -0.0000021 -0.0000001 0.0000000 0 -0.0166143
-999.0000000  665.0000000 -0.0000075 -0.0000000 0.0000000 0 -0.0150617
-999.0000000  640.0000000 -0.0000108 -0.0000000 0.0000000 0 -0.0132767
-999.0000000  615.0000000 -0.0000116 -0.0000000 0.0000000 0 -0.0115153
-999.0000000  590.0000000 -0.0000106 -0.0000000 0.0000000 0 -0.0100462
-999.0000000  565.0000000 -0.0000075 -0.0000000 0.0000000 0 -0.0090974
-999.0000000  540.0000000 -0.0000055 -0.0000000 0.0000000 0 -0.0088480
-999.0000000  515.0000000 -0.0000070 -0.0000000 0.0000000 0 -0.0093405
-999.0000000  490.0000000 -0.0000147 -0.0000000 0.0000000 0 -0.0102716
-999.0000000  465.0000000 -0.0000294 -0.0000000 0.0000000 0 -0.0109118
-999.0000000  440.0000000 -0.0000404 -0.0000000 0.0000000 0 -0.0104285
-999.0000000  415.0000000 -0.0000400 -0.0000000 0.0000000 0 -0.0081959
-999.0000000  390.0000000 -0.0000295 -0.0000000 0.0000000 0 -0.0043351
-999.0000000  365.0000000 -0.0000156 -0.0000000 0.0000000 0  0.0001469
-999.0000000  340.0000000 -0.0000074 -0.0000000 0.0000000 0  0.0043231
-999.0000000  315.0000000 -0.0000047 -0.0000000 0.0000000 0  0.0078104
-999.0000000  290.0000000 -0.0000033 -0.0000000 0.0000000 0  0.0103333
-999.0000000  265.0000000 -0.0000012 -0.0000000 0.0000000 0  0.0113999
-999.0000000  240.0000000  0.0000007  0.0000000 0.0000000 0  0.0104352
-999.0000000  215.0000000  0.0000010  0.0000000 0.0000000 0  0.0076352
-999.0000000  190.0000000  0.0000007  0.0000000 0.0000000 0  0.0047941
-999.0000000  165.0000000 -0.0000017  0.0000000 0.0000000 0  0.0035280
-999.0000000  140.0000000 -0.0000107  0.0000000 0.0000000 0  0.0017676
-999.0000000  115.0000000 -0.0000158  0.0000000 0.0000000 0 -0.0002043
-999.0000000   90.0000000 -0.0000067 -0.0000000 0.0000000 0  0.0000026
-999.0000000   65.0000000  0.0000005 -0.0000000 0.0000000 0 -0.0000000
-999.0000000   40.0000000 -0.0000006 -0.0000000 0.0000000 0 -0.0000000
-999.0000000   15.0000000 -0.0000058 -0.0000000 0.0000000 0 -0.0000000
 257.750  45   1003.52  day,levels,pres0
-999.0000000 1115.0000000  0.0000311  0.0000000 0.0000000 0 -0.0007440
-999.0000000 1090.0000000  0.0000311  0.0000000 0.0000000 0 -0.0007611
-999.0000000 1065.0000000  0.0000311  0.0000000 0.0000000 0 -0.0007790
-999.0000000 1040.0000000  0.0000311  0.0000000 0.0000000 0 -0.0007977
-999.0000000 1015.0000000  0.0000311  0.0000000 0.0000000 0 -0.0008173
-999.0000000  990.0000000  0.0000311  0.0000000 0.0000000 0 -0.0008380
-999.0000000  965.0000000  0.0000195 -0.0000000 0.0000000 0 -0.0025501
-999.0000000  940.0000000  0.0000031 -0.0000000 0.0000000 0 -0.0045304
-999.0000000  915.0000000 -0.0000106 -0.0000000 0.0000000 0 -0.0068003
-999.0000000  890.0000000 -0.0000139 -0.0000000 0.0000000 0 -0.0094729
-999.0000000  865.0000000 -0.0000127 -0.0000000 0.0000000 0 -0.0125165
-999.0000000  840.0000000 -0.0000057 -0.0000001 0.0000000 0 -0.0151170
-999.0000000  815.0000000 -0.0000015 -0.0000001 0.0000000 0 -0.0162640
-999.0000000  790.0000000  0.0000016 -0.0000001 0.0000000 0 -0.0158440
-999.0000000  765.0000000 -0.0000005 -0.0000001 0.0000000 0 -0.0143285
-999.0000000  740.0000000 -0.0000055 -0.0000001 0.0000000 0 -0.0122297
-999.0000000  715.0000000 -0.0000107 -0.0000001 0.0000000 0 -0.0099030
-999.0000000  690.0000000 -0.0000151 -0.0000000 0.0000000 0 -0.0075835
-999.0000000  665.0000000 -0.0000183 -0.0000000 0.0000000 0 -0.0055360
-999.0000000  640.0000000 -0.0000194 -0.0000000 0.0000000 0 -0.0039947
-999.0000000  615.0000000 -0.0000185 -0.0000000 0.0000000 0 -0.0031056
-999.0000000  590.0000000 -0.0000154 -0.0000000 0.0000000 0 -0.0029138
-999.0000000  565.0000000 -0.0000090 -0.0000000 0.0000000 0 -0.0033161
-999.0000000  540.0000000 -0.0000031 -0.0000000 0.0000000 0 -0.0041966
-999.0000000  515.0000000 -0.0000015 -0.0000000 0.0000000 0 -0.0054234
-999.0000000  490.0000000 -0.0000123 -0.0000000 0.0000000 0 -0.0065723
-999.0000000  465.0000000 -0.0000384 -0.0000000 0.0000000 0 -0.0068641
-999.0000000  440.0000000 -0.0000580 -0.0000000 0.0000000 0 -0.0055816
-999.0000000  415.0000000 -0.0000572 -0.0000000 0.0000000 0 -0.0023594
-999.0000000  390.0000000 -0.0000419 -0.0000000 0.0000000 0  0.0025412
-999.0000000  365.0000000 -0.0000224 -0.0000000 0.0000000 0  0.0081701
-999.0000000  340.0000000 -0.0000119 -0.0000000 0.0000000 0  0.0136208
-999.0000000  315.0000000 -0.0000099 -0.0000000 0.0000000 0  0.0183623
-999.0000000  290.0000000 -0.0000083 -0.0000000 0.0000000 0  0.0218493
-999.0000000  265.0000000 -0.0000046 -0.0000000 0.0000000 0  0.0232869
-999.0000000  240.0000000 -0.0000010  0.0000000 0.0000000 0  0.0219274
-999.0000000  215.0000000 -0.0000005  0.0000000 0.0000000 0  0.0178663
-999.0000000  190.0000000 -0.0000027 -0.0000000 0.0000000 0  0.0125379
-999.0000000  165.0000000 -0.0000092  0.0000000 0.0000000 0  0.0075891
-999.0000000  140.0000000 -0.0000212 -0.0000000 0.0000000 0  0.0027075
-999.0000000  115.0000000 -0.0000240  0.0000000 0.0000000 0 -0.0002995
-999.0000000   90.0000000 -0.0000104  0.0000000 0.0000000 0  0.0000010
-999.0000000   65.0000000 -0.0000029 -0.0000000 0.0000000 0 -0.0000000
-999.0000000   40.0000000 -0.0000031 -0.0000000 0.0000000 0 -0.0000000
-999.0000000   15.0000000 -0.0000048 -0.0000000 0.0000000 0 -0.0000000
 257.875  45   1002.26  day,levels,pres0
-999.0000000 1115.0000000  0.0000155  0.0000000 0.0000000 0 -0.0004189
-999.0000000 1090.0000000  0.0000155  0.0000000 0.0000000 0 -0.0004285
-999.0000000 1065.0000000  0.0000155  0.0000000 0.0000000 0 -0.0004386
-999.0000000 1040.0000000  0.0000155  0.0000000 0.0000000 0 -0.0004491
-999.0000000 1015.0000000  0.0000155  0.0000000 0.0000000 0 -0.0004602
-999.0000000  990.0000000  0.0000155  0.0000000 0.0000000 0 -0.0004718
-999.0000000  965.0000000  0.0000099  0.0000000 0.0000000 0 -0.0015949
-999.0000000  940.0000000 -0.0000004 -0.0000000 0.0000000 0 -0.0029533
-999.0000000  915.0000000 -0.0000074 -0.0000000 0.0000000 0 -0.0044957
-999.0000000  890.0000000 -0.0000092 -0.0000000 0.0000000 0 -0.0063281
-999.0000000  865.0000000 -0.0000135  0.0000000 0.0000000 0 -0.0084721
-999.0000000  840.0000000 -0.0000190  0.0000000 0.0000000 0 -0.0104734
-999.0000000  815.0000000 -0.0000244  0.0000000 0.0000000 0 -0.0116776
-999.0000000  790.0000000 -0.0000186 -0.0000000 0.0000000 0 -0.0118768
-999.0000000  765.0000000 -0.0000121 -0.0000000 0.0000000 0 -0.0113355
-999.0000000  740.0000000 -0.0000118 -0.0000001 0.0000000 0 -0.0104893
-999.0000000  715.0000000 -0.0000158 -0.0000000 0.0000000 0 -0.0096633
-999.0000000  690.0000000 -0.0000182 -0.0000000 0.0000000 0 -0.0089669
-999.0000000  665.0000000 -0.0000182 -0.0000000 0.0000000 0 -0.0083957
-999.0000000  640.0000000 -0.0000175 -0.0000000 0.0000000 0 -0.0079438
-999.0000000  615.0000000 -0.0000165 -0.0000000 0.0000000 0 -0.0076276
-999.0000000  590.0000000 -0.0000157 -0.0000000 0.0000000 0 -0.0075477
-999.0000000  565.0000000 -0.0000148 -0.0000000 0.0000000 0 -0.0078955
-999.0000000  540.0000000 -0.0000170 -0.0000000 0.0000000 0 -0.0088169
-999.0000000  515.0000000 -0.0000251 -0.0000000 0.0000000 0 -0.0103092
-999.0000000  490.0000000 -0.0000369 -0.0000000 0.0000000 0 -0.0119977
-999.0000000  465.0000000 -0.0000491 -0.0000000 0.0000000 0 -0.0130668
-999.0000000  440.0000000 -0.0000538 -0.0000000 0.0000000 0 -0.0127659
-999.0000000  415.0000000 -0.0000456 -0.0000000 0.0000000 0 -0.0107496
-999.0000000  390.0000000 -0.0000289 -0.0000000 0.0000000 0 -0.0073754
-999.0000000  365.0000000 -0.0000118 -0.0000000 0.0000000 0 -0.0037062
-999.0000000  340.0000000 -0.0000045 -0.0000000 0.0000000 0 -0.0004456
-999.0000000  315.0000000 -0.0000061 -0.0000000 0.0000000 0  0.0024938
-999.0000000  290.0000000 -0.0000091 -0.0000000 0.0000000 0  0.0051322
-999.0000000  265.0000000 -0.0000088 -0.0000000 0.0000000 0  0.0069239
-999.0000000  240.0000000 -0.0000056  0.0000000 0.0000000 0  0.0070508
-999.0000000  215.0000000 -0.0000042 -0.0000000 0.0000000 0  0.0050711
-999.0000000  190.0000000 -0.0000064 -0.0000000 0.0000000 0  0.0015525
-999.0000000  165.0000000 -0.0000134 -0.0000000 0.0000000 0 -0.0018350
-999.0000000  140.0000000 -0.0000208  0.0000000 0.0000000 0 -0.0030611
-999.0000000  115.0000000 -0.0000214  0.0000000 0.0000000 0 -0.0019670
-999.0000000   90.0000000 -0.0000121 -0.0000000 0.0000000 0 -0.0000001
-999.0000000   65.0000000 -0.0000065 -0.0000000 0.0000000 0 -0.0000000
-999.0000000   40.0000000 -0.0000057 -0.0000000 0.0000000 0 -0.0000000
-999.0000000   15.0000000 -0.0000039 -0.0000000 0.0000000 0 -0.0000000
 258.000  45   1004.40  day,levels,pres0
-999.0000000 1115.0000000  0.0000084  0.0000000 0.0000000 0  0.0001476
-999.0000000 1090.0000000  0.0000084  0.0000000 0.0000000 0  0.0001510
-999.0000000 1065.0000000  0.0000084  0.0000000 0.0000000 0  0.0001545
-999.0000000 1040.0000000  0.0000084  0.0000000 0.0000000 0  0.0001582
-999.0000000 1015.0000000  0.0000084  0.0000000 0.0000000 0  0.0001621
-999.0000000  990.0000000  0.0000084  0.0000000 0.0000000 0  0.0001662
-999.0000000  965.0000000  0.0000088  0.0000000 0.0000000 0  0.0002435
-999.0000000  940.0000000  0.0000057 -0.0000000 0.0000000 0  0.0000842
-999.0000000  915.0000000  0.0000060 -0.0000000 0.0000000 0 -0.0001558
-999.0000000  890.0000000  0.0000048  0.0000000 0.0000000 0 -0.0005436
-999.0000000  865.0000000 -0.0000059  0.0000001 0.0000000 0 -0.0012073
-999.0000000  840.0000000 -0.0000249  0.0000001 0.0000000 0 -0.0021325
-999.0000000  815.0000000 -0.0000408  0.0000001 0.0000000 0 -0.0030876
-999.0000000  790.0000000 -0.0000323  0.0000000 0.0000000 0 -0.0038113
-999.0000000  765.0000000 -0.0000159 -0.0000000 0.0000000 0 -0.0043229
-999.0000000  740.0000000 -0.0000096 -0.0000000 0.0000000 0 -0.0048924
-999.0000000  715.0000000 -0.0000129 -0.0000000 0.0000000 0 -0.0057339
-999.0000000  690.0000000 -0.0000136 -0.0000000 0.0000000 0 -0.0068074
-999.0000000  665.0000000 -0.0000110 -0.0000000 0.0000000 0 -0.0078503
-999.0000000  640.0000000 -0.0000087 -0.0000000 0.0000000 0 -0.0086208
-999.0000000  615.0000000 -0.0000077 -0.0000000 0.0000000 0 -0.0090046
-999.0000000  590.0000000 -0.0000090  0.0000000 0.0000000 0 -0.0091510
-999.0000000  565.0000000 -0.0000139  0.0000000 0.0000000 0 -0.0095445
-999.0000000  540.0000000 -0.0000248  0.0000000 0.0000000 0 -0.0106175
-999.0000000  515.0000000 -0.0000430  0.0000000 0.0000000 0 -0.0125460
-999.0000000  490.0000000 -0.0000543 -0.0000000 0.0000000 0 -0.0150245
-999.0000000  465.0000000 -0.0000493 -0.0000000 0.0000000 0 -0.0171637
-999.0000000  440.0000000 -0.0000370  0.0000000 0.0000000 0 -0.0181352
-999.0000000  415.0000000 -0.0000221  0.0000000 0.0000000 0 -0.0175752
-999.0000000  390.0000000 -0.0000057  0.0000000 0.0000000 0 -0.0159169
-999.0000000  365.0000000  0.0000079 -0.0000000 0.0000000 0 -0.0143473
-999.0000000  340.0000000  0.0000123 -0.0000000 0.0000000 0 -0.0133795
-999.0000000  315.0000000  0.0000087 -0.0000000 0.0000000 0 -0.0123268
-999.0000000  290.0000000  0.0000019 -0.0000000 0.0000000 0 -0.0106452
-999.0000000  265.0000000 -0.0000021 -0.0000000 0.0000000 0 -0.0086667
-999.0000000  240.0000000 -0.0000008 -0.0000000 0.0000000 0 -0.0072953
-999.0000000  215.0000000  0.0000007 -0.0000000 0.0000000 0 -0.0074788
-999.0000000  190.0000000 -0.0000011 -0.0000000 0.0000000 0 -0.0094303
-999.0000000  165.0000000 -0.0000065 -0.0000000 0.0000000 0 -0.0113670
-999.0000000  140.0000000 -0.0000090  0.0000000 0.0000000 0 -0.0089061
-999.0000000  115.0000000 -0.0000074  0.0000000 0.0000000 0 -0.0036549
-999.0000000   90.0000000 -0.0000018 -0.0000000 0.0000000 0  0.0000003
-999.0000000   65.0000000  0.0000007 -0.0000000 0.0000000 0 -0.0000000
-999.0000000   40.0000000 -0.0000002 -0.0000000 0.0000000 0 -0.0000000
-999.0000000   15.0000000  0.0000004 -0.0000000 0.0000000 0 -0.0000000
 258.125  45   1005.56  day,levels,pres0
-999.0000000 1115.0000000  0.0000016  0.0000000 0.0000000 0  0.0002330
-999.0000000 1090.0000000  0.0000016  0.0000000 0.0000000 0  0.0002384
-999.0000000 1065.0000000  0.0000016  0.0000000 0.0000000 0  0.0002440
-999.0000000 1040.0000000  0.0000016  0.0000000 0.0000000 0  0.0002498
-999.0000000 1015.0000000  0.0000016  0.0000000 0.0000000 0  0.0002560
-999.0000000  990.0000000  0.0000016  0.0000000 0.0000000 0  0.0002625
-999.0000000  965.0000000  0.0000037 -0.0000000 0.0000000 0  0.0007603
-999.0000000  940.0000000  0.0000056 -0.0000000 0.0000000 0  0.0014810
-999.0000000  915.0000000  0.0000083 -0.0000000 0.0000000 0  0.0025552
-999.0000000  890.0000000  0.0000075 -0.0000000 0.0000000 0  0.0038949
-999.0000000  865.0000000 -0.0000016  0.0000000 0.0000000 0  0.0052469
-999.0000000  840.0000000 -0.0000177  0.0000001 0.0000000 0  0.0063690
-999.0000000  815.0000000 -0.0000347  0.0000001 0.0000000 0  0.0071072
-999.0000000  790.0000000 -0.0000346  0.0000001 0.0000000 0  0.0073759
-999.0000000  765.0000000 -0.0000189  0.0000000 0.0000000 0  0.0070165
-999.0000000  740.0000000 -0.0000080 -0.0000000 0.0000000 0  0.0058620
-999.0000000  715.0000000 -0.0000084 -0.0000000 0.0000000 0  0.0039532
-999.0000000  690.0000000 -0.0000075 -0.0000000 0.0000000 0  0.0015576
-999.0000000  665.0000000 -0.0000043 -0.0000000 0.0000000 0 -0.0008611
-999.0000000  640.0000000 -0.0000023 -0.0000000 0.0000000 0 -0.0028598
-999.0000000  615.0000000 -0.0000016 -0.0000000 0.0000000 0 -0.0041579
-999.0000000  590.0000000 -0.0000021  0.0000000 0.0000000 0 -0.0048568
-999.0000000  565.0000000 -0.0000050  0.0000000 0.0000000 0 -0.0055627
-999.0000000  540.0000000 -0.0000123  0.0000000 0.0000000 0 -0.0068299
-999.0000000  515.0000000 -0.0000252  0.0000000 0.0000000 0 -0.0089062
-999.0000000  490.0000000 -0.0000360  0.0000000 0.0000000 0 -0.0116066
-999.0000000  465.0000000 -0.0000393  0.0000000 0.0000000 0 -0.0141774
-999.0000000  440.0000000 -0.0000361  0.0000000 0.0000000 0 -0.0156153
-999.0000000  415.0000000 -0.0000254  0.0000000 0.0000000 0 -0.0149871
-999.0000000  390.0000000 -0.0000099  0.0000000 0.0000000 0 -0.0122481
-999.0000000  365.0000000  0.0000041 -0.0000000 0.0000000 0 -0.0085622
-999.0000000  340.0000000  0.0000103 -0.0000000 0.0000000 0 -0.0051718
-999.0000000  315.0000000  0.0000107 -0.0000000 0.0000000 0 -0.0027663
-999.0000000  290.0000000  0.0000081 -0.0000000 0.0000000 0 -0.0015405
-999.0000000  265.0000000  0.0000052 -0.0000000 0.0000000 0 -0.0012484
-999.0000000  240.0000000  0.0000046 -0.0000000 0.0000000 0 -0.0016068
-999.0000000  215.0000000  0.0000051  0.0000000 0.0000000 0 -0.0026501
-999.0000000  190.0000000  0.0000054 -0.0000000 0.0000000 0 -0.0046874
-999.0000000  165.0000000  0.0000059 -0.0000000 0.0000000 0 -0.0069198
-999.0000000  140.0000000  0.0000056 -0.0000000 0.0000000 0 -0.0061333
-999.0000000  115.0000000  0.0000048 -0.0000000 0.0000000 0 -0.0028849
-999.0000000   90.0000000  0.0000074  0.0000000 0.0000000 0 -0.0000000
-999.0000000   65.0000000  0.0000079 -0.0000000 0.0000000 0 -0.0000000
-999.0000000   40.0000000  0.0000054 -0.0000000 0.0000000 0 -0.0000000
-999.0000000   15.0000000  0.0000048 -0.0000000 0.0000000 0 -0.0000000
 258.250  45   1004.87  day,levels,pres0
-999.0000000 1115.0000000 -0.0000086  0.0000000 0.0000000 0 -0.0004494
-999.0000000 1090.0000000 -0.0000086  0.0000000 0.0000000 0 -0.0004597
-999.0000000 1065.0000000 -0.0000086  0.0000000 0.0000000 0 -0.0004705
-999.0000000 1040.0000000 -0.0000086  0.0000000 0.0000000 0 -0.0004818
-999.0000000 1015.0000000 -0.0000086  0.0000000 0.0000000 0 -0.0004937
-999.0000000  990.0000000 -0.0000086  0.0000000 0.0000000 0 -0.0005061
-999.0000000  965.0000000 -0.0000067 -0.0000000 0.0000000 0 -0.0011477
-999.0000000  940.0000000  0.0000008 -0.0000000 0.0000000 0 -0.0013083
-999.0000000  915.0000000  0.0000056 -0.0000000 0.0000000 0 -0.0008212
-999.0000000  890.0000000  0.0000040 -0.0000000 0.0000000 0  0.0003053
-999.0000000  865.0000000 -0.0000042  0.0000000 0.0000000 0  0.0018138
-999.0000000  840.0000000 -0.0000182  0.0000001 0.0000000 0  0.0033229
-999.0000000  815.0000000 -0.0000366  0.0000001 0.0000000 0  0.0044210
-999.0000000  790.0000000 -0.0000456  0.0000001 0.0000000 0  0.0048093
-999.0000000  765.0000000 -0.0000308  0.0000001 0.0000000 0  0.0042419
-999.0000000  740.0000000 -0.0000147  0.0000000 0.0000000 0  0.0025340
-999.0000000  715.0000000 -0.0000114  0.0000000 0.0000000 0 -0.0002389
-999.0000000  690.0000000 -0.0000084 -0.0000000 0.0000000 0 -0.0036834
-999.0000000  665.0000000 -0.0000048 -0.0000000 0.0000000 0 -0.0071178
-999.0000000  640.0000000 -0.0000033 -0.0000000 0.0000000 0 -0.0098871
-999.0000000  615.0000000 -0.0000030  0.0000000 0.0000000 0 -0.0115373
-999.0000000  590.0000000 -0.0000031  0.0000000 0.0000000 0 -0.0121267
-999.0000000  565.0000000 -0.0000045  0.0000000 0.0000000 0 -0.0123905
-999.0000000  540.0000000 -0.0000091  0.0000000 0.0000000 0 -0.0129958
-999.0000000  515.0000000 -0.0000182  0.0000000 0.0000000 0 -0.0142569
-999.0000000  490.0000000 -0.0000301  0.0000000 0.0000000 0 -0.0161399
-999.0000000  465.0000000 -0.0000427  0.0000000 0.0000000 0 -0.0180880
-999.0000000  440.0000000 -0.0000481  0.0000000 0.0000000 0 -0.0189685
-999.0000000  415.0000000 -0.0000405  0.0000000 0.0000000 0 -0.0172990
-999.0000000  390.0000000 -0.0000241 -0.0000000 0.0000000 0 -0.0125724
-999.0000000  365.0000000 -0.0000075 -0.0000000 0.0000000 0 -0.0059326
-999.0000000  340.0000000  0.0000004 -0.0000000 0.0000000 0  0.0006403
-999.0000000  315.0000000  0.0000027 -0.0000000 0.0000000 0  0.0050752
-999.0000000  290.0000000  0.0000025 -0.0000000 0.0000000 0  0.0064565
-999.0000000  265.0000000  0.0000007  0.0000000 0.0000000 0  0.0056353
-999.0000000  240.0000000 -0.0000013  0.0000000 0.0000000 0  0.0041154
-999.0000000  215.0000000 -0.0000020  0.0000000 0.0000000 0  0.0027868
-999.0000000  190.0000000 -0.0000005 -0.0000000 0.0000000 0  0.0011782
-999.0000000  165.0000000  0.0000027 -0.0000000 0.0000000 0 -0.0010568
-999.0000000  140.0000000  0.0000041 -0.0000000 0.0000000 0 -0.0022538
-999.0000000  115.0000000  0.0000032 -0.0000000 0.0000000 0 -0.0017165
-999.0000000   90.0000000  0.0000044  0.0000000 0.0000000 0 -0.0000000
-999.0000000   65.0000000  0.0000055 -0.0000000 0.0000000 0 -0.0000000
-999.0000000   40.0000000  0.0000062 -0.0000000 0.0000000 0 -0.0000000
-999.0000000   15.0000000  0.0000116 -0.0000000 0.0000000 0 -0.0000000
 258.375  45   1004.98  day,levels,pres0
-999.0000000 1115.0000000 -0.0000078  0.0000000 0.0000000 0  0.0000504
-999.0000000 1090.0000000 -0.0000078  0.0000000 0.0000000 0  0.0000516
-999.0000000 1065.0000000 -0.0000078  0.0000000 0.0000000 0  0.0000528
-999.0000000 1040.0000000 -0.0000078  0.0000000 0.0000000 0  0.0000541
-999.0000000 1015.0000000 -0.0000078  0.0000000 0.0000000 0  0.0000554
-999.0000000  990.0000000 -0.0000078  0.0000000 0.0000000 0  0.0000568
-999.0000000  965.0000000 -0.0000077 -0.0000000 0.0000000 0  0.0002805
-999.0000000  940.0000000  0.0000003 -0.0000000 0.0000000 0  0.0008208
-999.0000000  915.0000000  0.0000028 -0.0000000 0.0000000 0  0.0017248
-999.0000000  890.0000000 -0.0000015 -0.0000000 0.0000000 0  0.0028184
-999.0000000  865.0000000 -0.0000093 -0.0000000 0.0000000 0  0.0038682
-999.0000000  840.0000000 -0.0000173  0.0000000 0.0000000 0  0.0046750
-999.0000000  815.0000000 -0.0000261  0.0000000 0.0000000 0  0.0050712
-999.0000000  790.0000000 -0.0000336  0.0000000 0.0000000 0  0.0049260
-999.0000000  765.0000000 -0.0000280  0.0000000 0.0000000 0  0.0040259
-999.0000000  740.0000000 -0.0000158  0.0000000 0.0000000 0  0.0021677
-999.0000000  715.0000000 -0.0000094 -0.0000000 0.0000000 0 -0.0005496
-999.0000000  690.0000000 -0.0000057 -0.0000000 0.0000000 0 -0.0037076
-999.0000000  665.0000000 -0.0000044 -0.0000000 0.0000000 0 -0.0066114
-999.0000000  640.0000000 -0.0000048 -0.0000000 0.0000000 0 -0.0086845
-999.0000000  615.0000000 -0.0000054 -0.0000000 0.0000000 0 -0.0096895
-999.0000000  590.0000000 -0.0000061 -0.0000000 0.0000000 0 -0.0098361
-999.0000000  565.0000000 -0.0000078 -0.0000000 0.0000000 0 -0.0098966
-999.0000000  540.0000000 -0.0000091  0.0000000 0.0000000 0 -0.0106179
-999.0000000  515.0000000 -0.0000090  0.0000000 0.0000000 0 -0.0124379
-999.0000000  490.0000000 -0.0000122  0.0000000 0.0000000 0 -0.0152513
-999.0000000  465.0000000 -0.0000209  0.0000000 0.0000000 0 -0.0181904
-999.0000000  440.0000000 -0.0000276  0.0000000 0.0000000 0 -0.0199582
-999.0000000  415.0000000 -0.0000264  0.0000000 0.0000000 0 -0.0192071
-999.0000000  390.0000000 -0.0000170  0.0000000 0.0000000 0 -0.0156412
-999.0000000  365.0000000 -0.0000058 -0.0000000 0.0000000 0 -0.0105825
-999.0000000  340.0000000 -0.0000011 -0.0000000 0.0000000 0 -0.0060969
-999.0000000  315.0000000 -0.0000004 -0.0000000 0.0000000 0 -0.0042289
-999.0000000  290.0000000 -0.0000012 -0.0000000 0.0000000 0 -0.0058262
-999.0000000  265.0000000 -0.0000032  0.0000000 0.0000000 0 -0.0097655
-999.0000000  240.0000000 -0.0000057  0.0000000 0.0000000 0 -0.0135946
-999.0000000  215.0000000 -0.0000071  0.0000000 0.0000000 0 -0.0149286
-999.0000000  190.0000000 -0.0000058  0.0000000 0.0000000 0 -0.0134468
-999.0000000  165.0000000 -0.0000028 -0.0000000 0.0000000 0 -0.0102504
-999.0000000  140.0000000 -0.0000014 -0.0000000 0.0000000 0 -0.0056204
-999.0000000  115.0000000 -0.0000032 -0.0000000 0.0000000 0 -0.0016411
-999.0000000   90.0000000 -0.0000015  0.0000000 0.0000000 0 -0.0000006
-999.0000000   65.0000000  0.0000031 -0.0000000 0.0000000 0 -0.0000000
-999.0000000   40.0000000  0.0000069 -0.0000000 0.0000000 0 -0.0000000
-999.0000000   15.0000000  0.0000183 -0.0000000 0.0000000 0 -0.0000000
 258.500  45   1007.00  day,levels,pres0
-999.0000000 1115.0000000  0.0000071  0.0000000 0.0000000 0  0.0008739
-999.0000000 1090.0000000  0.0000071  0.0000000 0.0000000 0  0.0008940
-999.0000000 1065.0000000  0.0000071  0.0000000 0.0000000 0  0.0009150
-999.0000000 1040.0000000  0.0000071  0.0000000 0.0000000 0  0.0009370
-999.0000000 1015.0000000  0.0000071  0.0000000 0.0000000 0  0.0009600
-999.0000000  990.0000000  0.0000071  0.0000000 0.0000000 0  0.0009843
-999.0000000  965.0000000  0.0000039 -0.0000000 0.0000000 0  0.0023827
-999.0000000  940.0000000  0.0000124 -0.0000000 0.0000000 0  0.0038198
-999.0000000  915.0000000  0.0000131 -0.0000000 0.0000000 0  0.0053088
-999.0000000  890.0000000  0.0000070 -0.0000000 0.0000000 0  0.0065356
-999.0000000  865.0000000  0.0000001 -0.0000000 0.0000000 0  0.0073185
-999.0000000  840.0000000 -0.0000020 -0.0000000 0.0000000 0  0.0076850
-999.0000000  815.0000000 -0.0000022 -0.0000000 0.0000000 0  0.0077660
-999.0000000  790.0000000 -0.0000092  0.0000000 0.0000000 0  0.0075409
-999.0000000  765.0000000 -0.0000127  0.0000000 0.0000000 0  0.0066010
-999.0000000  740.0000000 -0.0000046 -0.0000000 0.0000000 0  0.0045688
-999.0000000  715.0000000  0.0000036 -0.0000000 0.0000000 0  0.0016202
-999.0000000  690.0000000  0.0000069 -0.0000000 0.0000000 0 -0.0017071
-999.0000000  665.0000000  0.0000053 -0.0000000 0.0000000 0 -0.0046249
-999.0000000  640.0000000  0.0000029 -0.0000000 0.0000000 0 -0.0065831
-999.0000000  615.0000000  0.0000021 -0.0000000 0.0000000 0 -0.0075502
-999.0000000  590.0000000  0.0000016 -0.0000000 0.0000000 0 -0.0078816
-999.0000000  565.0000000  0.0000008 -0.0000000 0.0000000 0 -0.0083835
-999.0000000  540.0000000  0.0000037  0.0000000 0.0000000 0 -0.0098651
-999.0000000  515.0000000  0.0000135 -0.0000000 0.0000000 0 -0.0128556
-999.0000000  490.0000000  0.0000191 -0.0000000 0.0000000 0 -0.0171593
-999.0000000  465.0000000  0.0000133  0.0000000 0.0000000 0 -0.0215951
-999.0000000  440.0000000  0.0000043  0.0000000 0.0000000 0 -0.0247040
-999.0000000  415.0000000 -0.0000015  0.0000000 0.0000000 0 -0.0252829
-999.0000000  390.0000000  0.0000004  0.0000000 0.0000000 0 -0.0232588
-999.0000000  365.0000000  0.0000050 -0.0000000 0.0000000 0 -0.0201357
-999.0000000  340.0000000  0.0000057 -0.0000000 0.0000000 0 -0.0180525
-999.0000000  315.0000000  0.0000051 -0.0000000 0.0000000 0 -0.0189987
-999.0000000  290.0000000  0.0000040 -0.0000000 0.0000000 0 -0.0237273
-999.0000000  265.0000000  0.0000017  0.0000000 0.0000000 0 -0.0308195
-999.0000000  240.0000000 -0.0000019  0.0000000 0.0000000 0 -0.0368573
-999.0000000  215.0000000 -0.0000047  0.0000000 0.0000000 0 -0.0379222
-999.0000000  190.0000000 -0.0000040  0.0000000 0.0000000 0 -0.0328027
-999.0000000  165.0000000 -0.0000011 -0.0000000 0.0000000 0 -0.0231669
-999.0000000  140.0000000  0.0000006 -0.0000000 0.0000000 0 -0.0109649
-999.0000000  115.0000000 -0.0000036 -0.0000000 0.0000000 0 -0.0020119
-999.0000000   90.0000000 -0.0000041  0.0000000 0.0000000 0 -0.0000011
-999.0000000   65.0000000  0.0000012 -0.0000000 0.0000000 0 -0.0000000
-999.0000000   40.0000000  0.0000030 -0.0000000 0.0000000 0 -0.0000000
-999.0000000   15.0000000  0.0000052 -0.0000000 0.0000000 0 -0.0000000
 258.625  45   1006.55  day,levels,pres0
-999.0000000 1115.0000000  0.0000268  0.0000000 0.0000000 0 -0.0002197
-999.0000000 1090.0000000  0.0000268  0.0000000 0.0000000 0 -0.0002247
-999.0000000 1065.0000000  0.0000268  0.0000000 0.0000000 0 -0.0002300
-999.0000000 1040.0000000  0.0000268  0.0000000 0.0000000 0 -0.0002355
-999.0000000 1015.0000000  0.0000268  0.0000000 0.0000000 0 -0.0002413
-999.0000000  990.0000000  0.0000268  0.0000000 0.0000000 0 -0.0002474
-999.0000000  965.0000000  0.0000259 -0.0000000 0.0000000 0 -0.0007300
-999.0000000  940.0000000  0.0000257 -0.0000000 0.0000000 0 -0.0013118
-999.0000000  915.0000000  0.0000216 -0.0000000 0.0000000 0 -0.0018515
-999.0000000  890.0000000  0.0000112 -0.0000000 0.0000000 0 -0.0022581
-999.0000000  865.0000000  0.0000022 -0.0000000 0.0000000 0 -0.0025978
-999.0000000  840.0000000  0.0000041 -0.0000000 0.0000000 0 -0.0030635
-999.0000000  815.0000000  0.0000039 -0.0000000 0.0000000 0 -0.0036873
-999.0000000  790.0000000  0.0000004 -0.0000000 0.0000000 0 -0.0042140
-999.0000000  765.0000000 -0.0000015 -0.0000000 0.0000000 0 -0.0045044
-999.0000000  740.0000000  0.0000015 -0.0000000 0.0000000 0 -0.0047947
-999.0000000  715.0000000  0.0000049 -0.0000000 0.0000000 0 -0.0054109
-999.0000000  690.0000000  0.0000066  0.0000000 0.0000000 0 -0.0063244
-999.0000000  665.0000000  0.0000069  0.0000000 0.0000000 0 -0.0071270
-999.0000000  640.0000000  0.0000063  0.0000000 0.0000000 0 -0.0074865
-999.0000000  615.0000000  0.0000051  0.0000000 0.0000000 0 -0.0073063
-999.0000000  590.0000000  0.0000028  0.0000000 0.0000000 0 -0.0067443
-999.0000000  565.0000000 -0.0000013  0.0000000 0.0000000 0 -0.0062673
-999.0000000  540.0000000 -0.0000044 -0.0000000 0.0000000 0 -0.0063783
-999.0000000  515.0000000 -0.0000046 -0.0000000 0.0000000 0 -0.0074361
-999.0000000  490.0000000 -0.0000066 -0.0000000 0.0000000 0 -0.0092967
-999.0000000  465.0000000 -0.0000124 -0.0000000 0.0000000 0 -0.0111140
-999.0000000  440.0000000 -0.0000171 -0.0000000 0.0000000 0 -0.0118209
-999.0000000  415.0000000 -0.0000171  0.0000000 0.0000000 0 -0.0105629
-999.0000000  390.0000000 -0.0000105  0.0000000 0.0000000 0 -0.0075677
-999.0000000  365.0000000 -0.0000014  0.0000000 0.0000000 0 -0.0044809
-999.0000000  340.0000000  0.0000034 -0.0000000 0.0000000 0 -0.0031792
-999.0000000  315.0000000  0.0000050 -0.0000000 0.0000000 0 -0.0049015
-999.0000000  290.0000000  0.0000047  0.0000000 0.0000000 0 -0.0096618
-999.0000000  265.0000000  0.0000026  0.0000000 0.0000000 0 -0.0158134
-999.0000000  240.0000000  0.0000004  0.0000000 0.0000000 0 -0.0205138
-999.0000000  215.0000000  0.0000010  0.0000000 0.0000000 0 -0.0210908
-999.0000000  190.0000000  0.0000037  0.0000000 0.0000000 0 -0.0170438
-999.0000000  165.0000000  0.0000063  0.0000000 0.0000000 0 -0.0099976
-999.0000000  140.0000000  0.0000038 -0.0000000 0.0000000 0 -0.0042493
-999.0000000  115.0000000 -0.0000016 -0.0000000 0.0000000 0 -0.0014825
-999.0000000   90.0000000 -0.0000013 -0.0000000 0.0000000 0  0.0000001
-999.0000000   65.0000000 -0.0000006 -0.0000000 0.0000000 0 -0.0000000
-999.0000000   40.0000000 -0.0000007 -0.0000000 0.0000000 0 -0.0000000
-999.0000000   15.0000000 -0.0000078 -0.0000000 0.0000000 0 -0.0000000
 258.750  45   1002.99  day,levels,pres0
-999.0000000 1115.0000000  0.0000230 -0.0000000 0.0000000 0 -0.0005981
-999.0000000 1090.0000000  0.0000230 -0.0000000 0.0000000 0 -0.0006118
-999.0000000 1065.0000000  0.0000230 -0.0000000 0.0000000 0 -0.0006262
-999.0000000 1040.0000000  0.0000230 -0.0000000 0.0000000 0 -0.0006413
-999.0000000 1015.0000000  0.0000230 -0.0000000 0.0000000 0 -0.0006571
-999.0000000  990.0000000  0.0000230 -0.0000000 0.0000000 0 -0.0006737
-999.0000000  965.0000000  0.0000238 -0.0000000 0.0000000 0 -0.0022174
-999.0000000  940.0000000  0.0000160 -0.0000000 0.0000000 0 -0.0042072
-999.0000000  915.0000000  0.0000090 -0.0000000 0.0000000 0 -0.0063157
-999.0000000  890.0000000 -0.0000028 -0.0000000 0.0000000 0 -0.0079664
-999.0000000  865.0000000 -0.0000108 -0.0000000 0.0000000 0 -0.0088726
-999.0000000  840.0000000 -0.0000052 -0.0000000 0.0000000 0 -0.0092648
-999.0000000  815.0000000 -0.0000042 -0.0000000 0.0000000 0 -0.0093972
-999.0000000  790.0000000 -0.0000042 -0.0000000 0.0000000 0 -0.0089969
-999.0000000  765.0000000 -0.0000050 -0.0000000 0.0000000 0 -0.0077619
-999.0000000  740.0000000 -0.0000059 -0.0000000 0.0000000 0 -0.0059287
-999.0000000  715.0000000 -0.0000063  0.0000000 0.0000000 0 -0.0040835
-999.0000000  690.0000000 -0.0000058  0.0000000 0.0000000 0 -0.0025506
-999.0000000  665.0000000 -0.0000040  0.0000000 0.0000000 0 -0.0012985
-999.0000000  640.0000000 -0.0000035  0.0000000 0.0000000 0 -0.0001760
-999.0000000  615.0000000 -0.0000059  0.0000000 0.0000000 0  0.0010435
-999.0000000  590.0000000 -0.0000106  0.0000000 0.0000000 0  0.0024347
-999.0000000  565.0000000 -0.0000176  0.0000000 0.0000000 0  0.0038578
-999.0000000  540.0000000 -0.0000263 -0.0000000 0.0000000 0  0.0050868
-999.0000000  515.0000000 -0.0000355 -0.0000000 0.0000000 0  0.0059012
-999.0000000  490.0000000 -0.0000423 -0.0000000 0.0000000 0  0.0063691
-999.0000000  465.0000000 -0.0000445 -0.0000000 0.0000000 0  0.0069947
-999.0000000  440.0000000 -0.0000427 -0.0000000 0.0000000 0  0.0084861
-999.0000000  415.0000000 -0.0000366  0.0000000 0.0000000 0  0.0114014
-999.0000000  390.0000000 -0.0000256  0.0000000 0.0000000 0  0.0152552
-999.0000000  365.0000000 -0.0000133  0.0000000 0.0000000 0  0.0182646
-999.0000000  340.0000000 -0.0000057  0.0000000 0.0000000 0  0.0187903
-999.0000000  315.0000000 -0.0000026  0.0000000 0.0000000 0  0.0162837
-999.0000000  290.0000000 -0.0000025  0.0000000 0.0000000 0  0.0113980
-999.0000000  265.0000000 -0.0000043  0.0000000 0.0000000 0  0.0059589
-999.0000000  240.0000000 -0.0000043  0.0000000 0.0000000 0  0.0021638
-999.0000000  215.0000000 -0.0000008 -0.0000000 0.0000000 0  0.0013885
-999.0000000  190.0000000  0.0000034  0.0000000 0.0000000 0  0.0034090
-999.0000000  165.0000000  0.0000068  0.0000000 0.0000000 0  0.0065674
-999.0000000  140.0000000  0.0000003 -0.0000000 0.0000000 0  0.0040832
-999.0000000  115.0000000 -0.0000051 -0.0000000 0.0000000 0 -0.0006777
-999.0000000   90.0000000 -0.0000004  0.0000000 0.0000000 0 -0.0000004
-999.0000000   65.0000000  0.0000004 -0.0000000 0.0000000 0 -0.0000000
-999.0000000   40.0000000  0.0000025 -0.0000000 0.0000000 0 -0.0000000
-999.0000000   15.0000000 -0.0000010 -0.0000000 0.0000000 0 -0.0000000
 258.875  45   1001.43  day,levels,pres0
-999.0000000 1115.0000000  0.0000077 -0.0000000 0.0000000 0  0.0001130
-999.0000000 1090.0000000  0.0000077 -0.0000000 0.0000000 0  0.0001156
-999.0000000 1065.0000000  0.0000077 -0.0000000 0.0000000 0  0.0001183
-999.0000000 1040.0000000  0.0000077 -0.0000000 0.0000000 0  0.0001211
-999.0000000 1015.0000000  0.0000077 -0.0000000 0.0000000 0  0.0001241
-999.0000000  990.0000000  0.0000077 -0.0000000 0.0000000 0  0.0001272
-999.0000000  965.0000000  0.0000134 -0.0000000 0.0000000 0  0.0001133
-999.0000000  940.0000000  0.0000097 -0.0000000 0.0000000 0 -0.0005222
-999.0000000  915.0000000  0.0000041 -0.0000000 0.0000000 0 -0.0015381
-999.0000000  890.0000000 -0.0000052 -0.0000000 0.0000000 0 -0.0024943
-999.0000000  865.0000000 -0.0000114 -0.0000000 0.0000000 0 -0.0031325
-999.0000000  840.0000000 -0.0000092 -0.0000000 0.0000000 0 -0.0035505
-999.0000000  815.0000000 -0.0000112 -0.0000000 0.0000000 0 -0.0038458
-999.0000000  790.0000000 -0.0000132 -0.0000000 0.0000000 0 -0.0037885
-999.0000000  765.0000000 -0.0000131 -0.0000000 0.0000000 0 -0.0031060
-999.0000000  740.0000000 -0.0000124 -0.0000000 0.0000000 0 -0.0018626
-999.0000000  715.0000000 -0.0000118 -0.0000000 0.0000000 0 -0.0003938
-999.0000000  690.0000000 -0.0000110  0.0000000 0.0000000 0  0.0010524
-999.0000000  665.0000000 -0.0000098  0.0000000 0.0000000 0  0.0023680
-999.0000000  640.0000000 -0.0000095  0.0000000 0.0000000 0  0.0034836
-999.0000000  615.0000000 -0.0000108  0.0000000 0.0000000 0  0.0043587
-999.0000000  590.0000000 -0.0000131  0.0000000 0.0000000 0  0.0049364
-999.0000000  565.0000000 -0.0000161 -0.0000000 0.0000000 0  0.0051468
-999.0000000  540.0000000 -0.0000205 -0.0000000 0.0000000 0  0.0049046
-999.0000000  515.0000000 -0.0000265 -0.0000000 0.0000000 0  0.0041434
-999.0000000  490.0000000 -0.0000297 -0.0000000 0.0000000 0  0.0029295
-999.0000000  465.0000000 -0.0000277 -0.0000000 0.0000000 0  0.0015426
-999.0000000  440.0000000 -0.0000235 -0.0000000 0.0000000 0  0.0004762
-999.0000000  415.0000000 -0.0000191 -0.0000000 0.0000000 0  0.0002501
-999.0000000  390.0000000 -0.0000140 -0.0000000 0.0000000 0  0.0006311
-999.0000000  365.0000000 -0.0000093  0.0000000 0.0000000 0  0.0004072
-999.0000000  340.0000000 -0.0000069  0.0000000 0.0000000 0 -0.0014897
-999.0000000  315.0000000 -0.0000067  0.0000000 0.0000000 0 -0.0052589
-999.0000000  290.0000000 -0.0000079  0.0000000 0.0000000 0 -0.0101541
-999.0000000  265.0000000 -0.0000098  0.0000000 0.0000000 0 -0.0144981
-999.0000000  240.0000000 -0.0000101  0.0000000 0.0000000 0 -0.0162401
-999.0000000  215.0000000 -0.0000077  0.0000000 0.0000000 0 -0.0137214
-999.0000000  190.0000000 -0.0000038  0.0000000 0.0000000 0 -0.0066007
-999.0000000  165.0000000  0.0000004  0.0000000 0.0000000 0  0.0025995
-999.0000000  140.0000000 -0.0000042  0.0000000 0.0000000 0  0.0059354
-999.0000000  115.0000000 -0.0000080  0.0000000 0.0000000 0  0.0030541
-999.0000000   90.0000000 -0.0000017  0.0000000 0.0000000 0  0.0000010
-999.0000000   65.0000000  0.0000013 -0.0000000 0.0000000 0 -0.0000000
-999.0000000   40.0000000  0.0000054 -0.0000000 0.0000000 0 -0.0000000
-999.0000000   15.0000000  0.0000057 -0.0000000 0.0000000 0 -0.0000000
 259.000  45   1004.54  day,levels,pres0
-999.0000000 1115.0000000  0.0000001  0.0000000 0.0000000 0  0.0011304
-999.0000000 1090.0000000  0.0000001  0.0000000 0.0000000 0  0.0011563
-999.0000000 1065.0000000  0.0000001  0.0000000 0.0000000 0  0.0011834
-999.0000000 1040.0000000  0.0000001  0.0000000 0.0000000 0  0.0012119
-999.0000000 1015.0000000  0.0000001  0.0000000 0.0000000 0  0.0012417
-999.0000000  990.0000000  0.0000001  0.0000000 0.0000000 0  0.0012731
-999.0000000  965.0000000  0.0000108 -0.0000000 0.0000000 0  0.0029972
-999.0000000  940.0000000  0.0000125 -0.0000000 0.0000000 0  0.0038712
-999.0000000  915.0000000  0.0000102 -0.0000000 0.0000000 0  0.0040361
-999.0000000  890.0000000  0.0000039 -0.0000000 0.0000000 0  0.0038156
-999.0000000  865.0000000 -0.0000005 -0.0000000 0.0000000 0  0.0035209
-999.0000000  840.0000000 -0.0000007 -0.0000000 0.0000000 0  0.0031927
-999.0000000  815.0000000 -0.0000061 -0.0000000 0.0000000 0  0.0028066
-999.0000000  790.0000000 -0.0000109 -0.0000000 0.0000000 0  0.0025149
-999.0000000  765.0000000 -0.0000107 -0.0000000 0.0000000 0  0.0025062
-999.0000000  740.0000000 -0.0000092 -0.0000000 0.0000000 0  0.0028404
-999.0000000  715.0000000 -0.0000085 -0.0000000 0.0000000 0  0.0034941
-999.0000000  690.0000000 -0.0000083 -0.0000000 0.0000000 0  0.0043538
-999.0000000  665.0000000 -0.0000087 -0.0000000 0.0000000 0  0.0051900
-999.0000000  640.0000000 -0.0000089 -0.0000000 0.0000000 0  0.0057156
-999.0000000  615.0000000 -0.0000086 -0.0000000 0.0000000 0  0.0056103
-999.0000000  590.0000000 -0.0000081 -0.0000000 0.0000000 0  0.0046633
-999.0000000  565.0000000 -0.0000068 -0.0000000 0.0000000 0  0.0028378
-999.0000000  540.0000000 -0.0000065 -0.0000000 0.0000000 0  0.0001819
-999.0000000  515.0000000 -0.0000087 -0.0000000 0.0000000 0 -0.0031871
-999.0000000  490.0000000 -0.0000087 -0.0000000 0.0000000 0 -0.0071408
-999.0000000  465.0000000 -0.0000037 -0.0000000 0.0000000 0 -0.0115204
-999.0000000  440.0000000  0.0000013 -0.0000000 0.0000000 0 -0.0159764
-999.0000000  415.0000000  0.0000028 -0.0000000 0.0000000 0 -0.0200224
-999.0000000  390.0000000  0.0000016 -0.0000000 0.0000000 0 -0.0236546
-999.0000000  365.0000000 -0.0000000 -0.0000000 0.0000000 0 -0.0275155
-999.0000000  340.0000000 -0.0000008  0.0000000 0.0000000 0 -0.0320842
-999.0000000  315.0000000 -0.0000015  0.0000000 0.0000000 0 -0.0371848
-999.0000000  290.0000000 -0.0000028  0.0000000 0.0000000 0 -0.0419642
-999.0000000  265.0000000 -0.0000043  0.0000000 0.0000000 0 -0.0448936
-999.0000000  240.0000000 -0.0000049  0.0000000 0.0000000 0 -0.0440106
-999.0000000  215.0000000 -0.0000030  0.0000000 0.0000000 0 -0.0372272
-999.0000000  190.0000000  0.0000026  0.0000000 0.0000000 0 -0.0235056
-999.0000000  165.0000000  0.0000089  0.0000000 0.0000000 0 -0.0062127
-999.0000000  140.0000000  0.0000081  0.0000000 0.0000000 0  0.0054906
-999.0000000  115.0000000  0.0000034  0.0000000 0.0000000 0  0.0063166
-999.0000000   90.0000000  0.0000048 -0.0000000 0.0000000 0  0.0000003
-999.0000000   65.0000000  0.0000015 -0.0000000 0.0000000 0 -0.0000000
-999.0000000   40.0000000  0.0000001 -0.0000000 0.0000000 0 -0.0000000
-999.0000000   15.0000000 -0.0000025 -0.0000000 0.0000000 0 -0.0000000
 259.125  45   1006.35  day,levels,pres0
-999.0000000 1115.0000000 -0.0000059  0.0000000 0.0000000 0  0.0021879
-999.0000000 1090.0000000 -0.0000059  0.0000000 0.0000000 0  0.0022381
-999.0000000 1065.0000000 -0.0000059  0.0000000 0.0000000 0  0.0022906
-999.0000000 1040.0000000 -0.0000059  0.0000000 0.0000000 0  0.0023457
-999.0000000 1015.0000000 -0.0000059  0.0000000 0.0000000 0  0.0024035
-999.0000000  990.0000000 -0.0000059  0.0000000 0.0000000 0  0.0024641
-999.0000000  965.0000000  0.0000052 -0.0000000 0.0000000 0  0.0056352
-999.0000000  940.0000000  0.0000066 -0.0000000 0.0000000 0  0.0073574
-999.0000000  915.0000000  0.0000040 -0.0000000 0.0000000 0  0.0074040
-999.0000000  890.0000000 -0.0000014 -0.0000000 0.0000000 0  0.0061110
-999.0000000  865.0000000 -0.0000048 -0.0000000 0.0000000 0  0.0040630
-999.0000000  840.0000000 -0.0000043 -0.0000000 0.0000000 0  0.0017590
-999.0000000  815.0000000 -0.0000079 -0.0000000 0.0000000 0 -0.0004159
-999.0000000  790.0000000 -0.0000118 -0.0000000 0.0000000 0 -0.0020145
-999.0000000  765.0000000 -0.0000138 -0.0000000 0.0000000 0 -0.0027585
-999.0000000  740.0000000 -0.0000129 -0.0000000 0.0000000 0 -0.0027954
-999.0000000  715.0000000 -0.0000107 -0.0000000 0.0000000 0 -0.0025107
-999.0000000  690.0000000 -0.0000090 -0.0000000 0.0000000 0 -0.0021581
-999.0000000  665.0000000 -0.0000080 -0.0000000 0.0000000 0 -0.0018091
-999.0000000  640.0000000 -0.0000067 -0.0000000 0.0000000 0 -0.0014964
-999.0000000  615.0000000 -0.0000050 -0.0000000 0.0000000 0 -0.0012334
-999.0000000  590.0000000 -0.0000032 -0.0000000 0.0000000 0 -0.0010702
-999.0000000  565.0000000 -0.0000009 -0.0000000 0.0000000 0 -0.0011107
-999.0000000  540.0000000  0.0000005 -0.0000000 0.0000000 0 -0.0014353
-999.0000000  515.0000000 -0.0000005  0.0000000 0.0000000 0 -0.0020835
-999.0000000  490.0000000 -0.0000009  0.0000000 0.0000000 0 -0.0031426
-999.0000000  465.0000000  0.0000013 -0.0000000 0.0000000 0 -0.0047360
-999.0000000  440.0000000  0.0000043 -0.0000000 0.0000000 0 -0.0067877
-999.0000000  415.0000000  0.0000059 -0.0000000 0.0000000 0 -0.0089496
-999.0000000  390.0000000  0.0000050 -0.0000000 0.0000000 0 -0.0109441
-999.0000000  365.0000000  0.0000038 -0.0000000 0.0000000 0 -0.0127874
-999.0000000  340.0000000  0.0000036 -0.0000000 0.0000000 0 -0.0149076
-999.0000000  315.0000000  0.0000024 -0.0000000 0.0000000 0 -0.0179540
-999.0000000  290.0000000  0.0000020 -0.0000000 0.0000000 0 -0.0217614
-999.0000000  265.0000000  0.0000031 -0.0000000 0.0000000 0 -0.0248697
-999.0000000  240.0000000  0.0000043  0.0000000 0.0000000 0 -0.0253193
-999.0000000  215.0000000  0.0000062  0.0000000 0.0000000 0 -0.0214077
-999.0000000  190.0000000  0.0000101  0.0000000 0.0000000 0 -0.0126549
-999.0000000  165.0000000  0.0000142  0.0000000 0.0000000 0 -0.0019275
-999.0000000  140.0000000  0.0000179  0.0000000 0.0000000 0  0.0045642
-999.0000000  115.0000000  0.0000147  0.0000000 0.0000000 0  0.0041755
-999.0000000   90.0000000  0.0000127 -0.0000000 0.0000000 0  0.0000000
-999.0000000   65.0000000  0.0000017 -0.0000000 0.0000000 0 -0.0000000
-999.0000000   40.0000000 -0.0000053 -0.0000000 0.0000000 0 -0.0000000
-999.0000000   15.0000000 -0.0000106 -0.0000000 0.0000000 0 -0.0000000
 259.250  45   1004.99  day,levels,pres0
-999.0000000 1115.0000000 -0.0000195  0.0000000 0.0000000 0  0.0033929
-999.0000000 1090.0000000 -0.0000195  0.0000000 0.0000000 0  0.0034707
-999.0000000 1065.0000000 -0.0000195  0.0000000 0.0000000 0  0.0035522
-999.0000000 1040.0000000 -0.0000195  0.0000000 0.0000000 0  0.0036376
-999.0000000 1015.0000000 -0.0000195  0.0000000 0.0000000 0  0.0037272
-999.0000000  990.0000000 -0.0000195  0.0000000 0.0000000 0  0.0038213
-999.0000000  965.0000000 -0.0000070  0.0000000 0.0000000 0  0.0095906
-999.0000000  940.0000000 -0.0000054 -0.0000000 0.0000000 0  0.0134128
-999.0000000  915.0000000 -0.0000067 -0.0000000 0.0000000 0  0.0146874
-999.0000000  890.0000000 -0.0000081 -0.0000000 0.0000000 0  0.0136997
-999.0000000  865.0000000 -0.0000078 -0.0000000 0.0000000 0  0.0112744
-999.0000000  840.0000000 -0.0000062 -0.0000000 0.0000000 0  0.0082987
-999.0000000  815.0000000 -0.0000076 -0.0000000 0.0000000 0  0.0054319
-999.0000000  790.0000000 -0.0000107 -0.0000000 0.0000000 0  0.0032847
-999.0000000  765.0000000 -0.0000166  0.0000000 0.0000000 0  0.0020677
-999.0000000  740.0000000 -0.0000179  0.0000000 0.0000000 0  0.0013588
-999.0000000  715.0000000 -0.0000139 -0.0000000 0.0000000 0  0.0005495
-999.0000000  690.0000000 -0.0000099 -0.0000000 0.0000000 0 -0.0005975
-999.0000000  665.0000000 -0.0000066 -0.0000000 0.0000000 0 -0.0018752
-999.0000000  640.0000000 -0.0000032 -0.0000000 0.0000000 0 -0.0030134
-999.0000000  615.0000000  0.0000004 -0.0000000 0.0000000 0 -0.0037615
-999.0000000  590.0000000  0.0000036 -0.0000000 0.0000000 0 -0.0040380
-999.0000000  565.0000000  0.0000070  0.0000000 0.0000000 0 -0.0040353
-999.0000000  540.0000000  0.0000097  0.0000000 0.0000000 0 -0.0039471
-999.0000000  515.0000000  0.0000104  0.0000000 0.0000000 0 -0.0039164
-999.0000000  490.0000000  0.0000097  0.0000000 0.0000000 0 -0.0041637
-999.0000000  465.0000000  0.0000085  0.0000000 0.0000000 0 -0.0049830
-999.0000000  440.0000000  0.0000084  0.0000000 0.0000000 0 -0.0064840
-999.0000000  415.0000000  0.0000085 -0.0000000 0.0000000 0 -0.0084106
-999.0000000  390.0000000  0.0000060 -0.0000000 0.0000000 0 -0.0102101
-999.0000000  365.0000000  0.0000037 -0.0000000 0.0000000 0 -0.0112868
-999.0000000  340.0000000  0.0000026 -0.0000000 0.0000000 0 -0.0119975
-999.0000000  315.0000000 -0.0000005 -0.0000000 0.0000000 0 -0.0137605
-999.0000000  290.0000000 -0.0000017 -0.0000000 0.0000000 0 -0.0170457
-999.0000000  265.0000000  0.0000008 -0.0000000 0.0000000 0 -0.0204188
-999.0000000  240.0000000  0.0000029  0.0000000 0.0000000 0 -0.0218327
-999.0000000  215.0000000  0.0000040  0.0000000 0.0000000 0 -0.0198215
-999.0000000  190.0000000  0.0000054  0.0000000 0.0000000 0 -0.0142866
-999.0000000  165.0000000  0.0000054  0.0000000 0.0000000 0 -0.0073277
-999.0000000  140.0000000  0.0000137 -0.0000000 0.0000000 0 -0.0015754
-999.0000000  115.0000000  0.0000104 -0.0000000 0.0000000 0  0.0007744
-999.0000000   90.0000000  0.0000088 -0.0000000 0.0000000 0  0.0000004
-999.0000000   65.0000000 -0.0000020 -0.0000000 0.0000000 0 -0.0000000
-999.0000000   40.0000000 -0.0000035 -0.0000000 0.0000000 0 -0.0000000
-999.0000000   15.0000000  0.0000031 -0.0000000 0.0000000 0 -0.0000000
 259.375  45   1004.99  day,levels,pres0
-999.0000000 1115.0000000 -0.0000135  0.0000000 0.0000000 0  0.0036751
-999.0000000 1090.0000000 -0.0000135  0.0000000 0.0000000 0  0.0037594
-999.0000000 1065.0000000 -0.0000135  0.0000000 0.0000000 0  0.0038476
-999.0000000 1040.0000000 -0.0000135  0.0000000 0.0000000 0  0.0039401
-999.0000000 1015.0000000 -0.0000135  0.0000000 0.0000000 0  0.0040372
-999.0000000  990.0000000 -0.0000135  0.0000000 0.0000000 0  0.0041391
-999.0000000  965.0000000 -0.0000066 -0.0000000 0.0000000 0  0.0114005
-999.0000000  940.0000000 -0.0000022 -0.0000000 0.0000000 0  0.0175812
-999.0000000  915.0000000 -0.0000052 -0.0000000 0.0000000 0  0.0211302
-999.0000000  890.0000000 -0.0000100 -0.0000000 0.0000000 0  0.0219687
-999.0000000  865.0000000 -0.0000126 -0.0000000 0.0000000 0  0.0205695
-999.0000000  840.0000000 -0.0000123 -0.0000000 0.0000000 0  0.0176489
-999.0000000  815.0000000 -0.0000118 -0.0000000 0.0000000 0  0.0139663
-999.0000000  790.0000000 -0.0000128 -0.0000000 0.0000000 0  0.0103089
-999.0000000  765.0000000 -0.0000165  0.0000000 0.0000000 0  0.0072334
-999.0000000  740.0000000 -0.0000167 -0.0000000 0.0000000 0  0.0047082
-999.0000000  715.0000000 -0.0000129 -0.0000000 0.0000000 0  0.0022354
-999.0000000  690.0000000 -0.0000091 -0.0000000 0.0000000 0 -0.0005384
-999.0000000  665.0000000 -0.0000062 -0.0000000 0.0000000 0 -0.0036267
-999.0000000  640.0000000 -0.0000047 -0.0000000 0.0000000 0 -0.0068216
-999.0000000  615.0000000 -0.0000048 -0.0000000 0.0000000 0 -0.0096755
-999.0000000  590.0000000 -0.0000058 -0.0000000 0.0000000 0 -0.0118585
-999.0000000  565.0000000 -0.0000069  0.0000000 0.0000000 0 -0.0133000
-999.0000000  540.0000000 -0.0000068  0.0000000 0.0000000 0 -0.0139822
-999.0000000  515.0000000 -0.0000054  0.0000000 0.0000000 0 -0.0139400
-999.0000000  490.0000000 -0.0000033  0.0000000 0.0000000 0 -0.0134184
-999.0000000  465.0000000 -0.0000012  0.0000000 0.0000000 0 -0.0129033
-999.0000000  440.0000000  0.0000007  0.0000000 0.0000000 0 -0.0126648
-999.0000000  415.0000000  0.0000017 -0.0000000 0.0000000 0 -0.0125149
-999.0000000  390.0000000  0.0000016 -0.0000000 0.0000000 0 -0.0119729
-999.0000000  365.0000000  0.0000020  0.0000000 0.0000000 0 -0.0105192
-999.0000000  340.0000000  0.0000023  0.0000000 0.0000000 0 -0.0084623
-999.0000000  315.0000000  0.0000006  0.0000000 0.0000000 0 -0.0070699
-999.0000000  290.0000000 -0.0000011  0.0000000 0.0000000 0 -0.0070006
-999.0000000  265.0000000 -0.0000014  0.0000000 0.0000000 0 -0.0075773
-999.0000000  240.0000000 -0.0000018  0.0000000 0.0000000 0 -0.0077454
-999.0000000  215.0000000 -0.0000023  0.0000000 0.0000000 0 -0.0067446
-999.0000000  190.0000000 -0.0000018  0.0000000 0.0000000 0 -0.0043892
-999.0000000  165.0000000  0.0000012  0.0000000 0.0000000 0 -0.0017434
-999.0000000  140.0000000  0.0000063 -0.0000000 0.0000000 0 -0.0000477
-999.0000000  115.0000000  0.0000020 -0.0000000 0.0000000 0  0.0003113
-999.0000000   90.0000000  0.0000016 -0.0000000 0.0000000 0  0.0000001
-999.0000000   65.0000000 -0.0000056 -0.0000000 0.0000000 0 -0.0000000
-999.0000000   40.0000000 -0.0000017 -0.0000000 0.0000000 0 -0.0000000
-999.0000000   15.0000000  0.0000168 -0.0000000 0.0000000 0 -0.0000000
 259.500  45   1006.89  day,levels,pres0
-999.0000000 1115.0000000  0.0000007 -0.0000000 0.0000000 0  0.0043665
-999.0000000 1090.0000000  0.0000007 -0.0000000 0.0000000 0  0.0044667
-999.0000000 1065.0000000  0.0000007 -0.0000000 0.0000000 0  0.0045715
-999.0000000 1040.0000000  0.0000007 -0.0000000 0.0000000 0  0.0046814
-999.0000000 1015.0000000  0.0000007 -0.0000000 0.0000000 0  0.0047967
-999.0000000  990.0000000  0.0000007 -0.0000000 0.0000000 0  0.0049178
-999.0000000  965.0000000  0.0000014 -0.0000000 0.0000000 0  0.0137029
-999.0000000  940.0000000  0.0000102 -0.0000000 0.0000000 0  0.0223053
-999.0000000  915.0000000  0.0000067 -0.0000000 0.0000000 0  0.0282210
-999.0000000  890.0000000 -0.0000014 -0.0000000 0.0000000 0  0.0309869
-999.0000000  865.0000000 -0.0000073 -0.0000000 0.0000000 0  0.0307114
-999.0000000  840.0000000 -0.0000091 -0.0000000 0.0000000 0  0.0279056
-999.0000000  815.0000000 -0.0000071  0.0000000 0.0000000 0  0.0233751
-999.0000000  790.0000000 -0.0000058  0.0000000 0.0000000 0  0.0180431
-999.0000000  765.0000000 -0.0000083  0.0000000 0.0000000 0  0.0127807
-999.0000000  740.0000000 -0.0000079 -0.0000000 0.0000000 0  0.0079540
-999.0000000  715.0000000 -0.0000042 -0.0000000 0.0000000 0  0.0032410
-999.0000000  690.0000000 -0.0000010 -0.0000000 0.0000000 0 -0.0017818
-999.0000000  665.0000000  0.0000010 -0.0000000 0.0000000 0 -0.0073349
-999.0000000  640.0000000  0.0000004 -0.0000000 0.0000000 0 -0.0132758
-999.0000000  615.0000000 -0.0000031 -0.0000000 0.0000000 0 -0.0189811
-999.0000000  590.0000000 -0.0000077 -0.0000000 0.0000000 0 -0.0238857
-999.0000000  565.0000000 -0.0000120  0.0000000 0.0000000 0 -0.0276612
-999.0000000  540.0000000 -0.0000134  0.0000000 0.0000000 0 -0.0300640
-999.0000000  515.0000000 -0.0000103  0.0000000 0.0000000 0 -0.0309857
-999.0000000  490.0000000 -0.0000055  0.0000000 0.0000000 0 -0.0306510
-999.0000000  465.0000000 -0.0000009  0.0000000 0.0000000 0 -0.0296910
-999.0000000  440.0000000  0.0000020  0.0000000 0.0000000 0 -0.0284984
-999.0000000  415.0000000  0.0000032 -0.0000000 0.0000000 0 -0.0269327
-999.0000000  390.0000000  0.0000046 -0.0000000 0.0000000 0 -0.0245858
-999.0000000  365.0000000  0.0000068  0.0000000 0.0000000 0 -0.0210257
-999.0000000  340.0000000  0.0000077  0.0000000 0.0000000 0 -0.0165122
-999.0000000  315.0000000  0.0000061  0.0000000 0.0000000 0 -0.0121344
-999.0000000  290.0000000  0.0000024  0.0000000 0.0000000 0 -0.0086928
-999.0000000  265.0000000 -0.0000019  0.0000000 0.0000000 0 -0.0062051
-999.0000000  240.0000000 -0.0000054  0.0000000 0.0000000 0 -0.0045253
-999.0000000  215.0000000 -0.0000074  0.0000000 0.0000000 0 -0.0035164
-999.0000000  190.0000000 -0.0000067  0.0000000 0.0000000 0 -0.0028361
-999.0000000  165.0000000 -0.0000011 -0.0000000 0.0000000 0 -0.0023977
-999.0000000  140.0000000  0.0000005 -0.0000000 0.0000000 0 -0.0017431
-999.0000000  115.0000000 -0.0000025  0.0000000 0.0000000 0 -0.0008762
-999.0000000   90.0000000  0.0000014 -0.0000000 0.0000000 0 -0.0000011
-999.0000000   65.0000000 -0.0000017 -0.0000000 0.0000000 0 -0.0000000
-999.0000000   40.0000000  0.0000019 -0.0000000 0.0000000 0 -0.0000000
-999.0000000   15.0000000  0.0000113 -0.0000000 0.0000000 0 -0.0000000
 259.625  45   1006.34  day,levels,pres0
-999.0000000 1115.0000000  0.0000141 -0.0000000 0.0000000 0  0.0024038
-999.0000000 1090.0000000  0.0000141 -0.0000000 0.0000000 0  0.0024589
-999.0000000 1065.0000000  0.0000141 -0.0000000 0.0000000 0  0.0025166
-999.0000000 1040.0000000  0.0000141 -0.0000000 0.0000000 0  0.0025771
-999.0000000 1015.0000000  0.0000141 -0.0000000 0.0000000 0  0.0026406
-999.0000000  990.0000000  0.0000141 -0.0000000 0.0000000 0  0.0027073
-999.0000000  965.0000000  0.0000138 -0.0000000 0.0000000 0  0.0076262
-999.0000000  940.0000000  0.0000170 -0.0000000 0.0000000 0  0.0125383
-999.0000000  915.0000000  0.0000165 -0.0000000 0.0000000 0  0.0162961
-999.0000000  890.0000000  0.0000119 -0.0000000 0.0000000 0  0.0184856
-999.0000000  865.0000000  0.0000080 -0.0000000 0.0000000 0  0.0186753
-999.0000000  840.0000000  0.0000070 -0.0000000 0.0000000 0  0.0170830
-999.0000000  815.0000000  0.0000078 -0.0000000 0.0000000 0  0.0143724
-999.0000000  790.0000000  0.0000095 -0.0000000 0.0000000 0  0.0111880
-999.0000000  765.0000000  0.0000100 -0.0000000 0.0000000 0  0.0081171
-999.0000000  740.0000000  0.0000097 -0.0000000 0.0000000 0  0.0054173
-999.0000000  715.0000000  0.0000087 -0.0000000 0.0000000 0  0.0029102
-999.0000000  690.0000000  0.0000072 -0.0000000 0.0000000 0  0.0003269
-999.0000000  665.0000000  0.0000061 -0.0000000 0.0000000 0 -0.0025153
-999.0000000  640.0000000  0.0000053 -0.0000000 0.0000000 0 -0.0055750
-999.0000000  615.0000000  0.0000051  0.0000000 0.0000000 0 -0.0085065
-999.0000000  590.0000000  0.0000038  0.0000000 0.0000000 0 -0.0109734
-999.0000000  565.0000000  0.0000007  0.0000000 0.0000000 0 -0.0127509
-999.0000000  540.0000000 -0.0000017  0.0000000 0.0000000 0 -0.0137121
-999.0000000  515.0000000 -0.0000025  0.0000000 0.0000000 0 -0.0138911
-999.0000000  490.0000000 -0.0000015  0.0000000 0.0000000 0 -0.0135422
-999.0000000  465.0000000  0.0000009  0.0000000 0.0000000 0 -0.0131377
-999.0000000  440.0000000  0.0000025  0.0000000 0.0000000 0 -0.0129438
-999.0000000  415.0000000  0.0000025  0.0000000 0.0000000 0 -0.0128166
-999.0000000  390.0000000  0.0000025  0.0000000 0.0000000 0 -0.0124494
-999.0000000  365.0000000  0.0000032  0.0000000 0.0000000 0 -0.0115360
-999.0000000  340.0000000  0.0000036  0.0000000 0.0000000 0 -0.0100721
-999.0000000  315.0000000  0.0000023  0.0000000 0.0000000 0 -0.0084382
-999.0000000  290.0000000 -0.0000007  0.0000000 0.0000000 0 -0.0069559
-999.0000000  265.0000000 -0.0000044  0.0000000 0.0000000 0 -0.0056916
-999.0000000  240.0000000 -0.0000071  0.0000000 0.0000000 0 -0.0046269
-999.0000000  215.0000000 -0.0000069  0.0000000 0.0000000 0 -0.0035228
-999.0000000  190.0000000 -0.0000041  0.0000000 0.0000000 0 -0.0019111
-999.0000000  165.0000000 -0.0000017  0.0000000 0.0000000 0  0.0000290
-999.0000000  140.0000000 -0.0000065  0.0000000 0.0000000 0  0.0000249
-999.0000000  115.0000000 -0.0000058  0.0000000 0.0000000 0 -0.0009127
-999.0000000   90.0000000  0.0000029  0.0000000 0.0000000 0 -0.0000005
-999.0000000   65.0000000  0.0000022 -0.0000000 0.0000000 0 -0.0000000
-999.0000000   40.0000000  0.0000055 -0.0000000 0.0000000 0 -0.0000000
-999.0000000   15.0000000  0.0000056 -0.0000000 0.0000000 0 -0.0000000
 259.750  45   1003.02  day,levels,pres0
-999.0000000 1115.0000000  0.0000083 -0.0000000 0.0000000 0  0.0000957
-999.0000000 1090.0000000  0.0000083 -0.0000000 0.0000000 0  0.0000979
-999.0000000 1065.0000000  0.0000083 -0.0000000 0.0000000 0  0.0001002
-999.0000000 1040.0000000  0.0000083 -0.0000000 0.0000000 0  0.0001026
-999.0000000 1015.0000000  0.0000083 -0.0000000 0.0000000 0  0.0001051
-999.0000000  990.0000000  0.0000083 -0.0000000 0.0000000 0  0.0001077
-999.0000000  965.0000000  0.0000051 -0.0000000 0.0000000 0  0.0002596
-999.0000000  940.0000000  0.0000017 -0.0000000 0.0000000 0  0.0002672
-999.0000000  915.0000000  0.0000026 -0.0000000 0.0000000 0  0.0003258
-999.0000000  890.0000000  0.0000014 -0.0000000 0.0000000 0  0.0001927
-999.0000000  865.0000000 -0.0000007 -0.0000000 0.0000000 0 -0.0008711
-999.0000000  840.0000000 -0.0000005 -0.0000000 0.0000000 0 -0.0026365
-999.0000000  815.0000000 -0.0000002 -0.0000000 0.0000000 0 -0.0043179
-999.0000000  790.0000000  0.0000018 -0.0000000 0.0000000 0 -0.0054244
-999.0000000  765.0000000  0.0000040 -0.0000000 0.0000000 0 -0.0056334
-999.0000000  740.0000000  0.0000035 -0.0000000 0.0000000 0 -0.0048781
-999.0000000  715.0000000 -0.0000005 -0.0000000 0.0000000 0 -0.0033369
-999.0000000  690.0000000 -0.0000051 -0.0000000 0.0000000 0 -0.0012365
-999.0000000  665.0000000 -0.0000092 -0.0000000 0.0000000 0  0.0011939
-999.0000000  640.0000000 -0.0000105  0.0000000 0.0000000 0  0.0037861
-999.0000000  615.0000000 -0.0000077  0.0000000 0.0000000 0  0.0064435
-999.0000000  590.0000000 -0.0000060  0.0000000 0.0000000 0  0.0090991
-999.0000000  565.0000000 -0.0000072  0.0000000 0.0000000 0  0.0117035
-999.0000000  540.0000000 -0.0000091  0.0000000 0.0000000 0  0.0141761
-999.0000000  515.0000000 -0.0000113  0.0000000 0.0000000 0  0.0164375
-999.0000000  490.0000000 -0.0000120  0.0000000 0.0000000 0  0.0183481
-999.0000000  465.0000000 -0.0000102  0.0000000 0.0000000 0  0.0197777
-999.0000000  440.0000000 -0.0000084  0.0000000 0.0000000 0  0.0206934
-999.0000000  415.0000000 -0.0000071  0.0000000 0.0000000 0  0.0211636
-999.0000000  390.0000000 -0.0000062  0.0000000 0.0000000 0  0.0212723
-999.0000000  365.0000000 -0.0000050  0.0000000 0.0000000 0  0.0210103
-999.0000000  340.0000000 -0.0000042  0.0000000 0.0000000 0  0.0205245
-999.0000000  315.0000000 -0.0000046  0.0000000 0.0000000 0  0.0201388
-999.0000000  290.0000000 -0.0000062  0.0000000 0.0000000 0  0.0199858
-999.0000000  265.0000000 -0.0000084  0.0000000 0.0000000 0  0.0198947
-999.0000000  240.0000000 -0.0000095  0.0000000 0.0000000 0  0.0196117
-999.0000000  215.0000000 -0.0000080  0.0000000 0.0000000 0  0.0192447
-999.0000000  190.0000000 -0.0000048  0.0000000 0.0000000 0  0.0191313
-999.0000000  165.0000000 -0.0000080  0.0000000 0.0000000 0  0.0184137
-999.0000000  140.0000000 -0.0000162 -0.0000000 0.0000000 0  0.0107083
-999.0000000  115.0000000 -0.0000074 -0.0000000 0.0000000 0  0.0013006
-999.0000000   90.0000000  0.0000033  0.0000000 0.0000000 0 -0.0000027
-999.0000000   65.0000000  0.0000012 -0.0000000 0.0000000 0 -0.0000000
-999.0000000   40.0000000  0.0000021 -0.0000000 0.0000000 0 -0.0000000
-999.0000000   15.0000000 -0.0000012 -0.0000000 0.0000000 0 -0.0000000
 259.875  45   1002.52  day,levels,pres0
-999.0000000 1115.0000000 -0.0000058 -0.0000000 0.0000000 0  0.0003831
-999.0000000 1090.0000000 -0.0000058 -0.0000000 0.0000000 0  0.0003919
-999.0000000 1065.0000000 -0.0000058 -0.0000000 0.0000000 0  0.0004011
-999.0000000 1040.0000000 -0.0000058 -0.0000000 0.0000000 0  0.0004107
-999.0000000 1015.0000000 -0.0000058 -0.0000000 0.0000000 0  0.0004208
-999.0000000  990.0000000 -0.0000058 -0.0000000 0.0000000 0  0.0004315
-999.0000000  965.0000000 -0.0000048 -0.0000000 0.0000000 0  0.0008949
-999.0000000  940.0000000 -0.0000060 -0.0000000 0.0000000 0  0.0007476
-999.0000000  915.0000000 -0.0000042 -0.0000000 0.0000000 0  0.0004633
-999.0000000  890.0000000 -0.0000039 -0.0000000 0.0000000 0  0.0000716
-999.0000000  865.0000000 -0.0000065 -0.0000000 0.0000000 0 -0.0008443
-999.0000000  840.0000000 -0.0000087 -0.0000000 0.0000000 0 -0.0022242
-999.0000000  815.0000000 -0.0000095 -0.0000000 0.0000000 0 -0.0036689
-999.0000000  790.0000000 -0.0000086 -0.0000000 0.0000000 0 -0.0048552
-999.0000000  765.0000000 -0.0000083 -0.0000000 0.0000000 0 -0.0054880
-999.0000000  740.0000000 -0.0000102 -0.0000000 0.0000000 0 -0.0054151
-999.0000000  715.0000000 -0.0000141 -0.0000000 0.0000000 0 -0.0046352
-999.0000000  690.0000000 -0.0000179 -0.0000000 0.0000000 0 -0.0031846
-999.0000000  665.0000000 -0.0000207 -0.0000000 0.0000000 0 -0.0011174
-999.0000000  640.0000000 -0.0000217 -0.0000000 0.0000000 0  0.0014259
-999.0000000  615.0000000 -0.0000202 -0.0000000 0.0000000 0  0.0041864
-999.0000000  590.0000000 -0.0000194 -0.0000000 0.0000000 0  0.0069621
-999.0000000  565.0000000 -0.0000201  0.0000000 0.0000000 0  0.0096707
-999.0000000  540.0000000 -0.0000194  0.0000000 0.0000000 0  0.0122551
-999.0000000  515.0000000 -0.0000171  0.0000000 0.0000000 0  0.0146870
-999.0000000  490.0000000 -0.0000145  0.0000000 0.0000000 0  0.0168877
-999.0000000  465.0000000 -0.0000118  0.0000000 0.0000000 0  0.0187542
-999.0000000  440.0000000 -0.0000097  0.0000000 0.0000000 0  0.0202277
-999.0000000  415.0000000 -0.0000084  0.0000000 0.0000000 0  0.0213177
-999.0000000  390.0000000 -0.0000075  0.0000000 0.0000000 0  0.0220842
-999.0000000  365.0000000 -0.0000067  0.0000000 0.0000000 0  0.0225609
-999.0000000  340.0000000 -0.0000061  0.0000000 0.0000000 0  0.0227713
-999.0000000  315.0000000 -0.0000060  0.0000000 0.0000000 0  0.0226801
-999.0000000  290.0000000 -0.0000062  0.0000000 0.0000000 0  0.0221456
-999.0000000  265.0000000 -0.0000062  0.0000000 0.0000000 0  0.0210162
-999.0000000  240.0000000 -0.0000056  0.0000000 0.0000000 0  0.0194109
-999.0000000  215.0000000 -0.0000038  0.0000000 0.0000000 0  0.0178502
-999.0000000  190.0000000 -0.0000017  0.0000000 0.0000000 0  0.0163898
-999.0000000  165.0000000 -0.0000062  0.0000000 0.0000000 0  0.0137596
-999.0000000  140.0000000 -0.0000098  0.0000000 0.0000000 0  0.0068654
-999.0000000  115.0000000 -0.0000036  0.0000000 0.0000000 0  0.0003821
-999.0000000   90.0000000  0.0000036  0.0000000 0.0000000 0  0.0000015
-999.0000000   65.0000000  0.0000002 -0.0000000 0.0000000 0 -0.0000000
-999.0000000   40.0000000 -0.0000013 -0.0000000 0.0000000 0 -0.0000000
-999.0000000   15.0000000 -0.0000081 -0.0000000 0.0000000 0 -0.0000000
 260.000  45   1004.77  day,levels,pres0
-999.0000000 1115.0000000 -0.0000101  0.0000000 0.0000000 0  0.0017570
-999.0000000 1090.0000000 -0.0000101  0.0000000 0.0000000 0  0.0017973
-999.0000000 1065.0000000 -0.0000101  0.0000000 0.0000000 0  0.0018395
-999.0000000 1040.0000000 -0.0000101  0.0000000 0.0000000 0  0.0018837
-999.0000000 1015.0000000 -0.0000101  0.0000000 0.0000000 0  0.0019301
-999.0000000  990.0000000 -0.0000101  0.0000000 0.0000000 0  0.0019788
-999.0000000  965.0000000 -0.0000031  0.0000000 0.0000000 0  0.0047530
-999.0000000  940.0000000 -0.0000005  0.0000000 0.0000000 0  0.0067776
-999.0000000  915.0000000  0.0000031  0.0000000 0.0000000 0  0.0085816
-999.0000000  890.0000000  0.0000064 -0.0000000 0.0000000 0  0.0102404
-999.0000000  865.0000000  0.0000053 -0.0000000 0.0000000 0  0.0113839
-999.0000000  840.0000000  0.0000017 -0.0000000 0.0000000 0  0.0116390
-999.0000000  815.0000000  0.0000001 -0.0000000 0.0000000 0  0.0108583
-999.0000000  790.0000000  0.0000009 -0.0000000 0.0000000 0  0.0091311
-999.0000000  765.0000000  0.0000002 -0.0000000 0.0000000 0  0.0067746
-999.0000000  740.0000000 -0.0000027 -0.0000000 0.0000000 0  0.0042060
-999.0000000  715.0000000 -0.0000070 -0.0000000 0.0000000 0  0.0018451
-999.0000000  690.0000000 -0.0000102 -0.0000000 0.0000000 0 -0.0000141
-999.0000000  665.0000000 -0.0000118 -0.0000000 0.0000000 0 -0.0011758
-999.0000000  640.0000000 -0.0000124 -0.0000000 0.0000000 0 -0.0016964
-999.0000000  615.0000000 -0.0000119 -0.0000000 0.0000000 0 -0.0019508
-999.0000000  590.0000000 -0.0000120 -0.0000000 0.0000000 0 -0.0021876
-999.0000000  565.0000000 -0.0000124 -0.0000000 0.0000000 0 -0.0023710
-999.0000000  540.0000000 -0.0000098 -0.0000000 0.0000000 0 -0.0024184
-999.0000000  515.0000000 -0.0000038 -0.0000000 0.0000000 0 -0.0022959
-999.0000000  490.0000000  0.0000011 -0.0000000 0.0000000 0 -0.0020849
-999.0000000  465.0000000  0.0000037 -0.0000000 0.0000000 0 -0.0020396
-999.0000000  440.0000000  0.0000045  0.0000000 0.0000000 0 -0.0023459
-999.0000000  415.0000000  0.0000039  0.0000000 0.0000000 0 -0.0030121
-999.0000000  390.0000000  0.0000028  0.0000000 0.0000000 0 -0.0038979
-999.0000000  365.0000000  0.0000015  0.0000000 0.0000000 0 -0.0047420
-999.0000000  340.0000000  0.0000000  0.0000000 0.0000000 0 -0.0055289
-999.0000000  315.0000000 -0.0000014  0.0000000 0.0000000 0 -0.0065860
-999.0000000  290.0000000 -0.0000016  0.0000000 0.0000000 0 -0.0082597
-999.0000000  265.0000000 -0.0000005  0.0000000 0.0000000 0 -0.0105866
-999.0000000  240.0000000  0.0000009  0.0000000 0.0000000 0 -0.0128236
-999.0000000  215.0000000  0.0000022  0.0000000 0.0000000 0 -0.0136663
-999.0000000  190.0000000  0.0000023  0.0000000 0.0000000 0 -0.0129246
-999.0000000  165.0000000 -0.0000019  0.0000000 0.0000000 0 -0.0117140
-999.0000000  140.0000000  0.0000001  0.0000000 0.0000000 0 -0.0083196
-999.0000000  115.0000000  0.0000039  0.0000000 0.0000000 0 -0.0032714
-999.0000000   90.0000000  0.0000080  0.0000000 0.0000000 0 -0.0000001
-999.0000000   65.0000000  0.0000030 -0.0000000 0.0000000 0 -0.0000000
-999.0000000   40.0000000  0.0000002 -0.0000000 0.0000000 0 -0.0000000
-999.0000000   15.0000000 -0.0000071 -0.0000000 0.0000000 0 -0.0000000
 260.125  45   1006.11  day,levels,pres0
-999.0000000 1115.0000000 -0.0000146  0.0000000 0.0000000 0  0.0022952
-999.0000000 1090.0000000 -0.0000146  0.0000000 0.0000000 0  0.0023479
-999.0000000 1065.0000000 -0.0000146  0.0000000 0.0000000 0  0.0024030
-999.0000000 1040.0000000 -0.0000146  0.0000000 0.0000000 0  0.0024607
-999.0000000 1015.0000000 -0.0000146  0.0000000 0.0000000 0  0.0025214
-999.0000000  990.0000000 -0.0000146  0.0000000 0.0000000 0  0.0025850
-999.0000000  965.0000000 -0.0000032  0.0000000 0.0000000 0  0.0062122
-999.0000000  940.0000000  0.0000026  0.0000000 0.0000000 0  0.0090777
-999.0000000  915.0000000  0.0000054  0.0000000 0.0000000 0  0.0113395
-999.0000000  890.0000000  0.0000092 -0.0000000 0.0000000 0  0.0130777
-999.0000000  865.0000000  0.0000104 -0.0000000 0.0000000 0  0.0140728
-999.0000000  840.0000000  0.0000071 -0.0000000 0.0000000 0  0.0141212
-999.0000000  815.0000000  0.0000015 -0.0000000 0.0000000 0  0.0132237
-999.0000000  790.0000000 -0.0000016 -0.0000000 0.0000000 0  0.0115591
-999.0000000  765.0000000 -0.0000029 -0.0000000 0.0000000 0  0.0094560
-999.0000000  740.0000000 -0.0000053 -0.0000000 0.0000000 0  0.0072198
-999.0000000  715.0000000 -0.0000097 -0.0000000 0.0000000 0  0.0050460
-999.0000000  690.0000000 -0.0000127  0.0000000 0.0000000 0  0.0030334
-999.0000000  665.0000000 -0.0000130  0.0000000 0.0000000 0  0.0012468
-999.0000000  640.0000000 -0.0000108 -0.0000000 0.0000000 0 -0.0003545
-999.0000000  615.0000000 -0.0000062 -0.0000000 0.0000000 0 -0.0019521
-999.0000000  590.0000000 -0.0000032 -0.0000000 0.0000000 0 -0.0036267
-999.0000000  565.0000000 -0.0000032 -0.0000000 0.0000000 0 -0.0052731
-999.0000000  540.0000000 -0.0000021 -0.0000000 0.0000000 0 -0.0067364
-999.0000000  515.0000000  0.0000017 -0.0000000 0.0000000 0 -0.0078874
-999.0000000  490.0000000  0.0000055 -0.0000000 0.0000000 0 -0.0087798
-999.0000000  465.0000000  0.0000083 -0.0000000 0.0000000 0 -0.0097328
-999.0000000  440.0000000  0.0000092 -0.0000000 0.0000000 0 -0.0109614
-999.0000000  415.0000000  0.0000084  0.0000000 0.0000000 0 -0.0124032
-999.0000000  390.0000000  0.0000080  0.0000000 0.0000000 0 -0.0138250
-999.0000000  365.0000000  0.0000082 -0.0000000 0.0000000 0 -0.0149021
-999.0000000  340.0000000  0.0000076 -0.0000000 0.0000000 0 -0.0156082
-999.0000000  315.0000000  0.0000063  0.0000000 0.0000000 0 -0.0163282
-999.0000000  290.0000000  0.0000059  0.0000000 0.0000000 0 -0.0174856
-999.0000000  265.0000000  0.0000059  0.0000000 0.0000000 0 -0.0190479
-999.0000000  240.0000000  0.0000060  0.0000000 0.0000000 0 -0.0197602
-999.0000000  215.0000000  0.0000055  0.0000000 0.0000000 0 -0.0176781
-999.0000000  190.0000000  0.0000038  0.0000000 0.0000000 0 -0.0131428
-999.0000000  165.0000000  0.0000013  0.0000000 0.0000000 0 -0.0091598
-999.0000000  140.0000000  0.0000044  0.0000000 0.0000000 0 -0.0059750
-999.0000000  115.0000000  0.0000084  0.0000000 0.0000000 0 -0.0025374
-999.0000000   90.0000000  0.0000138  0.0000000 0.0000000 0 -0.0000003
-999.0000000   65.0000000  0.0000058 -0.0000000 0.0000000 0 -0.0000000
-999.0000000   40.0000000  0.0000016 -0.0000000 0.0000000 0 -0.0000000
-999.0000000   15.0000000 -0.0000063 -0.0000000 0.0000000 0 -0.0000000
 260.250  45   1004.25  day,levels,pres0
-999.0000000 1115.0000000 -0.0000330  0.0000000 0.0000000 0  0.0022581
-999.0000000 1090.0000000 -0.0000330  0.0000000 0.0000000 0  0.0023099
-999.0000000 1065.0000000 -0.0000330  0.0000000 0.0000000 0  0.0023641
-999.0000000 1040.0000000 -0.0000330  0.0000000 0.0000000 0  0.0024210
-999.0000000 1015.0000000 -0.0000330  0.0000000 0.0000000 0  0.0024806
-999.0000000  990.0000000 -0.0000330  0.0000000 0.0000000 0  0.0025432
-999.0000000  965.0000000 -0.0000128  0.0000000 0.0000000 0  0.0068223
-999.0000000  940.0000000 -0.0000033  0.0000000 0.0000000 0  0.0102960
-999.0000000  915.0000000 -0.0000011  0.0000000 0.0000000 0  0.0127583
-999.0000000  890.0000000  0.0000021 -0.0000000 0.0000000 0  0.0143136
-999.0000000  865.0000000  0.0000051 -0.0000000 0.0000000 0  0.0149132
-999.0000000  840.0000000  0.0000027 -0.0000000 0.0000000 0  0.0145329
-999.0000000  815.0000000 -0.0000068 -0.0000000 0.0000000 0  0.0133366
-999.0000000  790.0000000 -0.0000146 -0.0000000 0.0000000 0  0.0116073
-999.0000000  765.0000000 -0.0000169 -0.0000000 0.0000000 0  0.0096822
-999.0000000  740.0000000 -0.0000190 -0.0000000 0.0000000 0  0.0077376
-999.0000000  715.0000000 -0.0000238  0.0000000 0.0000000 0  0.0057272
-999.0000000  690.0000000 -0.0000265  0.0000000 0.0000000 0  0.0035457
-999.0000000  665.0000000 -0.0000252  0.0000000 0.0000000 0  0.0011250
-999.0000000  640.0000000 -0.0000194  0.0000000 0.0000000 0 -0.0015596
-999.0000000  615.0000000 -0.0000093 -0.0000000 0.0000000 0 -0.0044926
-999.0000000  590.0000000 -0.0000025 -0.0000000 0.0000000 0 -0.0075863
-999.0000000  565.0000000 -0.0000023 -0.0000000 0.0000000 0 -0.0106669
-999.0000000  540.0000000 -0.0000037 -0.0000000 0.0000000 0 -0.0135069
-999.0000000  515.0000000 -0.0000030 -0.0000000 0.0000000 0 -0.0158797
-999.0000000  490.0000000 -0.0000005 -0.0000000 0.0000000 0 -0.0178094
-999.0000000  465.0000000  0.0000025 -0.0000000 0.0000000 0 -0.0196793
-999.0000000  440.0000000  0.0000032 -0.0000000 0.0000000 0 -0.0217329
-999.0000000  415.0000000  0.0000020 -0.0000000 0.0000000 0 -0.0238408
-999.0000000  390.0000000  0.0000023 -0.0000000 0.0000000 0 -0.0256820
-999.0000000  365.0000000  0.0000042 -0.0000000 0.0000000 0 -0.0268752
-999.0000000  340.0000000  0.0000044 -0.0000000 0.0000000 0 -0.0273838
-999.0000000  315.0000000  0.0000026 -0.0000000 0.0000000 0 -0.0276469
-999.0000000  290.0000000  0.0000005  0.0000000 0.0000000 0 -0.0281625
-999.0000000  265.0000000 -0.0000014  0.0000000 0.0000000 0 -0.0288225
-999.0000000  240.0000000 -0.0000022 -0.0000000 0.0000000 0 -0.0278493
-999.0000000  215.0000000 -0.0000032 -0.0000000 0.0000000 0 -0.0226438
-999.0000000  190.0000000 -0.0000056 -0.0000000 0.0000000 0 -0.0140679
-999.0000000  165.0000000 -0.0000075 -0.0000000 0.0000000 0 -0.0070173
-999.0000000  140.0000000 -0.0000058  0.0000000 0.0000000 0 -0.0037511
-999.0000000  115.0000000 -0.0000015  0.0000000 0.0000000 0 -0.0017911
-999.0000000   90.0000000  0.0000071 -0.0000000 0.0000000 0  0.0000012
-999.0000000   65.0000000 -0.0000001 -0.0000000 0.0000000 0 -0.0000000
-999.0000000   40.0000000 -0.0000013 -0.0000000 0.0000000 0 -0.0000000
-999.0000000   15.0000000 -0.0000037 -0.0000000 0.0000000 0 -0.0000000
 260.375  45   1004.57  day,levels,pres0
-999.0000000 1115.0000000 -0.0000242  0.0000000 0.0000000 0  0.0016706
-999.0000000 1090.0000000 -0.0000242  0.0000000 0.0000000 0  0.0017089
-999.0000000 1065.0000000 -0.0000242  0.0000000 0.0000000 0  0.0017490
-999.0000000 1040.0000000 -0.0000242  0.0000000 0.0000000 0  0.0017911
-999.0000000 1015.0000000 -0.0000242  0.0000000 0.0000000 0  0.0018352
-999.0000000  990.0000000 -0.0000242  0.0000000 0.0000000 0  0.0018815
-999.0000000  965.0000000 -0.0000094  0.0000000 0.0000000 0  0.0051850
-999.0000000  940.0000000 -0.0000042  0.0000000 0.0000000 0  0.0078651
-999.0000000  915.0000000 -0.0000046 -0.0000000 0.0000000 0  0.0094301
-999.0000000  890.0000000 -0.0000040  0.0000000 0.0000000 0  0.0100454
-999.0000000  865.0000000 -0.0000022  0.0000000 0.0000000 0  0.0097884
-999.0000000  840.0000000 -0.0000020  0.0000000 0.0000000 0  0.0087802
-999.0000000  815.0000000 -0.0000064  0.0000000 0.0000000 0  0.0072710
-999.0000000  790.0000000 -0.0000146  0.0000000 0.0000000 0  0.0055090
-999.0000000  765.0000000 -0.0000233  0.0000000 0.0000000 0  0.0036261
-999.0000000  740.0000000 -0.0000292  0.0000000 0.0000000 0  0.0016355
-999.0000000  715.0000000 -0.0000315  0.0000000 0.0000000 0 -0.0004765
-999.0000000  690.0000000 -0.0000306  0.0000000 0.0000000 0 -0.0026558
-999.0000000  665.0000000 -0.0000256  0.0000000 0.0000000 0 -0.0047670
-999.0000000  640.0000000 -0.0000198 -0.0000000 0.0000000 0 -0.0068189
-999.0000000  615.0000000 -0.0000144 -0.0000000 0.0000000 0 -0.0090317
-999.0000000  590.0000000 -0.0000107 -0.0000000 0.0000000 0 -0.0114696
-999.0000000  565.0000000 -0.0000092 -0.0000000 0.0000000 0 -0.0139240
-999.0000000  540.0000000 -0.0000092 -0.0000000 0.0000000 0 -0.0161919
-999.0000000  515.0000000 -0.0000088 -0.0000000 0.0000000 0 -0.0181818
-999.0000000  490.0000000 -0.0000069 -0.0000000 0.0000000 0 -0.0199405
-999.0000000  465.0000000 -0.0000049 -0.0000000 0.0000000 0 -0.0216656
-999.0000000  440.0000000 -0.0000049 -0.0000000 0.0000000 0 -0.0234001
-999.0000000  415.0000000 -0.0000064 -0.0000000 0.0000000 0 -0.0249373
-999.0000000  390.0000000 -0.0000065 -0.0000000 0.0000000 0 -0.0261843
-999.0000000  365.0000000 -0.0000050 -0.0000000 0.0000000 0 -0.0272820
-999.0000000  340.0000000 -0.0000047 -0.0000000 0.0000000 0 -0.0283714
-999.0000000  315.0000000 -0.0000062 -0.0000000 0.0000000 0 -0.0294122
-999.0000000  290.0000000 -0.0000086 -0.0000000 0.0000000 0 -0.0301120
-999.0000000  265.0000000 -0.0000114 -0.0000000 0.0000000 0 -0.0297299
-999.0000000  240.0000000 -0.0000130 -0.0000000 0.0000000 0 -0.0269198
-999.0000000  215.0000000 -0.0000128 -0.0000000 0.0000000 0 -0.0209512
-999.0000000  190.0000000 -0.0000130 -0.0000000 0.0000000 0 -0.0140200
-999.0000000  165.0000000 -0.0000149 -0.0000000 0.0000000 0 -0.0092655
-999.0000000  140.0000000 -0.0000165  0.0000000 0.0000000 0 -0.0055640
-999.0000000  115.0000000 -0.0000131  0.0000000 0.0000000 0 -0.0019894
-999.0000000   90.0000000 -0.0000021 -0.0000000 0.0000000 0  0.0000005
-999.0000000   65.0000000 -0.0000060 -0.0000000 0.0000000 0 -0.0000000
-999.0000000   40.0000000 -0.0000041 -0.0000000 0.0000000 0 -0.0000000
-999.0000000   15.0000000 -0.0000010 -0.0000000 0.0000000 0 -0.0000000
 260.500  45   1006.61  day,levels,pres0
-999.0000000 1115.0000000  0.0000009  0.0000000 0.0000000 0  0.0011256
-999.0000000 1090.0000000  0.0000009  0.0000000 0.0000000 0  0.0011514
-999.0000000 1065.0000000  0.0000009  0.0000000 0.0000000 0  0.0011785
-999.0000000 1040.0000000  0.0000009  0.0000000 0.0000000 0  0.0012068
-999.0000000 1015.0000000  0.0000009  0.0000000 0.0000000 0  0.0012365
-999.0000000  990.0000000  0.0000009  0.0000000 0.0000000 0  0.0012677
-999.0000000  965.0000000  0.0000127  0.0000000 0.0000000 0  0.0035946
-999.0000000  940.0000000  0.0000130  0.0000000 0.0000000 0  0.0054938
-999.0000000  915.0000000  0.0000090  0.0000000 0.0000000 0  0.0061624
-999.0000000  890.0000000  0.0000066  0.0000000 0.0000000 0  0.0058062
-999.0000000  865.0000000  0.0000069  0.0000000 0.0000000 0  0.0046520
-999.0000000  840.0000000  0.0000096  0.0000000 0.0000000 0  0.0030069
-999.0000000  815.0000000  0.0000097  0.0000000 0.0000000 0  0.0012068
-999.0000000  790.0000000  0.0000004  0.0000000 0.0000000 0 -0.0005644
-999.0000000  765.0000000 -0.0000155  0.0000001 0.0000000 0 -0.0023569
-999.0000000  740.0000000 -0.0000258  0.0000001 0.0000000 0 -0.0042577
-999.0000000  715.0000000 -0.0000261  0.0000001 0.0000000 0 -0.0062069
-999.0000000  690.0000000 -0.0000220  0.0000000 0.0000000 0 -0.0079809
-999.0000000  665.0000000 -0.0000144  0.0000000 0.0000000 0 -0.0092381
-999.0000000  640.0000000 -0.0000094 -0.0000000 0.0000000 0 -0.0099626
-999.0000000  615.0000000 -0.0000091 -0.0000000 0.0000000 0 -0.0105963
-999.0000000  590.0000000 -0.0000087 -0.0000000 0.0000000 0 -0.0113659
-999.0000000  565.0000000 -0.0000063 -0.0000000 0.0000000 0 -0.0120745
-999.0000000  540.0000000 -0.0000052 -0.0000000 0.0000000 0 -0.0125861
-999.0000000  515.0000000 -0.0000061 -0.0000000 0.0000000 0 -0.0129807
-999.0000000  490.0000000 -0.0000059 -0.0000000 0.0000000 0 -0.0133825
-999.0000000  465.0000000 -0.0000050 -0.0000000 0.0000000 0 -0.0138754
-999.0000000  440.0000000 -0.0000049 -0.0000000 0.0000000 0 -0.0143445
-999.0000000  415.0000000 -0.0000054 -0.0000000 0.0000000 0 -0.0145082
-999.0000000  390.0000000 -0.0000046 -0.0000000 0.0000000 0 -0.0145015
-999.0000000  365.0000000 -0.0000025 -0.0000000 0.0000000 0 -0.0149975
-999.0000000  340.0000000 -0.0000009 -0.0000000 0.0000000 0 -0.0163241
-999.0000000  315.0000000 -0.0000010 -0.0000000 0.0000000 0 -0.0179774
-999.0000000  290.0000000 -0.0000032 -0.0000000 0.0000000 0 -0.0188956
-999.0000000  265.0000000 -0.0000072 -0.0000000 0.0000000 0 -0.0177478
-999.0000000  240.0000000 -0.0000100 -0.0000000 0.0000000 0 -0.0137164
-999.0000000  215.0000000 -0.0000084 -0.0000000 0.0000000 0 -0.0080462
-999.0000000  190.0000000 -0.0000046 -0.0000000 0.0000000 0 -0.0043463
-999.0000000  165.0000000 -0.0000047 -0.0000000 0.0000000 0 -0.0041649
-999.0000000  140.0000000 -0.0000109 -0.0000000 0.0000000 0 -0.0034954
-999.0000000  115.0000000 -0.0000092  0.0000000 0.0000000 0 -0.0013055
-999.0000000   90.0000000  0.0000023 -0.0000000 0.0000000 0 -0.0000001
-999.0000000   65.0000000  0.0000002 -0.0000000 0.0000000 0 -0.0000000
-999.0000000   40.0000000  0.0000029 -0.0000000 0.0000000 0 -0.0000000
-999.0000000   15.0000000  0.0000055 -0.0000000 0.0000000 0 -0.0000000
 260.625  45   1006.41  day,levels,pres0
-999.0000000 1115.0000000  0.0000155 -0.0000000 0.0000000 0  0.0011696
-999.0000000 1090.0000000  0.0000155 -0.0000000 0.0000000 0  0.0011964
-999.0000000 1065.0000000  0.0000155 -0.0000000 0.0000000 0  0.0012245
-999.0000000 1040.0000000  0.0000155 -0.0000000 0.0000000 0  0.0012540
-999.0000000 1015.0000000  0.0000155 -0.0000000 0.0000000 0  0.0012849
-999.0000000  990.0000000  0.0000155 -0.0000000 0.0000000 0  0.0013173
-999.0000000  965.0000000  0.0000219 -0.0000000 0.0000000 0  0.0035433
-999.0000000  940.0000000  0.0000222  0.0000000 0.0000000 0  0.0053892
-999.0000000  915.0000000  0.0000189  0.0000000 0.0000000 0  0.0064291
-999.0000000  890.0000000  0.0000171  0.0000000 0.0000000 0  0.0071284
-999.0000000  865.0000000  0.0000149  0.0000000 0.0000000 0  0.0078467
-999.0000000  840.0000000  0.0000122  0.0000000 0.0000000 0  0.0086894
-999.0000000  815.0000000  0.0000093  0.0000000 0.0000000 0  0.0096469
-999.0000000  790.0000000  0.0000050  0.0000000 0.0000000 0  0.0106778
-999.0000000  765.0000000  0.0000011  0.0000000 0.0000000 0  0.0117397
-999.0000000  740.0000000 -0.0000004  0.0000000 0.0000000 0  0.0128134
-999.0000000  715.0000000  0.0000001  0.0000000 0.0000000 0  0.0139449
-999.0000000  690.0000000  0.0000016  0.0000000 0.0000000 0  0.0152608
-999.0000000  665.0000000  0.0000036 -0.0000000 0.0000000 0  0.0169393
-999.0000000  640.0000000  0.0000031 -0.0000000 0.0000000 0  0.0189467
-999.0000000  615.0000000 -0.0000010 -0.0000000 0.0000000 0  0.0209414
-999.0000000  590.0000000 -0.0000051 -0.0000000 0.0000000 0  0.0226887
-999.0000000  565.0000000 -0.0000083 -0.0000000 0.0000000 0  0.0242038
-999.0000000  540.0000000 -0.0000130 -0.0000000 0.0000000 0  0.0255763
-999.0000000  515.0000000 -0.0000193 -0.0000000 0.0000000 0  0.0269393
-999.0000000  490.0000000 -0.0000221 -0.0000000 0.0000000 0  0.0284364
-999.0000000  465.0000000 -0.0000195 -0.0000000 0.0000000 0  0.0302213
-999.0000000  440.0000000 -0.0000156 -0.0000000 0.0000000 0  0.0324550
-999.0000000  415.0000000 -0.0000122 -0.0000000 0.0000000 0  0.0352188
-999.0000000  390.0000000 -0.0000093 -0.0000000 0.0000000 0  0.0382562
-999.0000000  365.0000000 -0.0000065 -0.0000000 0.0000000 0  0.0409179
-999.0000000  340.0000000 -0.0000036 -0.0000000 0.0000000 0  0.0427783
-999.0000000  315.0000000 -0.0000011 -0.0000000 0.0000000 0  0.0439201
-999.0000000  290.0000000 -0.0000002 -0.0000000 0.0000000 0  0.0446723
-999.0000000  265.0000000 -0.0000011  0.0000000 0.0000000 0  0.0453039
-999.0000000  240.0000000 -0.0000017  0.0000000 0.0000000 0  0.0453878
-999.0000000  215.0000000 -0.0000008  0.0000000 0.0000000 0  0.0431061
-999.0000000  190.0000000 -0.0000020 -0.0000000 0.0000000 0  0.0359134
-999.0000000  165.0000000 -0.0000085  0.0000000 0.0000000 0  0.0239071
-999.0000000  140.0000000 -0.0000109  0.0000000 0.0000000 0  0.0093256
-999.0000000  115.0000000 -0.0000042  0.0000000 0.0000000 0  0.0000745
-999.0000000   90.0000000  0.0000066 -0.0000000 0.0000000 0  0.0000014
-999.0000000   65.0000000  0.0000064 -0.0000000 0.0000000 0 -0.0000000
-999.0000000   40.0000000  0.0000099 -0.0000000 0.0000000 0 -0.0000000
-999.0000000   15.0000000  0.0000121 -0.0000000 0.0000000 0 -0.0000000
 260.750  45   1002.47  day,levels,pres0
-999.0000000 1115.0000000 -0.0000020  0.0000000 0.0000000 0  0.0005827
-999.0000000 1090.0000000 -0.0000020  0.0000000 0.0000000 0  0.0005961
-999.0000000 1065.0000000 -0.0000020  0.0000000 0.0000000 0  0.0006101
-999.0000000 1040.0000000 -0.0000020  0.0000000 0.0000000 0  0.0006248
-999.0000000 1015.0000000 -0.0000020  0.0000000 0.0000000 0  0.0006402
-999.0000000  990.0000000 -0.0000020  0.0000000 0.0000000 0  0.0006563
-999.0000000  965.0000000 -0.0000025  0.0000000 0.0000000 0  0.0020704
-999.0000000  940.0000000 -0.0000036  0.0000000 0.0000000 0  0.0033231
-999.0000000  915.0000000 -0.0000001  0.0000000 0.0000000 0  0.0042888
-999.0000000  890.0000000  0.0000024  0.0000000 0.0000000 0  0.0056196
-999.0000000  865.0000000 -0.0000003  0.0000000 0.0000000 0  0.0078360
-999.0000000  840.0000000 -0.0000072  0.0000000 0.0000000 0  0.0108505
-999.0000000  815.0000000 -0.0000121 -0.0000000 0.0000000 0  0.0142609
-999.0000000  790.0000000 -0.0000115 -0.0000000 0.0000000 0  0.0177326
-999.0000000  765.0000000 -0.0000059 -0.0000000 0.0000000 0  0.0211903
-999.0000000  740.0000000 -0.0000014 -0.0000000 0.0000000 0  0.0247266
-999.0000000  715.0000000 -0.0000007 -0.0000000 0.0000000 0  0.0284791
-999.0000000  690.0000000 -0.0000014 -0.0000000 0.0000000 0  0.0325332
-999.0000000  665.0000000 -0.0000034 -0.0000000 0.0000000 0  0.0369058
-999.0000000  640.0000000 -0.0000073 -0.0000000 0.0000000 0  0.0414879
-999.0000000  615.0000000 -0.0000135 -0.0000000 0.0000000 0  0.0459650
-999.0000000  590.0000000 -0.0000210 -0.0000000 0.0000000 0  0.0500263
-999.0000000  565.0000000 -0.0000301 -0.0000000 0.0000000 0  0.0534541
-999.0000000  540.0000000 -0.0000410 -0.0000000 0.0000000 0  0.0562638
-999.0000000  515.0000000 -0.0000515 -0.0000000 0.0000000 0  0.0588500
-999.0000000  490.0000000 -0.0000545 -0.0000000 0.0000000 0  0.0617094
-999.0000000  465.0000000 -0.0000473 -0.0000000 0.0000000 0  0.0653047
-999.0000000  440.0000000 -0.0000379 -0.0000000 0.0000000 0  0.0698897
-999.0000000  415.0000000 -0.0000303 -0.0000000 0.0000000 0  0.0753599
-999.0000000  390.0000000 -0.0000255 -0.0000000 0.0000000 0  0.0813348
-999.0000000  365.0000000 -0.0000225 -0.0000000 0.0000000 0  0.0871723
-999.0000000  340.0000000 -0.0000187 -0.0000000 0.0000000 0  0.0923185
-999.0000000  315.0000000 -0.0000137 -0.0000000 0.0000000 0  0.0964166
-999.0000000  290.0000000 -0.0000096 -0.0000000 0.0000000 0  0.0990611
-999.0000000  265.0000000 -0.0000068  0.0000000 0.0000000 0  0.0994996
-999.0000000  240.0000000 -0.0000041  0.0000000 0.0000000 0  0.0961689
-999.0000000  215.0000000 -0.0000026  0.0000000 0.0000000 0  0.0868380
-999.0000000  190.0000000 -0.0000097  0.0000000 0.0000000 0  0.0701852
-999.0000000  165.0000000 -0.0000255  0.0000000 0.0000000 0  0.0479640
-999.0000000  140.0000000 -0.0000250  0.0000000 0.0000000 0  0.0203876
-999.0000000  115.0000000 -0.0000112  0.0000000 0.0000000 0  0.0011524
-999.0000000   90.0000000  0.0000002  0.0000000 0.0000000 0  0.0000052
-999.0000000   65.0000000  0.0000016 -0.0000000 0.0000000 0 -0.0000000
-999.0000000   40.0000000  0.0000030 -0.0000000 0.0000000 0 -0.0000000
-999.0000000   15.0000000  0.0000025 -0.0000000 0.0000000 0 -0.0000000
 260.875  45   1002.53  day,levels,pres0
-999.0000000 1115.0000000 -0.0000109  0.0000000 0.0000000 0 -0.0025332
-999.0000000 1090.0000000 -0.0000109  0.0000000 0.0000000 0 -0.0025913
-999.0000000 1065.0000000 -0.0000109  0.0000000 0.0000000 0 -0.0026521
-999.0000000 1040.0000000 -0.0000109  0.0000000 0.0000000 0 -0.0027159
-999.0000000 1015.0000000 -0.0000109  0.0000000 0.0000000 0 -0.0027828
-999.0000000  990.0000000 -0.0000109  0.0000000 0.0000000 0 -0.0028530
-999.0000000  965.0000000 -0.0000147  0.0000000 0.0000000 0 -0.0087057
-999.0000000  940.0000000 -0.0000118  0.0000000 0.0000000 0 -0.0136891
-999.0000000  915.0000000 -0.0000070  0.0000000 0.0000000 0 -0.0167880
-999.0000000  890.0000000 -0.0000050 -0.0000000 0.0000000 0 -0.0182459
-999.0000000  865.0000000 -0.0000080 -0.0000000 0.0000000 0 -0.0183628
-999.0000000  840.0000000 -0.0000129 -0.0000000 0.0000000 0 -0.0174124
-999.0000000  815.0000000 -0.0000155 -0.0000000 0.0000000 0 -0.0157598
-999.0000000  790.0000000 -0.0000161 -0.0000000 0.0000000 0 -0.0137631
-999.0000000  765.0000000 -0.0000151 -0.0000000 0.0000000 0 -0.0116583
-999.0000000  740.0000000 -0.0000151 -0.0000000 0.0000000 0 -0.0095617
-999.0000000  715.0000000 -0.0000169 -0.0000000 0.0000000 0 -0.0075218
-999.0000000  690.0000000 -0.0000185 -0.0000000 0.0000000 0 -0.0055747
-999.0000000  665.0000000 -0.0000199 -0.0000000 0.0000000 0 -0.0037646
-999.0000000  640.0000000 -0.0000214 -0.0000000 0.0000000 0 -0.0021844
-999.0000000  615.0000000 -0.0000233 -0.0000000 0.0000000 0 -0.0009805
-999.0000000  590.0000000 -0.0000260 -0.0000000 0.0000000 0 -0.0002174
-999.0000000  565.0000000 -0.0000298 -0.0000000 0.0000000 0  0.0002020
-999.0000000  540.0000000 -0.0000350 -0.0000000 0.0000000 0  0.0005797
-999.0000000  515.0000000 -0.0000405 -0.0000000 0.0000000 0  0.0014383
-999.0000000  490.0000000 -0.0000431 -0.0000000 0.0000000 0  0.0032768
-999.0000000  465.0000000 -0.0000414 -0.0000000 0.0000000 0  0.0064271
-999.0000000  440.0000000 -0.0000378 -0.0000000 0.0000000 0  0.0108994
-999.0000000  415.0000000 -0.0000331 -0.0000000 0.0000000 0  0.0162851
-999.0000000  390.0000000 -0.0000289 -0.0000000 0.0000000 0  0.0220507
-999.0000000  365.0000000 -0.0000244 -0.0000000 0.0000000 0  0.0276753
-999.0000000  340.0000000 -0.0000190 -0.0000000 0.0000000 0  0.0326981
-999.0000000  315.0000000 -0.0000134 -0.0000000 0.0000000 0  0.0367111
-999.0000000  290.0000000 -0.0000098 -0.0000000 0.0000000 0  0.0392492
-999.0000000  265.0000000 -0.0000087  0.0000000 0.0000000 0  0.0396397
-999.0000000  240.0000000 -0.0000092  0.0000000 0.0000000 0  0.0368005
-999.0000000  215.0000000 -0.0000122  0.0000000 0.0000000 0  0.0297446
-999.0000000  190.0000000 -0.0000206  0.0000000 0.0000000 0  0.0195389
-999.0000000  165.0000000 -0.0000288  0.0000000 0.0000000 0  0.0106176
-999.0000000  140.0000000 -0.0000225  0.0000000 0.0000000 0  0.0033135
-999.0000000  115.0000000 -0.0000129  0.0000000 0.0000000 0 -0.0010057
-999.0000000   90.0000000 -0.0000048 -0.0000000 0.0000000 0  0.0000011
-999.0000000   65.0000000 -0.0000032 -0.0000000 0.0000000 0 -0.0000000
-999.0000000   40.0000000 -0.0000040 -0.0000000 0.0000000 0 -0.0000000
-999.0000000   15.0000000 -0.0000072 -0.0000000 0.0000000 0 -0.0000000
 261.000  45   1005.68  day,levels,pres0
-999.0000000 1115.0000000 -0.0000146  0.0000000 0.0000000 0 -0.0026611
-999.0000000 1090.0000000 -0.0000146  0.0000000 0.0000000 0 -0.0027221
-999.0000000 1065.0000000 -0.0000146  0.0000000 0.0000000 0 -0.0027860
-999.0000000 1040.0000000 -0.0000146  0.0000000 0.0000000 0 -0.0028530
-999.0000000 1015.0000000 -0.0000146  0.0000000 0.0000000 0 -0.0029232
-999.0000000  990.0000000 -0.0000146  0.0000000 0.0000000 0 -0.0029971
-999.0000000  965.0000000 -0.0000135  0.0000000 0.0000000 0 -0.0079984
-999.0000000  940.0000000  0.0000026  0.0000000 0.0000000 0 -0.0107184
-999.0000000  915.0000000  0.0000094  0.0000000 0.0000000 0 -0.0095319
-999.0000000  890.0000000  0.0000111  0.0000000 0.0000000 0 -0.0059258
-999.0000000  865.0000000  0.0000095 -0.0000000 0.0000000 0 -0.0012620
-999.0000000  840.0000000  0.0000086 -0.0000000 0.0000000 0  0.0038148
-999.0000000  815.0000000  0.0000093 -0.0000000 0.0000000 0  0.0089484
-999.0000000  790.0000000  0.0000082 -0.0000000 0.0000000 0  0.0137664
-999.0000000  765.0000000  0.0000056 -0.0000000 0.0000000 0  0.0178758
-999.0000000  740.0000000  0.0000026 -0.0000000 0.0000000 0  0.0209323
-999.0000000  715.0000000 -0.0000006 -0.0000000 0.0000000 0  0.0226900
-999.0000000  690.0000000 -0.0000027 -0.0000000 0.0000000 0  0.0229738
-999.0000000  665.0000000 -0.0000034 -0.0000000 0.0000000 0  0.0216124
-999.0000000  640.0000000 -0.0000030 -0.0000000 0.0000000 0  0.0185131
-999.0000000  615.0000000 -0.0000012 -0.0000000 0.0000000 0  0.0137327
-999.0000000  590.0000000  0.0000002 -0.0000000 0.0000000 0  0.0076392
-999.0000000  565.0000000  0.0000008 -0.0000000 0.0000000 0  0.0009891
-999.0000000  540.0000000  0.0000008 -0.0000000 0.0000000 0 -0.0053824
-999.0000000  515.0000000  0.0000005  0.0000000 0.0000000 0 -0.0106932
-999.0000000  490.0000000 -0.0000003  0.0000000 0.0000000 0 -0.0143685
-999.0000000  465.0000000 -0.0000019  0.0000000 0.0000000 0 -0.0162379
-999.0000000  440.0000000 -0.0000026  0.0000000 0.0000000 0 -0.0165867
-999.0000000  415.0000000 -0.0000015  0.0000000 0.0000000 0 -0.0161547
-999.0000000  390.0000000 -0.0000000  0.0000000 0.0000000 0 -0.0156011
-999.0000000  365.0000000  0.0000018  0.0000000 0.0000000 0 -0.0152435
-999.0000000  340.0000000  0.0000037  0.0000000 0.0000000 0 -0.0153496
-999.0000000  315.0000000  0.0000044 -0.0000000 0.0000000 0 -0.0162698
-999.0000000  290.0000000  0.0000021  0.0000000 0.0000000 0 -0.0185157
-999.0000000  265.0000000 -0.0000030  0.0000000 0.0000000 0 -0.0227367
-999.0000000  240.0000000 -0.0000092  0.0000000 0.0000000 0 -0.0294758
-999.0000000  215.0000000 -0.0000158  0.0000000 0.0000000 0 -0.0381961
-999.0000000  190.0000000 -0.0000223  0.0000000 0.0000000 0 -0.0446693
-999.0000000  165.0000000 -0.0000223  0.0000000 0.0000000 0 -0.0403341
-999.0000000  140.0000000 -0.0000110  0.0000000 0.0000000 0 -0.0225538
-999.0000000  115.0000000 -0.0000047  0.0000000 0.0000000 0 -0.0057405
-999.0000000   90.0000000 -0.0000012  0.0000000 0.0000000 0  0.0000025
-999.0000000   65.0000000  0.0000008 -0.0000000 0.0000000 0 -0.0000000
-999.0000000   40.0000000 -0.0000003 -0.0000000 0.0000000 0 -0.0000000
-999.0000000   15.0000000 -0.0000038 -0.0000000 0.0000000 0 -0.0000000
 261.125  45   1006.65  day,levels,pres0
-999.0000000 1115.0000000 -0.0000125  0.0000000 0.0000000 0 -0.0003332
-999.0000000 1090.0000000 -0.0000125  0.0000000 0.0000000 0 -0.0003409
-999.0000000 1065.0000000 -0.0000125  0.0000000 0.0000000 0 -0.0003489
-999.0000000 1040.0000000 -0.0000125  0.0000000 0.0000000 0 -0.0003573
-999.0000000 1015.0000000 -0.0000125  0.0000000 0.0000000 0 -0.0003661
-999.0000000  990.0000000 -0.0000125  0.0000000 0.0000000 0 -0.0003753
-999.0000000  965.0000000 -0.0000088  0.0000000 0.0000000 0 -0.0008949
-999.0000000  940.0000000  0.0000063  0.0000000 0.0000000 0  0.0000664
-999.0000000  915.0000000  0.0000104  0.0000000 0.0000000 0  0.0033062
-999.0000000  890.0000000  0.0000117  0.0000000 0.0000000 0  0.0078148
-999.0000000  865.0000000  0.0000107  0.0000000 0.0000000 0  0.0126525
-999.0000000  840.0000000  0.0000105  0.0000000 0.0000000 0  0.0172605
-999.0000000  815.0000000  0.0000137 -0.0000000 0.0000000 0  0.0213358
-999.0000000  790.0000000  0.0000166 -0.0000000 0.0000000 0  0.0247145
-999.0000000  765.0000000  0.0000170 -0.0000000 0.0000000 0  0.0272971
-999.0000000  740.0000000  0.0000147 -0.0000000 0.0000000 0  0.0289641
-999.0000000  715.0000000  0.0000108 -0.0000000 0.0000000 0  0.0295692
-999.0000000  690.0000000  0.0000075  0.0000000 0.0000000 0  0.0289527
-999.0000000  665.0000000  0.0000050  0.0000000 0.0000000 0  0.0269206
-999.0000000  640.0000000  0.0000034  0.0000000 0.0000000 0  0.0233168
-999.0000000  615.0000000  0.0000026  0.0000000 0.0000000 0  0.0180913
-999.0000000  590.0000000  0.0000025  0.0000000 0.0000000 0  0.0114768
-999.0000000  565.0000000  0.0000031  0.0000000 0.0000000 0  0.0040370
-999.0000000  540.0000000  0.0000041  0.0000000 0.0000000 0 -0.0036179
-999.0000000  515.0000000  0.0000054  0.0000000 0.0000000 0 -0.0109590
-999.0000000  490.0000000  0.0000072  0.0000000 0.0000000 0 -0.0175667
-999.0000000  465.0000000  0.0000093  0.0000000 0.0000000 0 -0.0231980
-999.0000000  440.0000000  0.0000119  0.0000000 0.0000000 0 -0.0278821
-999.0000000  415.0000000  0.0000148 -0.0000000 0.0000000 0 -0.0318857
-999.0000000  390.0000000  0.0000168 -0.0000000 0.0000000 0 -0.0353710
-999.0000000  365.0000000  0.0000172 -0.0000000 0.0000000 0 -0.0382515
-999.0000000  340.0000000  0.0000162 -0.0000000 0.0000000 0 -0.0403885
-999.0000000  315.0000000  0.0000135 -0.0000000 0.0000000 0 -0.0417600
-999.0000000  290.0000000  0.0000086 -0.0000000 0.0000000 0 -0.0427814
-999.0000000  265.0000000  0.0000024  0.0000000 0.0000000 0 -0.0444071
-999.0000000  240.0000000 -0.0000040  0.0000000 0.0000000 0 -0.0477280
-999.0000000  215.0000000 -0.0000103  0.0000000 0.0000000 0 -0.0526387
-999.0000000  190.0000000 -0.0000138  0.0000000 0.0000000 0 -0.0548710
-999.0000000  165.0000000 -0.0000096  0.0000000 0.0000000 0 -0.0463226
-999.0000000  140.0000000 -0.0000010  0.0000000 0.0000000 0 -0.0247615
-999.0000000  115.0000000  0.0000035 -0.0000000 0.0000000 0 -0.0055806
-999.0000000   90.0000000  0.0000070  0.0000000 0.0000000 0 -0.0000070
-999.0000000   65.0000000  0.0000046 -0.0000000 0.0000000 0 -0.0000000
-999.0000000   40.0000000  0.0000034 -0.0000000 0.0000000 0 -0.0000000
-999.0000000   15.0000000 -0.0000004 -0.0000000 0.0000000 0 -0.0000000
 261.250  45   1004.92  day,levels,pres0
-999.0000000 1115.0000000 -0.0000198  0.0000000 0.0000000 0  0.0007153
-999.0000000 1090.0000000 -0.0000198  0.0000000 0.0000000 0  0.0007317
-999.0000000 1065.0000000 -0.0000198  0.0000000 0.0000000 0  0.0007489
-999.0000000 1040.0000000 -0.0000198  0.0000000 0.0000000 0  0.0007669
-999.0000000 1015.0000000 -0.0000198  0.0000000 0.0000000 0  0.0007858
-999.0000000  990.0000000 -0.0000198  0.0000000 0.0000000 0  0.0008056
-999.0000000  965.0000000 -0.0000179 -0.0000000 0.0000000 0  0.0023388
-999.0000000  940.0000000 -0.0000029  0.0000000 0.0000000 0  0.0045028
-999.0000000  915.0000000 -0.0000006  0.0000000 0.0000000 0  0.0074922
-999.0000000  890.0000000 -0.0000018  0.0000000 0.0000000 0  0.0109340
-999.0000000  865.0000000 -0.0000054  0.0000000 0.0000000 0  0.0144095
-999.0000000  840.0000000 -0.0000083  0.0000000 0.0000000 0  0.0175699
-999.0000000  815.0000000 -0.0000054  0.0000000 0.0000000 0  0.0202429
-999.0000000  790.0000000 -0.0000004  0.0000000 0.0000000 0  0.0224583
-999.0000000  765.0000000  0.0000027  0.0000000 0.0000000 0  0.0243098
-999.0000000  740.0000000  0.0000018  0.0000000 0.0000000 0  0.0257943
-999.0000000  715.0000000 -0.0000018  0.0000000 0.0000000 0  0.0268020
-999.0000000  690.0000000 -0.0000054  0.0000000 0.0000000 0  0.0271969
-999.0000000  665.0000000 -0.0000087  0.0000000 0.0000000 0  0.0268215
-999.0000000  640.0000000 -0.0000113  0.0000000 0.0000000 0  0.0255024
-999.0000000  615.0000000 -0.0000136  0.0000000 0.0000000 0  0.0230861
-999.0000000  590.0000000 -0.0000145  0.0000000 0.0000000 0  0.0196083
-999.0000000  565.0000000 -0.0000138  0.0000000 0.0000000 0  0.0153129
-999.0000000  540.0000000 -0.0000126  0.0000000 0.0000000 0  0.0104632
-999.0000000  515.0000000 -0.0000110  0.0000000 0.0000000 0  0.0052641
-999.0000000  490.0000000 -0.0000087 -0.0000000 0.0000000 0 -0.0000953
-999.0000000  465.0000000 -0.0000050 -0.0000000 0.0000000 0 -0.0053952
-999.0000000  440.0000000 -0.0000001 -0.0000000 0.0000000 0 -0.0104678
-999.0000000  415.0000000  0.0000053 -0.0000000 0.0000000 0 -0.0151589
-999.0000000  390.0000000  0.0000098 -0.0000000 0.0000000 0 -0.0192227
-999.0000000  365.0000000  0.0000122 -0.0000000 0.0000000 0 -0.0223048
-999.0000000  340.0000000  0.0000127 -0.0000000 0.0000000 0 -0.0239893
-999.0000000  315.0000000  0.0000114 -0.0000000 0.0000000 0 -0.0239959
-999.0000000  290.0000000  0.0000082 -0.0000000 0.0000000 0 -0.0227445
-999.0000000  265.0000000  0.0000034 -0.0000000 0.0000000 0 -0.0216386
-999.0000000  240.0000000 -0.0000033  0.0000000 0.0000000 0 -0.0225505
-999.0000000  215.0000000 -0.0000107  0.0000000 0.0000000 0 -0.0260502
-999.0000000  190.0000000 -0.0000123  0.0000000 0.0000000 0 -0.0283276
-999.0000000  165.0000000 -0.0000050  0.0000000 0.0000000 0 -0.0230561
-999.0000000  140.0000000  0.0000019  0.0000000 0.0000000 0 -0.0110375
-999.0000000  115.0000000  0.0000052 -0.0000000 0.0000000 0 -0.0016813
-999.0000000   90.0000000  0.0000083  0.0000000 0.0000000 0 -0.0000025
-999.0000000   65.0000000 -0.0000003 -0.0000000 0.0000000 0 -0.0000000
-999.0000000   40.0000000 -0.0000017 -0.0000000 0.0000000 0 -0.0000000
-999.0000000   15.0000000  0.0000007 -0.0000000 0.0000000 0 -0.0000000
 261.375  45   1005.18  day,levels,pres0
-999.0000000 1115.0000000 -0.0000208  0.0000000 0.0000000 0  0.0014552
-999.0000000 1090.0000000 -0.0000208  0.0000000 0.0000000 0  0.0014886
-999.0000000 1065.0000000 -0.0000208  0.0000000 0.0000000 0  0.0015235
-999.0000000 1040.0000000 -0.0000208  0.0000000 0.0000000 0  0.0015601
-999.0000000 1015.0000000 -0.0000208  0.0000000 0.0000000 0  0.0015985
-999.0000000  990.0000000 -0.0000208  0.0000000 0.0000000 0  0.0016389
-999.0000000  965.0000000 -0.0000202  0.0000000 0.0000000 0  0.0044798
-999.0000000  940.0000000 -0.0000137  0.0000000 0.0000000 0  0.0074038
-999.0000000  915.0000000 -0.0000131  0.0000000 0.0000000 0  0.0102935
-999.0000000  890.0000000 -0.0000128  0.0000000 0.0000000 0  0.0130834
-999.0000000  865.0000000 -0.0000144  0.0000000 0.0000000 0  0.0157542
-999.0000000  840.0000000 -0.0000158  0.0000000 0.0000000 0  0.0182237
-999.0000000  815.0000000 -0.0000148  0.0000000 0.0000000 0  0.0203950
-999.0000000  790.0000000 -0.0000133  0.0000000 0.0000000 0  0.0222861
-999.0000000  765.0000000 -0.0000116  0.0000000 0.0000000 0  0.0240237
-999.0000000  740.0000000 -0.0000115  0.0000000 0.0000000 0  0.0257048
-999.0000000  715.0000000 -0.0000130  0.0000000 0.0000000 0  0.0272961
-999.0000000  690.0000000 -0.0000162  0.0000000 0.0000000 0  0.0286434
-999.0000000  665.0000000 -0.0000205  0.0000000 0.0000000 0  0.0294980
-999.0000000  640.0000000 -0.0000211  0.0000000 0.0000000 0  0.0296698
-999.0000000  615.0000000 -0.0000182  0.0000000 0.0000000 0  0.0290903
-999.0000000  590.0000000 -0.0000161  0.0000000 0.0000000 0  0.0278066
-999.0000000  565.0000000 -0.0000154  0.0000000 0.0000000 0  0.0259496
-999.0000000  540.0000000 -0.0000149  0.0000000 0.0000000 0  0.0236207
-999.0000000  515.0000000 -0.0000148  0.0000000 0.0000000 0  0.0208487
-999.0000000  490.0000000 -0.0000143  0.0000000 0.0000000 0  0.0176253
-999.0000000  465.0000000 -0.0000126  0.0000000 0.0000000 0  0.0139831
-999.0000000  440.0000000 -0.0000108  0.0000000 0.0000000 0  0.0100909
-999.0000000  415.0000000 -0.0000090  0.0000000 0.0000000 0  0.0063074
-999.0000000  390.0000000 -0.0000072  0.0000000 0.0000000 0  0.0030487
-999.0000000  365.0000000 -0.0000052  0.0000000 0.0000000 0  0.0006707
-999.0000000  340.0000000 -0.0000031  0.0000000 0.0000000 0 -0.0006265
-999.0000000  315.0000000 -0.0000018  0.0000000 0.0000000 0 -0.0009359
-999.0000000  290.0000000 -0.0000022  0.0000000 0.0000000 0 -0.0008291
-999.0000000  265.0000000 -0.0000039  0.0000000 0.0000000 0 -0.0014742
-999.0000000  240.0000000 -0.0000074  0.0000000 0.0000000 0 -0.0042257
-999.0000000  215.0000000 -0.0000121  0.0000000 0.0000000 0 -0.0088973
-999.0000000  190.0000000 -0.0000120  0.0000000 0.0000000 0 -0.0117798
-999.0000000  165.0000000 -0.0000049  0.0000000 0.0000000 0 -0.0088538
-999.0000000  140.0000000  0.0000011  0.0000000 0.0000000 0 -0.0031588
-999.0000000  115.0000000  0.0000032 -0.0000000 0.0000000 0 -0.0000301
-999.0000000   90.0000000  0.0000054 -0.0000000 0.0000000 0 -0.0000009
-999.0000000   65.0000000 -0.0000051 -0.0000000 0.0000000 0 -0.0000000
-999.0000000   40.0000000 -0.0000068 -0.0000000 0.0000000 0 -0.0000000
-999.0000000   15.0000000  0.0000018 -0.0000000 0.0000000 0 -0.0000000
 261.500  45   1007.48  day,levels,pres0
-999.0000000 1115.0000000 -0.0000065  0.0000000 0.0000000 0  0.0008447
-999.0000000 1090.0000000 -0.0000065  0.0000000 0.0000000 0  0.0008641
-999.0000000 1065.0000000 -0.0000065  0.0000000 0.0000000 0  0.0008844
-999.0000000 1040.0000000 -0.0000065  0.0000000 0.0000000 0  0.0009057
-999.0000000 1015.0000000 -0.0000065  0.0000000 0.0000000 0  0.0009280
-999.0000000  990.0000000 -0.0000065  0.0000000 0.0000000 0  0.0009514
-999.0000000  965.0000000 -0.0000130  0.0000000 0.0000000 0  0.0023632
-999.0000000  940.0000000 -0.0000116  0.0000000 0.0000000 0  0.0032374
-999.0000000  915.0000000 -0.0000093  0.0000000 0.0000000 0  0.0030867
-999.0000000  890.0000000 -0.0000068  0.0000000 0.0000000 0  0.0021483
-999.0000000  865.0000000 -0.0000063  0.0000000 0.0000000 0  0.0008748
-999.0000000  840.0000000 -0.0000060  0.0000000 0.0000000 0 -0.0004760
-999.0000000  815.0000000 -0.0000066  0.0000000 0.0000000 0 -0.0018269
-999.0000000  790.0000000 -0.0000085  0.0000000 0.0000000 0 -0.0030692
-999.0000000  765.0000000 -0.0000087  0.0000000 0.0000000 0 -0.0039834
-999.0000000  740.0000000 -0.0000081  0.0000000 0.0000000 0 -0.0044073
-999.0000000  715.0000000 -0.0000079 -0.0000000 0.0000000 0 -0.0043982
-999.0000000  690.0000000 -0.0000112 -0.0000000 0.0000000 0 -0.0041986
-999.0000000  665.0000000 -0.0000169 -0.0000000 0.0000000 0 -0.0041820
-999.0000000  640.0000000 -0.0000155 -0.0000000 0.0000000 0 -0.0045698
-999.0000000  615.0000000 -0.0000074 -0.0000000 0.0000000 0 -0.0053207
-999.0000000  590.0000000 -0.0000027  0.0000000 0.0000000 0 -0.0063539
-999.0000000  565.0000000 -0.0000027  0.0000000 0.0000000 0 -0.0076093
-999.0000000  540.0000000 -0.0000042  0.0000000 0.0000000 0 -0.0090835
-999.0000000  515.0000000 -0.0000070  0.0000000 0.0000000 0 -0.0108637
-999.0000000  490.0000000 -0.0000097  0.0000000 0.0000000 0 -0.0130758
-999.0000000  465.0000000 -0.0000114  0.0000000 0.0000000 0 -0.0158196
-999.0000000  440.0000000 -0.0000133  0.0000000 0.0000000 0 -0.0189224
-999.0000000  415.0000000 -0.0000156  0.0000000 0.0000000 0 -0.0218315
-999.0000000  390.0000000 -0.0000169  0.0000000 0.0000000 0 -0.0239876
-999.0000000  365.0000000 -0.0000162  0.0000000 0.0000000 0 -0.0250547
-999.0000000  340.0000000 -0.0000138  0.0000000 0.0000000 0 -0.0250277
-999.0000000  315.0000000 -0.0000114  0.0000000 0.0000000 0 -0.0242991
-999.0000000  290.0000000 -0.0000106  0.0000000 0.0000000 0 -0.0234600
-999.0000000  265.0000000 -0.0000107  0.0000000 0.0000000 0 -0.0232222
-999.0000000  240.0000000 -0.0000120  0.0000000 0.0000000 0 -0.0241578
-999.0000000  215.0000000 -0.0000147  0.0000000 0.0000000 0 -0.0251362
-999.0000000  190.0000000 -0.0000131  0.0000000 0.0000000 0 -0.0224182
-999.0000000  165.0000000 -0.0000057  0.0000000 0.0000000 0 -0.0139250
-999.0000000  140.0000000 -0.0000001  0.0000000 0.0000000 0 -0.0043580
-999.0000000  115.0000000  0.0000021 -0.0000000 0.0000000 0  0.0000329
-999.0000000   90.0000000  0.0000057 -0.0000000 0.0000000 0 -0.0000002
-999.0000000   65.0000000 -0.0000026 -0.0000000 0.0000000 0 -0.0000000
-999.0000000   40.0000000 -0.0000016 -0.0000000 0.0000000 0 -0.0000000
-999.0000000   15.0000000  0.0000086 -0.0000000 0.0000000 0 -0.0000000
 261.625  45   1007.18  day,levels,pres0
-999.0000000 1115.0000000  0.0000189  0.0000000 0.0000000 0 -0.0005694
-999.0000000 1090.0000000  0.0000189  0.0000000 0.0000000 0 -0.0005824
-999.0000000 1065.0000000  0.0000189  0.0000000 0.0000000 0 -0.0005961
-999.0000000 1040.0000000  0.0000189  0.0000000 0.0000000 0 -0.0006104
-999.0000000 1015.0000000  0.0000189  0.0000000 0.0000000 0 -0.0006255
-999.0000000  990.0000000  0.0000189  0.0000000 0.0000000 0 -0.0006413
-999.0000000  965.0000000  0.0000151  0.0000000 0.0000000 0 -0.0015312
-999.0000000  940.0000000  0.0000133  0.0000000 0.0000000 0 -0.0027214
-999.0000000  915.0000000  0.0000124  0.0000000 0.0000000 0 -0.0045109
-999.0000000  890.0000000  0.0000129  0.0000000 0.0000000 0 -0.0066469
-999.0000000  865.0000000  0.0000120 -0.0000000 0.0000000 0 -0.0088203
-999.0000000  840.0000000  0.0000092 -0.0000000 0.0000000 0 -0.0108696
-999.0000000  815.0000000  0.0000074 -0.0000000 0.0000000 0 -0.0126796
-999.0000000  790.0000000  0.0000070 -0.0000000 0.0000000 0 -0.0140754
-999.0000000  765.0000000  0.0000073 -0.0000000 0.0000000 0 -0.0148819
-999.0000000  740.0000000  0.0000057 -0.0000000 0.0000000 0 -0.0150241
-999.0000000  715.0000000  0.0000023 -0.0000000 0.0000000 0 -0.0145350
-999.0000000  690.0000000 -0.0000006 -0.0000000 0.0000000 0 -0.0135428
-999.0000000  665.0000000 -0.0000021 -0.0000000 0.0000000 0 -0.0122977
-999.0000000  640.0000000 -0.0000013 -0.0000000 0.0000000 0 -0.0110618
-999.0000000  615.0000000  0.0000013 -0.0000000 0.0000000 0 -0.0100286
-999.0000000  590.0000000  0.0000023 -0.0000000 0.0000000 0 -0.0092743
-999.0000000  565.0000000  0.0000013  0.0000000 0.0000000 0 -0.0086953
-999.0000000  540.0000000  0.0000000  0.0000000 0.0000000 0 -0.0081443
-999.0000000  515.0000000 -0.0000011  0.0000000 0.0000000 0 -0.0074853
-999.0000000  490.0000000 -0.0000023  0.0000000 0.0000000 0 -0.0066870
-999.0000000  465.0000000 -0.0000037  0.0000000 0.0000000 0 -0.0058608
-999.0000000  440.0000000 -0.0000055 -0.0000000 0.0000000 0 -0.0050775
-999.0000000  415.0000000 -0.0000075  0.0000000 0.0000000 0 -0.0043141
-999.0000000  390.0000000 -0.0000083  0.0000000 0.0000000 0 -0.0035667
-999.0000000  365.0000000 -0.0000080  0.0000000 0.0000000 0 -0.0028891
-999.0000000  340.0000000 -0.0000076  0.0000000 0.0000000 0 -0.0022538
-999.0000000  315.0000000 -0.0000079  0.0000000 0.0000000 0 -0.0015256
-999.0000000  290.0000000 -0.0000091  0.0000000 0.0000000 0 -0.0006530
-999.0000000  265.0000000 -0.0000100 -0.0000000 0.0000000 0  0.0001630
-999.0000000  240.0000000 -0.0000103 -0.0000000 0.0000000 0  0.0005562
-999.0000000  215.0000000 -0.0000113  0.0000000 0.0000000 0  0.0008629
-999.0000000  190.0000000 -0.0000118  0.0000000 0.0000000 0  0.0025815
-999.0000000  165.0000000 -0.0000092  0.0000000 0.0000000 0  0.0057624
-999.0000000  140.0000000 -0.0000050 -0.0000000 0.0000000 0  0.0055885
-999.0000000  115.0000000  0.0000002 -0.0000000 0.0000000 0  0.0020197
-999.0000000   90.0000000  0.0000083 -0.0000000 0.0000000 0 -0.0000017
-999.0000000   65.0000000  0.0000001 -0.0000000 0.0000000 0 -0.0000000
-999.0000000   40.0000000  0.0000038 -0.0000000 0.0000000 0 -0.0000000
-999.0000000   15.0000000  0.0000155 -0.0000000 0.0000000 0 -0.0000000
 261.750  45   1002.58  day,levels,pres0
-999.0000000 1115.0000000  0.0000156  0.0000000 0.0000000 0 -0.0000114
-999.0000000 1090.0000000  0.0000156  0.0000000 0.0000000 0 -0.0000116
-999.0000000 1065.0000000  0.0000156  0.0000000 0.0000000 0 -0.0000119
-999.0000000 1040.0000000  0.0000156  0.0000000 0.0000000 0 -0.0000122
-999.0000000 1015.0000000  0.0000156  0.0000000 0.0000000 0 -0.0000125
-999.0000000  990.0000000  0.0000156  0.0000000 0.0000000 0 -0.0000128
-999.0000000  965.0000000  0.0000155 -0.0000000 0.0000000 0  0.0001378
-999.0000000  940.0000000  0.0000127 -0.0000000 0.0000000 0  0.0004133
-999.0000000  915.0000000  0.0000085 -0.0000000 0.0000000 0  0.0006860
-999.0000000  890.0000000  0.0000058 -0.0000000 0.0000000 0  0.0011118
-999.0000000  865.0000000  0.0000042 -0.0000000 0.0000000 0  0.0016441
-999.0000000  840.0000000  0.0000010 -0.0000000 0.0000000 0  0.0021613
-999.0000000  815.0000000 -0.0000006 -0.0000000 0.0000000 0  0.0026838
-999.0000000  790.0000000  0.0000018 -0.0000000 0.0000000 0  0.0033561
-999.0000000  765.0000000  0.0000044 -0.0000001 0.0000000 0  0.0043224
-999.0000000  740.0000000  0.0000021 -0.0000000 0.0000000 0  0.0057071
-999.0000000  715.0000000 -0.0000044 -0.0000000 0.0000000 0  0.0076878
-999.0000000  690.0000000 -0.0000070 -0.0000000 0.0000000 0  0.0103415
-999.0000000  665.0000000 -0.0000046 -0.0000000 0.0000000 0  0.0135398
-999.0000000  640.0000000 -0.0000041 -0.0000000 0.0000000 0  0.0169658
-999.0000000  615.0000000 -0.0000062 -0.0000000 0.0000000 0  0.0201337
-999.0000000  590.0000000 -0.0000079 -0.0000000 0.0000000 0  0.0227636
-999.0000000  565.0000000 -0.0000086 -0.0000000 0.0000000 0  0.0249769
-999.0000000  540.0000000 -0.0000079 -0.0000000 0.0000000 0  0.0270410
-999.0000000  515.0000000 -0.0000057 -0.0000000 0.0000000 0  0.0292926
-999.0000000  490.0000000 -0.0000038 -0.0000000 0.0000000 0  0.0319080
-999.0000000  465.0000000 -0.0000033 -0.0000000 0.0000000 0  0.0347842
-999.0000000  440.0000000 -0.0000037 -0.0000000 0.0000000 0  0.0376497
-999.0000000  415.0000000 -0.0000044 -0.0000000 0.0000000 0  0.0400716
-999.0000000  390.0000000 -0.0000047 -0.0000000 0.0000000 0  0.0416047
-999.0000000  365.0000000 -0.0000049  0.0000000 0.0000000 0  0.0419125
-999.0000000  340.0000000 -0.0000057  0.0000000 0.0000000 0  0.0410872
-999.0000000  315.0000000 -0.0000074  0.0000000 0.0000000 0  0.0397582
-999.0000000  290.0000000 -0.0000092  0.0000000 0.0000000 0  0.0385293
-999.0000000  265.0000000 -0.0000094 -0.0000000 0.0000000 0  0.0375583
-999.0000000  240.0000000 -0.0000076 -0.0000000 0.0000000 0  0.0365247
-999.0000000  215.0000000 -0.0000061  0.0000000 0.0000000 0  0.0348959
-999.0000000  190.0000000 -0.0000075  0.0000000 0.0000000 0  0.0321737
-999.0000000  165.0000000 -0.0000113  0.0000000 0.0000000 0  0.0269631
-999.0000000  140.0000000 -0.0000134 -0.0000000 0.0000000 0  0.0151837
-999.0000000  115.0000000 -0.0000063  0.0000000 0.0000000 0  0.0034877
-999.0000000   90.0000000  0.0000064 -0.0000000 0.0000000 0 -0.0000013
-999.0000000   65.0000000 -0.0000039 -0.0000000 0.0000000 0 -0.0000000
-999.0000000   40.0000000 -0.0000032 -0.0000000 0.0000000 0 -0.0000000
-999.0000000   15.0000000 -0.0000063 -0.0000000 0.0000000 0 -0.0000000
 261.875  45   1001.79  day,levels,pres0
-999.0000000 1115.0000000  0.0000003 -0.0000000 0.0000000 0  0.0006964
-999.0000000 1090.0000000  0.0000003 -0.0000000 0.0000000 0  0.0007123
-999.0000000 1065.0000000  0.0000003 -0.0000000 0.0000000 0  0.0007291
-999.0000000 1040.0000000  0.0000003 -0.0000000 0.0000000 0  0.0007466
-999.0000000 1015.0000000  0.0000003 -0.0000000 0.0000000 0  0.0007650
-999.0000000  990.0000000  0.0000003 -0.0000000 0.0000000 0  0.0007843
-999.0000000  965.0000000  0.0000031 -0.0000000 0.0000000 0  0.0023095
-999.0000000  940.0000000 -0.0000016 -0.0000000 0.0000000 0  0.0031679
-999.0000000  915.0000000 -0.0000081 -0.0000000 0.0000000 0  0.0031996
-999.0000000  890.0000000 -0.0000126 -0.0000000 0.0000000 0  0.0028729
-999.0000000  865.0000000 -0.0000135 -0.0000000 0.0000000 0  0.0025662
-999.0000000  840.0000000 -0.0000148 -0.0000000 0.0000000 0  0.0024661
-999.0000000  815.0000000 -0.0000161 -0.0000000 0.0000000 0  0.0026864
-999.0000000  790.0000000 -0.0000169 -0.0000000 0.0000000 0  0.0032533
-999.0000000  765.0000000 -0.0000164 -0.0000000 0.0000000 0  0.0040921
-999.0000000  740.0000000 -0.0000165 -0.0000000 0.0000000 0  0.0052265
-999.0000000  715.0000000 -0.0000180 -0.0000000 0.0000000 0  0.0068415
-999.0000000  690.0000000 -0.0000171 -0.0000000 0.0000000 0  0.0090258
-999.0000000  665.0000000 -0.0000134 -0.0000000 0.0000000 0  0.0116600
-999.0000000  640.0000000 -0.0000116 -0.0000000 0.0000000 0  0.0144228
-999.0000000  615.0000000 -0.0000120 -0.0000000 0.0000000 0  0.0167834
-999.0000000  590.0000000 -0.0000130 -0.0000000 0.0000000 0  0.0184343
-999.0000000  565.0000000 -0.0000140  0.0000000 0.0000000 0  0.0194888
-999.0000000  540.0000000 -0.0000146 -0.0000000 0.0000000 0  0.0202024
-999.0000000  515.0000000 -0.0000142 -0.0000000 0.0000000 0  0.0209113
-999.0000000  490.0000000 -0.0000127 -0.0000000 0.0000000 0  0.0218737
-999.0000000  465.0000000 -0.0000101 -0.0000000 0.0000000 0  0.0231766
-999.0000000  440.0000000 -0.0000076 -0.0000000 0.0000000 0  0.0248064
-999.0000000  415.0000000 -0.0000061 -0.0000000 0.0000000 0  0.0266362
-999.0000000  390.0000000 -0.0000065 -0.0000000 0.0000000 0  0.0284464
-999.0000000  365.0000000 -0.0000086 -0.0000000 0.0000000 0  0.0299293
-999.0000000  340.0000000 -0.0000105  0.0000000 0.0000000 0  0.0307615
-999.0000000  315.0000000 -0.0000123  0.0000000 0.0000000 0  0.0306989
-999.0000000  290.0000000 -0.0000139  0.0000000 0.0000000 0  0.0297138
-999.0000000  265.0000000 -0.0000149  0.0000000 0.0000000 0  0.0279585
-999.0000000  240.0000000 -0.0000143  0.0000000 0.0000000 0  0.0252802
-999.0000000  215.0000000 -0.0000134  0.0000000 0.0000000 0  0.0210491
-999.0000000  190.0000000 -0.0000150  0.0000000 0.0000000 0  0.0150978
-999.0000000  165.0000000 -0.0000188  0.0000000 0.0000000 0  0.0085494
-999.0000000  140.0000000 -0.0000181  0.0000000 0.0000000 0  0.0021936
-999.0000000  115.0000000 -0.0000104  0.0000000 0.0000000 0 -0.0011699
-999.0000000   90.0000000 -0.0000021  0.0000000 0.0000000 0 -0.0000001
-999.0000000   65.0000000 -0.0000081 -0.0000000 0.0000000 0 -0.0000000
-999.0000000   40.0000000 -0.0000104 -0.0000000 0.0000000 0 -0.0000000
-999.0000000   15.0000000 -0.0000283 -0.0000000 0.0000000 0 -0.0000000
 262.000  45   1004.84  day,levels,pres0
-999.0000000 1115.0000000  0.0000018 -0.0000000 0.0000000 0  0.0014489
-999.0000000 1090.0000000  0.0000018 -0.0000000 0.0000000 0  0.0014822
-999.0000000 1065.0000000  0.0000018 -0.0000000 0.0000000 0  0.0015170
-999.0000000 1040.0000000  0.0000018 -0.0000000 0.0000000 0  0.0015534
-999.0000000 1015.0000000  0.0000018 -0.0000000 0.0000000 0  0.0015917
-999.0000000  990.0000000  0.0000018 -0.0000000 0.0000000 0  0.0016319
-999.0000000  965.0000000  0.0000104 -0.0000000 0.0000000 0  0.0039063
-999.0000000  940.0000000  0.0000065 -0.0000000 0.0000000 0  0.0046384
-999.0000000  915.0000000 -0.0000027 -0.0000000 0.0000000 0  0.0036042
-999.0000000  890.0000000 -0.0000112  0.0000000 0.0000000 0  0.0015680
-999.0000000  865.0000000 -0.0000129  0.0000000 0.0000000 0 -0.0006314
-999.0000000  840.0000000 -0.0000122  0.0000000 0.0000000 0 -0.0024305
-999.0000000  815.0000000 -0.0000121  0.0000000 0.0000000 0 -0.0035781
-999.0000000  790.0000000 -0.0000147  0.0000000 0.0000000 0 -0.0041553
-999.0000000  765.0000000 -0.0000156  0.0000000 0.0000000 0 -0.0044441
-999.0000000  740.0000000 -0.0000134  0.0000000 0.0000000 0 -0.0045273
-999.0000000  715.0000000 -0.0000102  0.0000000 0.0000000 0 -0.0042466
-999.0000000  690.0000000 -0.0000064 -0.0000000 0.0000000 0 -0.0035278
-999.0000000  665.0000000 -0.0000019 -0.0000000 0.0000000 0 -0.0024823
-999.0000000  640.0000000  0.0000008 -0.0000000 0.0000000 0 -0.0014284
-999.0000000  615.0000000  0.0000016  0.0000000 0.0000000 0 -0.0009191
-999.0000000  590.0000000  0.0000014  0.0000000 0.0000000 0 -0.0012691
-999.0000000  565.0000000 -0.0000001  0.0000000 0.0000000 0 -0.0023605
-999.0000000  540.0000000 -0.0000018  0.0000000 0.0000000 0 -0.0039321
-999.0000000  515.0000000 -0.0000032 -0.0000000 0.0000000 0 -0.0056517
-999.0000000  490.0000000 -0.0000017 -0.0000000 0.0000000 0 -0.0071762
-999.0000000  465.0000000  0.0000037 -0.0000000 0.0000000 0 -0.0082018
-999.0000000  440.0000000  0.0000095 -0.0000000 0.0000000 0 -0.0084622
-999.0000000  415.0000000  0.0000131 -0.0000000 0.0000000 0 -0.0077586
-999.0000000  390.0000000  0.0000116 -0.0000000 0.0000000 0 -0.0060791
-999.0000000  365.0000000  0.0000059 -0.0000000 0.0000000 0 -0.0037055
-999.0000000  340.0000000  0.0000006 -0.0000000 0.0000000 0 -0.0013739
-999.0000000  315.0000000 -0.0000031 -0.0000000 0.0000000 0 -0.0001602
-999.0000000  290.0000000 -0.0000053  0.0000000 0.0000000 0 -0.0006388
-999.0000000  265.0000000 -0.0000070  0.0000000 0.0000000 0 -0.0025511
-999.0000000  240.0000000 -0.0000080  0.0000000 0.0000000 0 -0.0057130
-999.0000000  215.0000000 -0.0000084  0.0000000 0.0000000 0 -0.0106383
-999.0000000  190.0000000 -0.0000108  0.0000000 0.0000000 0 -0.0169922
-999.0000000  165.0000000 -0.0000131  0.0000000 0.0000000 0 -0.0209353
-999.0000000  140.0000000 -0.0000065  0.0000000 0.0000000 0 -0.0163256
-999.0000000  115.0000000  0.0000009  0.0000000 0.0000000 0 -0.0069374
-999.0000000   90.0000000  0.0000054  0.0000000 0.0000000 0 -0.0000042
-999.0000000   65.0000000  0.0000051 -0.0000000 0.0000000 0 -0.0000000
-999.0000000   40.0000000  0.0000028 -0.0000000 0.0000000 0 -0.0000000
-999.0000000   15.0000000 -0.0000089 -0.0000000 0.0000000 0 -0.0000000
 262.125  45   1005.39  day,levels,pres0
-999.0000000 1115.0000000  0.0000026 -0.0000000 0.0000000 0  0.0014694
-999.0000000 1090.0000000  0.0000026 -0.0000000 0.0000000 0  0.0015031
-999.0000000 1065.0000000  0.0000026 -0.0000000 0.0000000 0  0.0015384
-999.0000000 1040.0000000  0.0000026 -0.0000000 0.0000000 0  0.0015754
-999.0000000 1015.0000000  0.0000026 -0.0000000 0.0000000 0  0.0016142
-999.0000000  990.0000000  0.0000026 -0.0000000 0.0000000 0  0.0016550
-999.0000000  965.0000000  0.0000053 -0.0000000 0.0000000 0  0.0041542
-999.0000000  940.0000000  0.0000053 -0.0000000 0.0000000 0  0.0054724
-999.0000000  915.0000000  0.0000001  0.0000000 0.0000000 0  0.0053250
-999.0000000  890.0000000 -0.0000047  0.0000000 0.0000000 0  0.0045302
-999.0000000  865.0000000 -0.0000044  0.0000000 0.0000000 0  0.0038919
-999.0000000  840.0000000 -0.0000028  0.0000000 0.0000000 0  0.0038818
-999.0000000  815.0000000 -0.0000027  0.0000000 0.0000000 0  0.0045569
-999.0000000  790.0000000 -0.0000048  0.0000000 0.0000000 0  0.0055260
-999.0000000  765.0000000 -0.0000044  0.0000000 0.0000000 0  0.0062087
-999.0000000  740.0000000 -0.0000009 -0.0000000 0.0000000 0  0.0063669
-999.0000000  715.0000000  0.0000033 -0.0000000 0.0000000 0  0.0061943
-999.0000000  690.0000000  0.0000071 -0.0000000 0.0000000 0  0.0059076
-999.0000000  665.0000000  0.0000105 -0.0000000 0.0000000 0  0.0055984
-999.0000000  640.0000000  0.0000122 -0.0000000 0.0000000 0  0.0051986
-999.0000000  615.0000000  0.0000121 -0.0000000 0.0000000 0  0.0044365
-999.0000000  590.0000000  0.0000107 -0.0000000 0.0000000 0  0.0032012
-999.0000000  565.0000000  0.0000076 -0.0000000 0.0000000 0  0.0016687
-999.0000000  540.0000000  0.0000046 -0.0000000 0.0000000 0  0.0000528
-999.0000000  515.0000000  0.0000028 -0.0000000 0.0000000 0 -0.0014655
-999.0000000  490.0000000  0.0000034 -0.0000000 0.0000000 0 -0.0027043
-999.0000000  465.0000000  0.0000070 -0.0000000 0.0000000 0 -0.0035171
-999.0000000  440.0000000  0.0000118 -0.0000000 0.0000000 0 -0.0038252
-999.0000000  415.0000000  0.0000161 -0.0000000 0.0000000 0 -0.0036062
-999.0000000  390.0000000  0.0000175 -0.0000000 0.0000000 0 -0.0028022
-999.0000000  365.0000000  0.0000159 -0.0000000 0.0000000 0 -0.0012994
-999.0000000  340.0000000  0.0000137 -0.0000000 0.0000000 0  0.0007253
-999.0000000  315.0000000  0.0000115 -0.0000000 0.0000000 0  0.0026761
-999.0000000  290.0000000  0.0000094 -0.0000000 0.0000000 0  0.0039275
-999.0000000  265.0000000  0.0000067  0.0000000 0.0000000 0  0.0039135
-999.0000000  240.0000000  0.0000043  0.0000000 0.0000000 0  0.0015971
-999.0000000  215.0000000  0.0000039  0.0000000 0.0000000 0 -0.0045248
-999.0000000  190.0000000  0.0000052  0.0000000 0.0000000 0 -0.0134029
-999.0000000  165.0000000  0.0000075  0.0000000 0.0000000 0 -0.0182744
-999.0000000  140.0000000  0.0000112  0.0000000 0.0000000 0 -0.0137752
-999.0000000  115.0000000  0.0000179  0.0000000 0.0000000 0 -0.0054453
-999.0000000   90.0000000  0.0000214  0.0000000 0.0000000 0  0.0000004
-999.0000000   65.0000000  0.0000182 -0.0000000 0.0000000 0 -0.0000000
-999.0000000   40.0000000  0.0000160 -0.0000000 0.0000000 0 -0.0000000
-999.0000000   15.0000000  0.0000105 -0.0000000 0.0000000 0 -0.0000000
 262.250  45   1003.45  day,levels,pres0
-999.0000000 1115.0000000 -0.0000162 -0.0000000 0.0000000 0  0.0010574
-999.0000000 1090.0000000 -0.0000162 -0.0000000 0.0000000 0  0.0010817
-999.0000000 1065.0000000 -0.0000162 -0.0000000 0.0000000 0  0.0011071
-999.0000000 1040.0000000 -0.0000162 -0.0000000 0.0000000 0  0.0011337
-999.0000000 1015.0000000 -0.0000162 -0.0000000 0.0000000 0  0.0011616
-999.0000000  990.0000000 -0.0000162 -0.0000000 0.0000000 0  0.0011910
-999.0000000  965.0000000 -0.0000234 -0.0000000 0.0000000 0  0.0034068
-999.0000000  940.0000000 -0.0000180  0.0000000 0.0000000 0  0.0047629
-999.0000000  915.0000000 -0.0000168  0.0000000 0.0000000 0  0.0049264
-999.0000000  890.0000000 -0.0000148  0.0000000 0.0000000 0  0.0047716
-999.0000000  865.0000000 -0.0000108  0.0000000 0.0000000 0  0.0050744
-999.0000000  840.0000000 -0.0000072  0.0000000 0.0000000 0  0.0062244
-999.0000000  815.0000000 -0.0000068  0.0000000 0.0000000 0  0.0080884
-999.0000000  790.0000000 -0.0000089  0.0000000 0.0000000 0  0.0099675
-999.0000000  765.0000000 -0.0000081 -0.0000000 0.0000000 0  0.0109961
-999.0000000  740.0000000 -0.0000039 -0.0000000 0.0000000 0  0.0107848
-999.0000000  715.0000000  0.0000008 -0.0000000 0.0000000 0  0.0095551
-999.0000000  690.0000000  0.0000042 -0.0000000 0.0000000 0  0.0076543
-999.0000000  665.0000000  0.0000060 -0.0000000 0.0000000 0  0.0053734
-999.0000000  640.0000000  0.0000062 -0.0000000 0.0000000 0  0.0028941
-999.0000000  615.0000000  0.0000050 -0.0000000 0.0000000 0  0.0002322
-999.0000000  590.0000000  0.0000021 -0.0000000 0.0000000 0 -0.0025093
-999.0000000  565.0000000 -0.0000030 -0.0000000 0.0000000 0 -0.0050859
-999.0000000  540.0000000 -0.0000077 -0.0000000 0.0000000 0 -0.0073155
-999.0000000  515.0000000 -0.0000108 -0.0000000 0.0000000 0 -0.0091578
-999.0000000  490.0000000 -0.0000116 -0.0000000 0.0000000 0 -0.0105816
-999.0000000  465.0000000 -0.0000100 -0.0000000 0.0000000 0 -0.0115879
-999.0000000  440.0000000 -0.0000065 -0.0000000 0.0000000 0 -0.0122771
-999.0000000  415.0000000 -0.0000012 -0.0000000 0.0000000 0 -0.0127931
-999.0000000  390.0000000  0.0000031 -0.0000000 0.0000000 0 -0.0130218
-999.0000000  365.0000000  0.0000055 -0.0000000 0.0000000 0 -0.0124432
-999.0000000  340.0000000  0.0000062 -0.0000000 0.0000000 0 -0.0106692
-999.0000000  315.0000000  0.0000059 -0.0000000 0.0000000 0 -0.0078022
-999.0000000  290.0000000  0.0000046 -0.0000000 0.0000000 0 -0.0044856
-999.0000000  265.0000000  0.0000016 -0.0000000 0.0000000 0 -0.0020468
-999.0000000  240.0000000 -0.0000013  0.0000000 0.0000000 0 -0.0026572
-999.0000000  215.0000000 -0.0000010  0.0000000 0.0000000 0 -0.0087236
-999.0000000  190.0000000  0.0000021  0.0000000 0.0000000 0 -0.0184157
-999.0000000  165.0000000  0.0000042  0.0000000 0.0000000 0 -0.0219441
-999.0000000  140.0000000  0.0000059  0.0000000 0.0000000 0 -0.0144062
-999.0000000  115.0000000  0.0000116  0.0000000 0.0000000 0 -0.0046112
-999.0000000   90.0000000  0.0000117  0.0000000 0.0000000 0  0.0000018
-999.0000000   65.0000000  0.0000039 -0.0000000 0.0000000 0 -0.0000000
-999.0000000   40.0000000  0.0000023 -0.0000000 0.0000000 0 -0.0000000
-999.0000000   15.0000000  0.0000024 -0.0000000 0.0000000 0 -0.0000000
 262.375  45   1004.18  day,levels,pres0
-999.0000000 1115.0000000 -0.0000308 -0.0000000 0.0000000 0  0.0007866
-999.0000000 1090.0000000 -0.0000308 -0.0000000 0.0000000 0  0.0008046
-999.0000000 1065.0000000 -0.0000308 -0.0000000 0.0000000 0  0.0008235
-999.0000000 1040.0000000 -0.0000308 -0.0000000 0.0000000 0  0.0008433
-999.0000000 1015.0000000 -0.0000308 -0.0000000 0.0000000 0  0.0008641
-999.0000000  990.0000000 -0.0000308 -0.0000000 0.0000000 0  0.0008859
-999.0000000  965.0000000 -0.0000434  0.0000000 0.0000000 0  0.0025701
-999.0000000  940.0000000 -0.0000363  0.0000000 0.0000000 0  0.0038436
-999.0000000  915.0000000 -0.0000331  0.0000000 0.0000000 0  0.0042754
-999.0000000  890.0000000 -0.0000303  0.0000000 0.0000000 0  0.0043121
-999.0000000  865.0000000 -0.0000263  0.0000000 0.0000000 0  0.0045592
-999.0000000  840.0000000 -0.0000205  0.0000000 0.0000000 0  0.0053490
-999.0000000  815.0000000 -0.0000152  0.0000000 0.0000000 0  0.0065663
-999.0000000  790.0000000 -0.0000125  0.0000000 0.0000000 0  0.0076398
-999.0000000  765.0000000 -0.0000089 -0.0000000 0.0000000 0  0.0078736
-999.0000000  740.0000000 -0.0000043 -0.0000000 0.0000000 0  0.0069801
-999.0000000  715.0000000  0.0000001 -0.0000000 0.0000000 0  0.0051970
-999.0000000  690.0000000  0.0000027 -0.0000000 0.0000000 0  0.0028823
-999.0000000  665.0000000  0.0000032 -0.0000000 0.0000000 0  0.0003640
-999.0000000  640.0000000  0.0000015 -0.0000000 0.0000000 0 -0.0022223
-999.0000000  615.0000000 -0.0000022 -0.0000000 0.0000000 0 -0.0050007
-999.0000000  590.0000000 -0.0000063 -0.0000000 0.0000000 0 -0.0079293
-999.0000000  565.0000000 -0.0000111 -0.0000000 0.0000000 0 -0.0106854
-999.0000000  540.0000000 -0.0000155 -0.0000000 0.0000000 0 -0.0129870
-999.0000000  515.0000000 -0.0000191 -0.0000000 0.0000000 0 -0.0147215
-999.0000000  490.0000000 -0.0000216 -0.0000000 0.0000000 0 -0.0158645
-999.0000000  465.0000000 -0.0000223 -0.0000000 0.0000000 0 -0.0165032
-999.0000000  440.0000000 -0.0000202 -0.0000000 0.0000000 0 -0.0168223
-999.0000000  415.0000000 -0.0000151 -0.0000000 0.0000000 0 -0.0170488
-999.0000000  390.0000000 -0.0000101 -0.0000000 0.0000000 0 -0.0172647
-999.0000000  365.0000000 -0.0000064 -0.0000000 0.0000000 0 -0.0172697
-999.0000000  340.0000000 -0.0000042 -0.0000000 0.0000000 0 -0.0167455
-999.0000000  315.0000000 -0.0000031 -0.0000000 0.0000000 0 -0.0154222
-999.0000000  290.0000000 -0.0000030 -0.0000000 0.0000000 0 -0.0134289
-999.0000000  265.0000000 -0.0000044 -0.0000000 0.0000000 0 -0.0116365
-999.0000000  240.0000000 -0.0000062 -0.0000000 0.0000000 0 -0.0118388
-999.0000000  215.0000000 -0.0000067  0.0000000 0.0000000 0 -0.0158953
-999.0000000  190.0000000 -0.0000064  0.0000000 0.0000000 0 -0.0216177
-999.0000000  165.0000000 -0.0000066  0.0000000 0.0000000 0 -0.0211530
-999.0000000  140.0000000 -0.0000042  0.0000000 0.0000000 0 -0.0121559
-999.0000000  115.0000000 -0.0000001  0.0000000 0.0000000 0 -0.0033755
-999.0000000   90.0000000 -0.0000023  0.0000000 0.0000000 0 -0.0000004
-999.0000000   65.0000000 -0.0000103 -0.0000000 0.0000000 0 -0.0000000
-999.0000000   40.0000000 -0.0000113 -0.0000000 0.0000000 0 -0.0000000
-999.0000000   15.0000000 -0.0000057 -0.0000000 0.0000000 0 -0.0000000
 262.500  45   1007.06  day,levels,pres0
-999.0000000 1115.0000000 -0.0000184  0.0000000 0.0000000 0  0.0014284
-999.0000000 1090.0000000 -0.0000184  0.0000000 0.0000000 0  0.0014612
-999.0000000 1065.0000000 -0.0000184  0.0000000 0.0000000 0  0.0014955
-999.0000000 1040.0000000 -0.0000184  0.0000000 0.0000000 0  0.0015314
-999.0000000 1015.0000000 -0.0000184  0.0000000 0.0000000 0  0.0015691
-999.0000000  990.0000000 -0.0000184  0.0000000 0.0000000 0  0.0016088
-999.0000000  965.0000000 -0.0000354  0.0000000 0.0000000 0  0.0043160
-999.0000000  940.0000000 -0.0000267  0.0000000 0.0000000 0  0.0071604
-999.0000000  915.0000000 -0.0000217  0.0000000 0.0000000 0  0.0096036
-999.0000000  890.0000000 -0.0000180  0.0000000 0.0000000 0  0.0115484
-999.0000000  865.0000000 -0.0000142  0.0000000 0.0000000 0  0.0133001
-999.0000000  840.0000000 -0.0000066  0.0000000 0.0000000 0  0.0150625
-999.0000000  815.0000000  0.0000026  0.0000000 0.0000000 0  0.0166964
-999.0000000  790.0000000  0.0000094  0.0000000 0.0000000 0  0.0176613
-999.0000000  765.0000000  0.0000150  0.0000000 0.0000000 0  0.0172976
-999.0000000  740.0000000  0.0000193 -0.0000000 0.0000000 0  0.0154009
-999.0000000  715.0000000  0.0000223 -0.0000000 0.0000000 0  0.0123610
-999.0000000  690.0000000  0.0000235 -0.0000000 0.0000000 0  0.0086799
-999.0000000  665.0000000  0.0000221 -0.0000000 0.0000000 0  0.0048334
-999.0000000  640.0000000  0.0000182 -0.0000000 0.0000000 0  0.0009569
-999.0000000  615.0000000  0.0000124 -0.0000000 0.0000000 0 -0.0032570
-999.0000000  590.0000000  0.0000072 -0.0000000 0.0000000 0 -0.0078261
-999.0000000  565.0000000  0.0000029 -0.0000000 0.0000000 0 -0.0123022
-999.0000000  540.0000000 -0.0000008 -0.0000000 0.0000000 0 -0.0162942
-999.0000000  515.0000000 -0.0000040 -0.0000000 0.0000000 0 -0.0196701
-999.0000000  490.0000000 -0.0000070 -0.0000000 0.0000000 0 -0.0224431
-999.0000000  465.0000000 -0.0000091 -0.0000000 0.0000000 0 -0.0247818
-999.0000000  440.0000000 -0.0000087 -0.0000000 0.0000000 0 -0.0268880
-999.0000000  415.0000000 -0.0000054 -0.0000000 0.0000000 0 -0.0289165
-999.0000000  390.0000000 -0.0000020 -0.0000000 0.0000000 0 -0.0309939
-999.0000000  365.0000000  0.0000005 -0.0000000 0.0000000 0 -0.0331152
-999.0000000  340.0000000  0.0000024 -0.0000000 0.0000000 0 -0.0350374
-999.0000000  315.0000000  0.0000035 -0.0000000 0.0000000 0 -0.0362376
-999.0000000  290.0000000  0.0000041 -0.0000000 0.0000000 0 -0.0363844
-999.0000000  265.0000000  0.0000041 -0.0000000 0.0000000 0 -0.0358621
-999.0000000  240.0000000  0.0000032 -0.0000000 0.0000000 0 -0.0359973
-999.0000000  215.0000000  0.0000008  0.0000000 0.0000000 0 -0.0379411
-999.0000000  190.0000000 -0.0000028  0.0000000 0.0000000 0 -0.0388032
-999.0000000  165.0000000 -0.0000047  0.0000000 0.0000000 0 -0.0320433
-999.0000000  140.0000000 -0.0000017  0.0000000 0.0000000 0 -0.0166459
-999.0000000  115.0000000  0.0000007  0.0000000 0.0000000 0 -0.0038853
-999.0000000   90.0000000 -0.0000006  0.0000000 0.0000000 0 -0.0000079
-999.0000000   65.0000000 -0.0000038 -0.0000000 0.0000000 0 -0.0000000
-999.0000000   40.0000000 -0.0000017 -0.0000000 0.0000000 0 -0.0000000
-999.0000000   15.0000000 -0.0000003 -0.0000000 0.0000000 0 -0.0000000
 262.625  45   1006.89  day,levels,pres0
-999.0000000 1115.0000000  0.0000040  0.0000000 0.0000000 0  0.0010718
-999.0000000 1090.0000000  0.0000040  0.0000000 0.0000000 0  0.0010964
-999.0000000 1065.0000000  0.0000040  0.0000000 0.0000000 0  0.0011221
-999.0000000 1040.0000000  0.0000040  0.0000000 0.0000000 0  0.0011491
-999.0000000 1015.0000000  0.0000040  0.0000000 0.0000000 0  0.0011774
-999.0000000  990.0000000  0.0000040  0.0000000 0.0000000 0  0.0012071
-999.0000000  965.0000000 -0.0000117  0.0000000 0.0000000 0  0.0032096
-999.0000000  940.0000000 -0.0000139  0.0000000 0.0000000 0  0.0053624
-999.0000000  915.0000000 -0.0000030  0.0000000 0.0000000 0  0.0075637
-999.0000000  890.0000000  0.0000087  0.0000000 0.0000000 0  0.0097947
-999.0000000  865.0000000  0.0000130  0.0000000 0.0000000 0  0.0118009
-999.0000000  840.0000000  0.0000146  0.0000000 0.0000000 0  0.0133274
-999.0000000  815.0000000  0.0000165  0.0000000 0.0000000 0  0.0142005
-999.0000000  790.0000000  0.0000175  0.0000000 0.0000000 0  0.0141834
-999.0000000  765.0000000  0.0000177  0.0000000 0.0000000 0  0.0130938
-999.0000000  740.0000000  0.0000166  0.0000000 0.0000000 0  0.0110115
-999.0000000  715.0000000  0.0000148 -0.0000000 0.0000000 0  0.0082966
-999.0000000  690.0000000  0.0000127 -0.0000000 0.0000000 0  0.0052857
-999.0000000  665.0000000  0.0000102 -0.0000000 0.0000000 0  0.0022316
-999.0000000  640.0000000  0.0000071 -0.0000000 0.0000000 0 -0.0007957
-999.0000000  615.0000000  0.0000032 -0.0000000 0.0000000 0 -0.0039511
-999.0000000  590.0000000  0.0000004 -0.0000000 0.0000000 0 -0.0072281
-999.0000000  565.0000000 -0.0000013 -0.0000000 0.0000000 0 -0.0103636
-999.0000000  540.0000000 -0.0000031 -0.0000000 0.0000000 0 -0.0131817
-999.0000000  515.0000000 -0.0000051 -0.0000000 0.0000000 0 -0.0157275
-999.0000000  490.0000000 -0.0000070 -0.0000000 0.0000000 0 -0.0180987
-999.0000000  465.0000000 -0.0000088 -0.0000000 0.0000000 0 -0.0203784
-999.0000000  440.0000000 -0.0000095 -0.0000000 0.0000000 0 -0.0225686
-999.0000000  415.0000000 -0.0000084 -0.0000000 0.0000000 0 -0.0245595
-999.0000000  390.0000000 -0.0000063 -0.0000000 0.0000000 0 -0.0262577
-999.0000000  365.0000000 -0.0000038 -0.0000000 0.0000000 0 -0.0275997
-999.0000000  340.0000000 -0.0000016 -0.0000000 0.0000000 0 -0.0284169
-999.0000000  315.0000000 -0.0000002 -0.0000000 0.0000000 0 -0.0284294
-999.0000000  290.0000000  0.0000003 -0.0000000 0.0000000 0 -0.0276017
-999.0000000  265.0000000  0.0000007 -0.0000000 0.0000000 0 -0.0264116
-999.0000000  240.0000000  0.0000011  0.0000000 0.0000000 0 -0.0257698
-999.0000000  215.0000000  0.0000008  0.0000000 0.0000000 0 -0.0261916
-999.0000000  190.0000000 -0.0000004  0.0000000 0.0000000 0 -0.0258682
-999.0000000  165.0000000 -0.0000008  0.0000000 0.0000000 0 -0.0211664
-999.0000000  140.0000000  0.0000021  0.0000000 0.0000000 0 -0.0117747
-999.0000000  115.0000000  0.0000037 -0.0000000 0.0000000 0 -0.0034874
-999.0000000   90.0000000  0.0000065  0.0000000 0.0000000 0 -0.0000022
-999.0000000   65.0000000  0.0000027 -0.0000000 0.0000000 0 -0.0000000
-999.0000000   40.0000000  0.0000079 -0.0000000 0.0000000 0 -0.0000000
-999.0000000   15.0000000  0.0000052 -0.0000000 0.0000000 0 -0.0000000
 262.750  45   1002.18  day,levels,pres0
-999.0000000 1115.0000000 -0.0000129  0.0000000 0.0000000 0  0.0003394
-999.0000000 1090.0000000 -0.0000129  0.0000000 0.0000000 0  0.0003472
-999.0000000 1065.0000000 -0.0000129  0.0000000 0.0000000 0  0.0003553
-999.0000000 1040.0000000 -0.0000129  0.0000000 0.0000000 0  0.0003639
-999.0000000 1015.0000000 -0.0000129  0.0000000 0.0000000 0  0.0003728
-999.0000000  990.0000000 -0.0000129  0.0000000 0.0000000 0  0.0003822
-999.0000000  965.0000000 -0.0000309  0.0000000 0.0000000 0  0.0009932
-999.0000000  940.0000000 -0.0000317 -0.0000000 0.0000000 0  0.0012085
-999.0000000  915.0000000 -0.0000163 -0.0000000 0.0000000 0  0.0011732
-999.0000000  890.0000000 -0.0000004 -0.0000000 0.0000000 0  0.0009434
-999.0000000  865.0000000  0.0000049 -0.0000000 0.0000000 0  0.0001849
-999.0000000  840.0000000  0.0000036  0.0000000 0.0000000 0 -0.0014013
-999.0000000  815.0000000  0.0000015  0.0000000 0.0000000 0 -0.0038741
-999.0000000  790.0000000 -0.0000010  0.0000000 0.0000000 0 -0.0070076
-999.0000000  765.0000000 -0.0000043  0.0000000 0.0000000 0 -0.0103156
-999.0000000  740.0000000 -0.0000083  0.0000000 0.0000000 0 -0.0132466
-999.0000000  715.0000000 -0.0000125  0.0000000 0.0000000 0 -0.0153915
-999.0000000  690.0000000 -0.0000164 -0.0000000 0.0000000 0 -0.0166363
-999.0000000  665.0000000 -0.0000196 -0.0000000 0.0000000 0 -0.0170572
-999.0000000  640.0000000 -0.0000228 -0.0000000 0.0000000 0 -0.0167208
-999.0000000  615.0000000 -0.0000260 -0.0000000 0.0000000 0 -0.0156902
-999.0000000  590.0000000 -0.0000281 -0.0000000 0.0000000 0 -0.0140643
-999.0000000  565.0000000 -0.0000284 -0.0000000 0.0000000 0 -0.0119485
-999.0000000  540.0000000 -0.0000290 -0.0000000 0.0000000 0 -0.0095238
-999.0000000  515.0000000 -0.0000303 -0.0000000 0.0000000 0 -0.0070896
-999.0000000  490.0000000 -0.0000318 -0.0000000 0.0000000 0 -0.0048716
-999.0000000  465.0000000 -0.0000338 -0.0000000 0.0000000 0 -0.0028969
-999.0000000  440.0000000 -0.0000355 -0.0000000 0.0000000 0 -0.0010359
-999.0000000  415.0000000 -0.0000361 -0.0000000 0.0000000 0  0.0009840
-999.0000000  390.0000000 -0.0000344 -0.0000000 0.0000000 0  0.0033755
-999.0000000  365.0000000 -0.0000302 -0.0000000 0.0000000 0  0.0061674
-999.0000000  340.0000000 -0.0000254 -0.0000000 0.0000000 0  0.0093726
-999.0000000  315.0000000 -0.0000213 -0.0000000 0.0000000 0  0.0129800
-999.0000000  290.0000000 -0.0000185 -0.0000000 0.0000000 0  0.0167171
-999.0000000  265.0000000 -0.0000163 -0.0000000 0.0000000 0  0.0199588
-999.0000000  240.0000000 -0.0000139  0.0000000 0.0000000 0  0.0220334
-999.0000000  215.0000000 -0.0000116  0.0000000 0.0000000 0  0.0226933
-999.0000000  190.0000000 -0.0000110  0.0000000 0.0000000 0  0.0219574
-999.0000000  165.0000000 -0.0000099  0.0000000 0.0000000 0  0.0191359
-999.0000000  140.0000000 -0.0000050 -0.0000000 0.0000000 0  0.0101523
-999.0000000  115.0000000 -0.0000038 -0.0000000 0.0000000 0  0.0011625
-999.0000000   90.0000000  0.0000051 -0.0000000 0.0000000 0  0.0000027
-999.0000000   65.0000000 -0.0000036 -0.0000000 0.0000000 0 -0.0000000
-999.0000000   40.0000000 -0.0000026 -0.0000000 0.0000000 0 -0.0000000
-999.0000000   15.0000000 -0.0000091 -0.0000000 0.0000000 0 -0.0000000
 262.875  45   1002.44  day,levels,pres0
-999.0000000 1115.0000000 -0.0000160  0.0000000 0.0000000 0 -0.0004258
-999.0000000 1090.0000000 -0.0000160  0.0000000 0.0000000 0 -0.0004355
-999.0000000 1065.0000000 -0.0000160  0.0000000 0.0000000 0 -0.0004458
-999.0000000 1040.0000000 -0.0000160  0.0000000 0.0000000 0 -0.0004565
-999.0000000 1015.0000000 -0.0000160  0.0000000 0.0000000 0 -0.0004677
-999.0000000  990.0000000 -0.0000160  0.0000000 0.0000000 0 -0.0004795
-999.0000000  965.0000000 -0.0000409  0.0000000 0.0000000 0 -0.0018194
-999.0000000  940.0000000 -0.0000393  0.0000000 0.0000000 0 -0.0034028
-999.0000000  915.0000000 -0.0000256 -0.0000000 0.0000000 0 -0.0045251
-999.0000000  890.0000000 -0.0000104 -0.0000000 0.0000000 0 -0.0051619
-999.0000000  865.0000000 -0.0000031 -0.0000000 0.0000000 0 -0.0057501
-999.0000000  840.0000000 -0.0000017 -0.0000000 0.0000000 0 -0.0067070
-999.0000000  815.0000000 -0.0000023 -0.0000000 0.0000000 0 -0.0082657
-999.0000000  790.0000000 -0.0000039 -0.0000000 0.0000000 0 -0.0103609
-999.0000000  765.0000000 -0.0000069 -0.0000000 0.0000000 0 -0.0126291
-999.0000000  740.0000000 -0.0000126 -0.0000000 0.0000000 0 -0.0146343
-999.0000000  715.0000000 -0.0000199 -0.0000000 0.0000000 0 -0.0160264
-999.0000000  690.0000000 -0.0000259 -0.0000000 0.0000000 0 -0.0166431
-999.0000000  665.0000000 -0.0000302 -0.0000000 0.0000000 0 -0.0164315
-999.0000000  640.0000000 -0.0000325 -0.0000000 0.0000000 0 -0.0154160
-999.0000000  615.0000000 -0.0000333 -0.0000000 0.0000000 0 -0.0137484
-999.0000000  590.0000000 -0.0000337 -0.0000000 0.0000000 0 -0.0116522
-999.0000000  565.0000000 -0.0000341 -0.0000000 0.0000000 0 -0.0093808
-999.0000000  540.0000000 -0.0000342 -0.0000000 0.0000000 0 -0.0071285
-999.0000000  515.0000000 -0.0000335 -0.0000000 0.0000000 0 -0.0049910
-999.0000000  490.0000000 -0.0000318 -0.0000000 0.0000000 0 -0.0030254
-999.0000000  465.0000000 -0.0000294 -0.0000000 0.0000000 0 -0.0012304
-999.0000000  440.0000000 -0.0000282 -0.0000000 0.0000000 0  0.0004692
-999.0000000  415.0000000 -0.0000287 -0.0000000 0.0000000 0  0.0022062
-999.0000000  390.0000000 -0.0000292 -0.0000000 0.0000000 0  0.0040204
-999.0000000  365.0000000 -0.0000285 -0.0000000 0.0000000 0  0.0057819
-999.0000000  340.0000000 -0.0000263 -0.0000000 0.0000000 0  0.0073976
-999.0000000  315.0000000 -0.0000240 -0.0000000 0.0000000 0  0.0088633
-999.0000000  290.0000000 -0.0000228 -0.0000000 0.0000000 0  0.0100578
-999.0000000  265.0000000 -0.0000222 -0.0000000 0.0000000 0  0.0106681
-999.0000000  240.0000000 -0.0000209  0.0000000 0.0000000 0  0.0104666
-999.0000000  215.0000000 -0.0000191  0.0000000 0.0000000 0  0.0096921
-999.0000000  190.0000000 -0.0000191  0.0000000 0.0000000 0  0.0088246
-999.0000000  165.0000000 -0.0000168  0.0000000 0.0000000 0  0.0077893
-999.0000000  140.0000000 -0.0000127 -0.0000000 0.0000000 0  0.0042699
-999.0000000  115.0000000 -0.0000123 -0.0000000 0.0000000 0  0.0004724
-999.0000000   90.0000000 -0.0000073 -0.0000000 0.0000000 0 -0.0000003
-999.0000000   65.0000000 -0.0000098 -0.0000000 0.0000000 0 -0.0000000
-999.0000000   40.0000000 -0.0000132 -0.0000000 0.0000000 0 -0.0000000
-999.0000000   15.0000000 -0.0000233 -0.0000000 0.0000000 0 -0.0000000
 263.000  45   1005.33  day,levels,pres0
-999.0000000 1115.0000000  0.0000217  0.0000001 0.0000000 0 -0.0009672
-999.0000000 1090.0000000  0.0000217  0.0000001 0.0000000 0 -0.0009894
-999.0000000 1065.0000000  0.0000217  0.0000001 0.0000000 0 -0.0010126
-999.0000000 1040.0000000  0.0000217  0.0000001 0.0000000 0 -0.0010369
-999.0000000 1015.0000000  0.0000217  0.0000001 0.0000000 0 -0.0010625
-999.0000000  990.0000000  0.0000217  0.0000001 0.0000000 0 -0.0010893
-999.0000000  965.0000000 -0.0000085  0.0000001 0.0000000 0 -0.0032333
-999.0000000  940.0000000 -0.0000125  0.0000000 0.0000000 0 -0.0047163
-999.0000000  915.0000000 -0.0000060  0.0000000 0.0000000 0 -0.0044194
-999.0000000  890.0000000  0.0000067 -0.0000000 0.0000000 0 -0.0027328
-999.0000000  865.0000000  0.0000160 -0.0000001 0.0000000 0 -0.0004099
-999.0000000  840.0000000  0.0000221 -0.0000001 0.0000000 0  0.0018148
-999.0000000  815.0000000  0.0000242 -0.0000001 0.0000000 0  0.0033250
-999.0000000  790.0000000  0.0000237 -0.0000001 0.0000000 0  0.0039073
-999.0000000  765.0000000  0.0000200 -0.0000001 0.0000000 0  0.0037013
-999.0000000  740.0000000  0.0000117 -0.0000001 0.0000000 0  0.0029838
-999.0000000  715.0000000  0.0000002 -0.0000001 0.0000000 0  0.0020804
-999.0000000  690.0000000 -0.0000094 -0.0000000 0.0000000 0  0.0012517
-999.0000000  665.0000000 -0.0000160 -0.0000000 0.0000000 0  0.0007088
-999.0000000  640.0000000 -0.0000185 -0.0000000 0.0000000 0  0.0005262
-999.0000000  615.0000000 -0.0000175 -0.0000000 0.0000000 0  0.0005719
-999.0000000  590.0000000 -0.0000173 -0.0000000 0.0000000 0  0.0005995
-999.0000000  565.0000000 -0.0000186 -0.0000000 0.0000000 0  0.0002848
-999.0000000  540.0000000 -0.0000188 -0.0000000 0.0000000 0 -0.0005287
-999.0000000  515.0000000 -0.0000159 -0.0000000 0.0000000 0 -0.0017327
-999.0000000  490.0000000 -0.0000099 -0.0000000 0.0000000 0 -0.0031970
-999.0000000  465.0000000 -0.0000010 -0.0000000 0.0000000 0 -0.0048515
-999.0000000  440.0000000  0.0000063 -0.0000000 0.0000000 0 -0.0066134
-999.0000000  415.0000000  0.0000089 -0.0000000 0.0000000 0 -0.0083895
-999.0000000  390.0000000  0.0000066 -0.0000000 0.0000000 0 -0.0102268
-999.0000000  365.0000000  0.0000009 -0.0000000 0.0000000 0 -0.0123348
-999.0000000  340.0000000 -0.0000039 -0.0000000 0.0000000 0 -0.0148420
-999.0000000  315.0000000 -0.0000071 -0.0000000 0.0000000 0 -0.0176951
-999.0000000  290.0000000 -0.0000092 -0.0000000 0.0000000 0 -0.0208497
-999.0000000  265.0000000 -0.0000105  0.0000000 0.0000000 0 -0.0242756
-999.0000000  240.0000000 -0.0000104  0.0000000 0.0000000 0 -0.0275543
-999.0000000  215.0000000 -0.0000089  0.0000000 0.0000000 0 -0.0295632
-999.0000000  190.0000000 -0.0000085  0.0000000 0.0000000 0 -0.0288102
-999.0000000  165.0000000 -0.0000046  0.0000000 0.0000000 0 -0.0237821
-999.0000000  140.0000000  0.0000002 -0.0000000 0.0000000 0 -0.0129491
-999.0000000  115.0000000 -0.0000002 -0.0000000 0.0000000 0 -0.0029423
-999.0000000   90.0000000 -0.0000037  0.0000000 0.0000000 0 -0.0000032
-999.0000000   65.0000000  0.0000009 -0.0000000 0.0000000 0 -0.0000000
-999.0000000   40.0000000 -0.0000025 -0.0000000 0.0000000 0 -0.0000000
-999.0000000   15.0000000 -0.0000093 -0.0000000 0.0000000 0 -0.0000000
 263.125  45   1006.05  day,levels,pres0
-999.0000000 1115.0000000  0.0000259  0.0000001 0.0000000 0  0.0000053
-999.0000000 1090.0000000  0.0000259  0.0000001 0.0000000 0  0.0000054
-999.0000000 1065.0000000  0.0000259  0.0000001 0.0000000 0  0.0000055
-999.0000000 1040.0000000  0.0000259  0.0000001 0.0000000 0  0.0000056
-999.0000000 1015.0000000  0.0000259  0.0000001 0.0000000 0  0.0000058
-999.0000000  990.0000000  0.0000259  0.0000001 0.0000000 0  0.0000059
-999.0000000  965.0000000  0.0000090  0.0000001 0.0000000 0 -0.0004019
-999.0000000  940.0000000 -0.0000005  0.0000000 0.0000000 0 -0.0009522
-999.0000000  915.0000000 -0.0000019  0.0000000 0.0000000 0 -0.0010240
-999.0000000  890.0000000  0.0000021 -0.0000000 0.0000000 0 -0.0005985
-999.0000000  865.0000000  0.0000044 -0.0000000 0.0000000 0  0.0000730
-999.0000000  840.0000000  0.0000105 -0.0000001 0.0000000 0  0.0006231
-999.0000000  815.0000000  0.0000185 -0.0000001 0.0000000 0  0.0006761
-999.0000000  790.0000000  0.0000246 -0.0000001 0.0000000 0  0.0000814
-999.0000000  765.0000000  0.0000244 -0.0000001 0.0000000 0 -0.0011009
-999.0000000  740.0000000  0.0000179 -0.0000001 0.0000000 0 -0.0026593
-999.0000000  715.0000000  0.0000080 -0.0000000 0.0000000 0 -0.0042416
-999.0000000  690.0000000 -0.0000003 -0.0000000 0.0000000 0 -0.0054867
-999.0000000  665.0000000 -0.0000060 -0.0000000 0.0000000 0 -0.0060419
-999.0000000  640.0000000 -0.0000087 -0.0000000 0.0000000 0 -0.0057991
-999.0000000  615.0000000 -0.0000089 -0.0000000 0.0000000 0 -0.0050091
-999.0000000  590.0000000 -0.0000096  0.0000000 0.0000000 0 -0.0039399
-999.0000000  565.0000000 -0.0000112  0.0000000 0.0000000 0 -0.0027675
-999.0000000  540.0000000 -0.0000123  0.0000000 0.0000000 0 -0.0015562
-999.0000000  515.0000000 -0.0000123  0.0000000 0.0000000 0 -0.0002577
-999.0000000  490.0000000 -0.0000103  0.0000000 0.0000000 0  0.0010640
-999.0000000  465.0000000 -0.0000053 -0.0000000 0.0000000 0  0.0021538
-999.0000000  440.0000000  0.0000010 -0.0000000 0.0000000 0  0.0027639
-999.0000000  415.0000000  0.0000077 -0.0000000 0.0000000 0  0.0027335
-999.0000000  390.0000000  0.0000124 -0.0000000 0.0000000 0  0.0019096
-999.0000000  365.0000000  0.0000131 -0.0000000 0.0000000 0  0.0001458
-999.0000000  340.0000000  0.0000108 -0.0000000 0.0000000 0 -0.0026108
-999.0000000  315.0000000  0.0000075 -0.0000000 0.0000000 0 -0.0062304
-999.0000000  290.0000000  0.0000054 -0.0000000 0.0000000 0 -0.0103452
-999.0000000  265.0000000  0.0000042 -0.0000000 0.0000000 0 -0.0142075
-999.0000000  240.0000000  0.0000037 -0.0000000 0.0000000 0 -0.0165622
-999.0000000  215.0000000  0.0000046  0.0000000 0.0000000 0 -0.0162754
-999.0000000  190.0000000  0.0000058  0.0000000 0.0000000 0 -0.0136626
-999.0000000  165.0000000  0.0000082 -0.0000000 0.0000000 0 -0.0101344
-999.0000000  140.0000000  0.0000106 -0.0000000 0.0000000 0 -0.0052101
-999.0000000  115.0000000  0.0000151  0.0000000 0.0000000 0 -0.0009563
-999.0000000   90.0000000  0.0000171 -0.0000000 0.0000000 0 -0.0000003
-999.0000000   65.0000000  0.0000117 -0.0000000 0.0000000 0 -0.0000000
-999.0000000   40.0000000  0.0000082 -0.0000000 0.0000000 0 -0.0000000
-999.0000000   15.0000000  0.0000047 -0.0000000 0.0000000 0 -0.0000000
 263.250  45   1004.13  day,levels,pres0
-999.0000000 1115.0000000  0.0000124  0.0000000 0.0000000 0  0.0009416
-999.0000000 1090.0000000  0.0000124  0.0000000 0.0000000 0  0.0009632
-999.0000000 1065.0000000  0.0000124  0.0000000 0.0000000 0  0.0009858
-999.0000000 1040.0000000  0.0000124  0.0000000 0.0000000 0  0.0010095
-999.0000000 1015.0000000  0.0000124  0.0000000 0.0000000 0  0.0010344
-999.0000000  990.0000000  0.0000124  0.0000000 0.0000000 0  0.0010605
-999.0000000  965.0000000  0.0000084  0.0000000 0.0000000 0  0.0026245
-999.0000000  940.0000000 -0.0000016  0.0000000 0.0000000 0  0.0034240
-999.0000000  915.0000000 -0.0000125  0.0000000 0.0000000 0  0.0035397
-999.0000000  890.0000000 -0.0000241  0.0000000 0.0000000 0  0.0033194
-999.0000000  865.0000000 -0.0000310 -0.0000000 0.0000000 0  0.0029346
-999.0000000  840.0000000 -0.0000226 -0.0000000 0.0000000 0  0.0022879
-999.0000000  815.0000000 -0.0000053 -0.0000001 0.0000000 0  0.0011618
-999.0000000  790.0000000  0.0000097 -0.0000001 0.0000000 0 -0.0005660
-999.0000000  765.0000000  0.0000139 -0.0000000 0.0000000 0 -0.0029192
-999.0000000  740.0000000  0.0000092 -0.0000000 0.0000000 0 -0.0057360
-999.0000000  715.0000000  0.0000008 -0.0000000 0.0000000 0 -0.0086009
-999.0000000  690.0000000 -0.0000062 -0.0000000 0.0000000 0 -0.0110259
-999.0000000  665.0000000 -0.0000111  0.0000000 0.0000000 0 -0.0125029
-999.0000000  640.0000000 -0.0000140  0.0000000 0.0000000 0 -0.0128753
-999.0000000  615.0000000 -0.0000152  0.0000000 0.0000000 0 -0.0124888
-999.0000000  590.0000000 -0.0000165  0.0000000 0.0000000 0 -0.0116031
-999.0000000  565.0000000 -0.0000181  0.0000000 0.0000000 0 -0.0102169
-999.0000000  540.0000000 -0.0000202  0.0000000 0.0000000 0 -0.0082819
-999.0000000  515.0000000 -0.0000229  0.0000000 0.0000000 0 -0.0058066
-999.0000000  490.0000000 -0.0000243  0.0000000 0.0000000 0 -0.0030435
-999.0000000  465.0000000 -0.0000226  0.0000000 0.0000000 0 -0.0005567
-999.0000000  440.0000000 -0.0000168  0.0000000 0.0000000 0  0.0011005
-999.0000000  415.0000000 -0.0000060 -0.0000000 0.0000000 0  0.0015518
-999.0000000  390.0000000  0.0000056 -0.0000000 0.0000000 0  0.0005789
-999.0000000  365.0000000  0.0000123 -0.0000000 0.0000000 0 -0.0018529
-999.0000000  340.0000000  0.0000112 -0.0000000 0.0000000 0 -0.0056858
-999.0000000  315.0000000  0.0000056 -0.0000000 0.0000000 0 -0.0106914
-999.0000000  290.0000000  0.0000023 -0.0000000 0.0000000 0 -0.0161609
-999.0000000  265.0000000  0.0000011 -0.0000000 0.0000000 0 -0.0205889
-999.0000000  240.0000000  0.0000002 -0.0000000 0.0000000 0 -0.0217684
-999.0000000  215.0000000  0.0000004 -0.0000000 0.0000000 0 -0.0183834
-999.0000000  190.0000000  0.0000012 -0.0000000 0.0000000 0 -0.0123369
-999.0000000  165.0000000  0.0000000 -0.0000000 0.0000000 0 -0.0075147
-999.0000000  140.0000000  0.0000013 -0.0000000 0.0000000 0 -0.0034766
-999.0000000  115.0000000  0.0000086  0.0000000 0.0000000 0 -0.0003553
-999.0000000   90.0000000  0.0000138  0.0000000 0.0000000 0  0.0000003
-999.0000000   65.0000000  0.0000027 -0.0000000 0.0000000 0 -0.0000000
-999.0000000   40.0000000  0.0000011 -0.0000000 0.0000000 0 -0.0000000
-999.0000000   15.0000000  0.0000020 -0.0000000 0.0000000 0 -0.0000000
 263.375  45   1004.69  day,levels,pres0
-999.0000000 1115.0000000  0.0000013  0.0000000 0.0000000 0  0.0011550
-999.0000000 1090.0000000  0.0000013  0.0000000 0.0000000 0  0.0011815
-999.0000000 1065.0000000  0.0000013  0.0000000 0.0000000 0  0.0012092
-999.0000000 1040.0000000  0.0000013  0.0000000 0.0000000 0  0.0012383
-999.0000000 1015.0000000  0.0000013  0.0000000 0.0000000 0  0.0012688
-999.0000000  990.0000000  0.0000013  0.0000000 0.0000000 0  0.0013008
-999.0000000  965.0000000 -0.0000067  0.0000000 0.0000000 0  0.0031942
-999.0000000  940.0000000 -0.0000124  0.0000000 0.0000000 0  0.0042963
-999.0000000  915.0000000 -0.0000153  0.0000000 0.0000000 0  0.0047285
-999.0000000  890.0000000 -0.0000191 -0.0000000 0.0000000 0  0.0048842
-999.0000000  865.0000000 -0.0000236 -0.0000000 0.0000000 0  0.0049754
-999.0000000  840.0000000 -0.0000217 -0.0000000 0.0000000 0  0.0050555
-999.0000000  815.0000000 -0.0000132 -0.0000000 0.0000000 0  0.0049963
-999.0000000  790.0000000 -0.0000035 -0.0000000 0.0000000 0  0.0045336
-999.0000000  765.0000000 -0.0000008 -0.0000000 0.0000000 0  0.0034292
-999.0000000  740.0000000 -0.0000043 -0.0000000 0.0000000 0  0.0016877
-999.0000000  715.0000000 -0.0000106 -0.0000000 0.0000000 0 -0.0004088
-999.0000000  690.0000000 -0.0000154  0.0000000 0.0000000 0 -0.0025063
-999.0000000  665.0000000 -0.0000183  0.0000000 0.0000000 0 -0.0042345
-999.0000000  640.0000000 -0.0000196  0.0000000 0.0000000 0 -0.0054904
-999.0000000  615.0000000 -0.0000195  0.0000000 0.0000000 0 -0.0065595
-999.0000000  590.0000000 -0.0000196  0.0000000 0.0000000 0 -0.0076653
-999.0000000  565.0000000 -0.0000206  0.0000000 0.0000000 0 -0.0088247
-999.0000000  540.0000000 -0.0000222  0.0000000 0.0000000 0 -0.0099468
-999.0000000  515.0000000 -0.0000242  0.0000000 0.0000000 0 -0.0108746
-999.0000000  490.0000000 -0.0000244  0.0000000 0.0000000 0 -0.0115776
-999.0000000  465.0000000 -0.0000209  0.0000000 0.0000000 0 -0.0122445
-999.0000000  440.0000000 -0.0000156 -0.0000000 0.0000000 0 -0.0131475
-999.0000000  415.0000000 -0.0000097 -0.0000000 0.0000000 0 -0.0145629
-999.0000000  390.0000000 -0.0000047 -0.0000000 0.0000000 0 -0.0166282
-999.0000000  365.0000000 -0.0000025 -0.0000000 0.0000000 0 -0.0192613
-999.0000000  340.0000000 -0.0000040 -0.0000000 0.0000000 0 -0.0223448
-999.0000000  315.0000000 -0.0000070 -0.0000000 0.0000000 0 -0.0257408
-999.0000000  290.0000000 -0.0000089 -0.0000000 0.0000000 0 -0.0290963
-999.0000000  265.0000000 -0.0000093 -0.0000000 0.0000000 0 -0.0315339
-999.0000000  240.0000000 -0.0000089 -0.0000000 0.0000000 0 -0.0314044
-999.0000000  215.0000000 -0.0000078 -0.0000000 0.0000000 0 -0.0274537
-999.0000000  190.0000000 -0.0000067 -0.0000000 0.0000000 0 -0.0209872
-999.0000000  165.0000000 -0.0000083 -0.0000000 0.0000000 0 -0.0145985
-999.0000000  140.0000000 -0.0000060 -0.0000000 0.0000000 0 -0.0075741
-999.0000000  115.0000000  0.0000012  0.0000000 0.0000000 0 -0.0018427
-999.0000000   90.0000000  0.0000035 -0.0000000 0.0000000 0  0.0000001
-999.0000000   65.0000000 -0.0000063 -0.0000000 0.0000000 0 -0.0000000
-999.0000000   40.0000000 -0.0000061 -0.0000000 0.0000000 0 -0.0000000
-999.0000000   15.0000000 -0.0000008 -0.0000000 0.0000000 0 -0.0000000
 263.500  45   1007.13  day,levels,pres0
-999.0000000 1115.0000000  0.0000105  0.0000000 0.0000000 0  0.0013485
-999.0000000 1090.0000000  0.0000105  0.0000000 0.0000000 0  0.0013795
-999.0000000 1065.0000000  0.0000105  0.0000000 0.0000000 0  0.0014119
-999.0000000 1040.0000000  0.0000105  0.0000000 0.0000000 0  0.0014458
-999.0000000 1015.0000000  0.0000105  0.0000000 0.0000000 0  0.0014814
-999.0000000  990.0000000  0.0000105  0.0000000 0.0000000 0  0.0015188
-999.0000000  965.0000000 -0.0000017  0.0000000 0.0000000 0  0.0033318
-999.0000000  940.0000000 -0.0000034  0.0000000 0.0000000 0  0.0042418
-999.0000000  915.0000000  0.0000027  0.0000000 0.0000000 0  0.0044530
-999.0000000  890.0000000  0.0000067 -0.0000000 0.0000000 0  0.0044500
-999.0000000  865.0000000  0.0000035 -0.0000000 0.0000000 0  0.0045241
-999.0000000  840.0000000 -0.0000018 -0.0000000 0.0000000 0  0.0049238
-999.0000000  815.0000000 -0.0000036 -0.0000000 0.0000000 0  0.0056559
-999.0000000  790.0000000 -0.0000005  0.0000000 0.0000000 0  0.0063246
-999.0000000  765.0000000  0.0000005  0.0000000 0.0000000 0  0.0064561
-999.0000000  740.0000000 -0.0000017  0.0000000 0.0000000 0  0.0058691
-999.0000000  715.0000000 -0.0000055  0.0000000 0.0000000 0  0.0046817
-999.0000000  690.0000000 -0.0000078  0.0000000 0.0000000 0  0.0030990
-999.0000000  665.0000000 -0.0000086  0.0000000 0.0000000 0  0.0013485
-999.0000000  640.0000000 -0.0000085  0.0000000 0.0000000 0 -0.0005258
-999.0000000  615.0000000 -0.0000078  0.0000000 0.0000000 0 -0.0027538
-999.0000000  590.0000000 -0.0000075  0.0000000 0.0000000 0 -0.0055273
-999.0000000  565.0000000 -0.0000083  0.0000000 0.0000000 0 -0.0088854
-999.0000000  540.0000000 -0.0000096  0.0000000 0.0000000 0 -0.0126946
-999.0000000  515.0000000 -0.0000108  0.0000000 0.0000000 0 -0.0166266
-999.0000000  490.0000000 -0.0000094  0.0000000 0.0000000 0 -0.0203643
-999.0000000  465.0000000 -0.0000042 -0.0000000 0.0000000 0 -0.0237180
-999.0000000  440.0000000  0.0000000 -0.0000000 0.0000000 0 -0.0266828
-999.0000000  415.0000000 -0.0000003 -0.0000000 0.0000000 0 -0.0294500
-999.0000000  390.0000000 -0.0000028 -0.0000000 0.0000000 0 -0.0321018
-999.0000000  365.0000000 -0.0000059 -0.0000000 0.0000000 0 -0.0344687
-999.0000000  340.0000000 -0.0000078 -0.0000000 0.0000000 0 -0.0363926
-999.0000000  315.0000000 -0.0000083 -0.0000000 0.0000000 0 -0.0378375
-999.0000000  290.0000000 -0.0000092 -0.0000000 0.0000000 0 -0.0388111
-999.0000000  265.0000000 -0.0000098  0.0000000 0.0000000 0 -0.0390691
-999.0000000  240.0000000 -0.0000092 -0.0000000 0.0000000 0 -0.0375428
-999.0000000  215.0000000 -0.0000080 -0.0000000 0.0000000 0 -0.0330684
-999.0000000  190.0000000 -0.0000072 -0.0000000 0.0000000 0 -0.0263895
-999.0000000  165.0000000 -0.0000086  0.0000000 0.0000000 0 -0.0189354
-999.0000000  140.0000000 -0.0000053 -0.0000000 0.0000000 0 -0.0100762
-999.0000000  115.0000000  0.0000029  0.0000000 0.0000000 0 -0.0029264
-999.0000000   90.0000000  0.0000052 -0.0000000 0.0000000 0  0.0000005
-999.0000000   65.0000000 -0.0000019 -0.0000000 0.0000000 0 -0.0000000
-999.0000000   40.0000000  0.0000000 -0.0000000 0.0000000 0 -0.0000000
-999.0000000   15.0000000  0.0000079 -0.0000000 0.0000000 0 -0.0000000
 263.625  45   1006.85  day,levels,pres0
-999.0000000 1115.0000000  0.0000106 -0.0000000 0.0000000 0  0.0009070
-999.0000000 1090.0000000  0.0000106 -0.0000000 0.0000000 0  0.0009278
-999.0000000 1065.0000000  0.0000106 -0.0000000 0.0000000 0  0.0009496
-999.0000000 1040.0000000  0.0000106 -0.0000000 0.0000000 0  0.0009724
-999.0000000 1015.0000000  0.0000106 -0.0000000 0.0000000 0  0.0009964
-999.0000000  990.0000000  0.0000106 -0.0000000 0.0000000 0  0.0010216
-999.0000000  965.0000000 -0.0000024 -0.0000000 0.0000000 0  0.0021987
-999.0000000  940.0000000 -0.0000114 -0.0000000 0.0000000 0  0.0024010
-999.0000000  915.0000000 -0.0000090 -0.0000000 0.0000000 0  0.0017699
-999.0000000  890.0000000 -0.0000033 -0.0000000 0.0000000 0  0.0010597
-999.0000000  865.0000000  0.0000008 -0.0000000 0.0000000 0  0.0007399
-999.0000000  840.0000000  0.0000048 -0.0000000 0.0000000 0  0.0009341
-999.0000000  815.0000000  0.0000106 -0.0000000 0.0000000 0  0.0014934
-999.0000000  790.0000000  0.0000151 -0.0000000 0.0000000 0  0.0020705
-999.0000000  765.0000000  0.0000148 -0.0000000 0.0000000 0  0.0023167
-999.0000000  740.0000000  0.0000113 -0.0000000 0.0000000 0  0.0021019
-999.0000000  715.0000000  0.0000071  0.0000000 0.0000000 0  0.0015198
-999.0000000  690.0000000  0.0000039  0.0000000 0.0000000 0  0.0007586
-999.0000000  665.0000000  0.0000021  0.0000000 0.0000000 0  0.0000545
-999.0000000  640.0000000  0.0000014  0.0000000 0.0000000 0 -0.0004868
-999.0000000  615.0000000  0.0000014  0.0000000 0.0000000 0 -0.0009800
-999.0000000  590.0000000  0.0000016  0.0000000 0.0000000 0 -0.0016283
-999.0000000  565.0000000  0.0000017  0.0000000 0.0000000 0 -0.0026910
-999.0000000  540.0000000  0.0000009  0.0000000 0.0000000 0 -0.0043598
-999.0000000  515.0000000 -0.0000011  0.0000000 0.0000000 0 -0.0066869
-999.0000000  490.0000000 -0.0000028  0.0000000 0.0000000 0 -0.0096152
-999.0000000  465.0000000 -0.0000036  0.0000000 0.0000000 0 -0.0129675
-999.0000000  440.0000000 -0.0000053 -0.0000000 0.0000000 0 -0.0164935
-999.0000000  415.0000000 -0.0000087 -0.0000000 0.0000000 0 -0.0198746
-999.0000000  390.0000000 -0.0000115 -0.0000000 0.0000000 0 -0.0227043
-999.0000000  365.0000000 -0.0000124 -0.0000000 0.0000000 0 -0.0245444
-999.0000000  340.0000000 -0.0000112 -0.0000000 0.0000000 0 -0.0252131
-999.0000000  315.0000000 -0.0000090 -0.0000000 0.0000000 0 -0.0249579
-999.0000000  290.0000000 -0.0000082 -0.0000000 0.0000000 0 -0.0243207
-999.0000000  265.0000000 -0.0000084  0.0000000 0.0000000 0 -0.0238627
-999.0000000  240.0000000 -0.0000083  0.0000000 0.0000000 0 -0.0235025
-999.0000000  215.0000000 -0.0000080  0.0000000 0.0000000 0 -0.0222884
-999.0000000  190.0000000 -0.0000084  0.0000000 0.0000000 0 -0.0192085
-999.0000000  165.0000000 -0.0000087  0.0000000 0.0000000 0 -0.0135454
-999.0000000  140.0000000 -0.0000032  0.0000000 0.0000000 0 -0.0061229
-999.0000000  115.0000000  0.0000046  0.0000000 0.0000000 0 -0.0011183
-999.0000000   90.0000000  0.0000095 -0.0000000 0.0000000 0 -0.0000017
-999.0000000   65.0000000  0.0000025 -0.0000000 0.0000000 0 -0.0000000
-999.0000000   40.0000000  0.0000063 -0.0000000 0.0000000 0 -0.0000000
-999.0000000   15.0000000  0.0000166 -0.0000000 0.0000000 0 -0.0000000
 263.750  45   1003.08  day,levels,pres0
-999.0000000 1115.0000000 -0.0000242 -0.0000000 0.0000000 0  0.0004107
-999.0000000 1090.0000000 -0.0000242 -0.0000000 0.0000000 0  0.0004202
-999.0000000 1065.0000000 -0.0000242 -0.0000000 0.0000000 0  0.0004300
-999.0000000 1040.0000000 -0.0000242 -0.0000000 0.0000000 0  0.0004404
-999.0000000 1015.0000000 -0.0000242 -0.0000000 0.0000000 0  0.0004512
-999.0000000  990.0000000 -0.0000242 -0.0000000 0.0000000 0  0.0004626
-999.0000000  965.0000000 -0.0000341 -0.0000000 0.0000000 0  0.0008471
-999.0000000  940.0000000 -0.0000445 -0.0000000 0.0000000 0 -0.0002018
-999.0000000  915.0000000 -0.0000407 -0.0000000 0.0000000 0 -0.0024529
-999.0000000  890.0000000 -0.0000329 -0.0000001 0.0000000 0 -0.0046225
-999.0000000  865.0000000 -0.0000228 -0.0000001 0.0000000 0 -0.0058579
-999.0000000  840.0000000 -0.0000127 -0.0000001 0.0000000 0 -0.0060355
-999.0000000  815.0000000 -0.0000024 -0.0000001 0.0000000 0 -0.0054329
-999.0000000  790.0000000  0.0000027 -0.0000000 0.0000000 0 -0.0043808
-999.0000000  765.0000000  0.0000018 -0.0000000 0.0000000 0 -0.0031529
-999.0000000  740.0000000 -0.0000022 -0.0000000 0.0000000 0 -0.0018840
-999.0000000  715.0000000 -0.0000063 -0.0000000 0.0000000 0 -0.0005405
-999.0000000  690.0000000 -0.0000094  0.0000000 0.0000000 0  0.0010411
-999.0000000  665.0000000 -0.0000116  0.0000000 0.0000000 0  0.0031127
-999.0000000  640.0000000 -0.0000119  0.0000000 0.0000000 0  0.0058411
-999.0000000  615.0000000 -0.0000110 -0.0000000 0.0000000 0  0.0092024
-999.0000000  590.0000000 -0.0000101 -0.0000000 0.0000000 0  0.0129087
-999.0000000  565.0000000 -0.0000093 -0.0000000 0.0000000 0  0.0163517
-999.0000000  540.0000000 -0.0000097  0.0000000 0.0000000 0  0.0189463
-999.0000000  515.0000000 -0.0000129  0.0000000 0.0000000 0  0.0203310
-999.0000000  490.0000000 -0.0000179  0.0000000 0.0000000 0  0.0203714
-999.0000000  465.0000000 -0.0000244  0.0000000 0.0000000 0  0.0192393
-999.0000000  440.0000000 -0.0000306  0.0000000 0.0000000 0  0.0173592
-999.0000000  415.0000000 -0.0000348  0.0000000 0.0000000 0  0.0153981
-999.0000000  390.0000000 -0.0000348  0.0000000 0.0000000 0  0.0141225
-999.0000000  365.0000000 -0.0000306 -0.0000000 0.0000000 0  0.0141647
-999.0000000  340.0000000 -0.0000245 -0.0000000 0.0000000 0  0.0156836
-999.0000000  315.0000000 -0.0000187 -0.0000000 0.0000000 0  0.0181254
-999.0000000  290.0000000 -0.0000153 -0.0000000 0.0000000 0  0.0203807
-999.0000000  265.0000000 -0.0000141  0.0000000 0.0000000 0  0.0210059
-999.0000000  240.0000000 -0.0000137  0.0000000 0.0000000 0  0.0189746
-999.0000000  215.0000000 -0.0000139  0.0000000 0.0000000 0  0.0148723
-999.0000000  190.0000000 -0.0000149  0.0000000 0.0000000 0  0.0111815
-999.0000000  165.0000000 -0.0000136  0.0000000 0.0000000 0  0.0100696
-999.0000000  140.0000000 -0.0000072 -0.0000000 0.0000000 0  0.0076604
-999.0000000  115.0000000 -0.0000012  0.0000000 0.0000000 0  0.0029558
-999.0000000   90.0000000  0.0000047 -0.0000000 0.0000000 0 -0.0000000
-999.0000000   65.0000000 -0.0000034 -0.0000000 0.0000000 0 -0.0000000
-999.0000000   40.0000000  0.0000000 -0.0000000 0.0000000 0 -0.0000000
-999.0000000   15.0000000  0.0000040 -0.0000000 0.0000000 0 -0.0000000
 263.875  45   1002.66  day,levels,pres0
-999.0000000 1115.0000000 -0.0000232 -0.0000000 0.0000000 0 -0.0001979
-999.0000000 1090.0000000 -0.0000232 -0.0000000 0.0000000 0 -0.0002025
-999.0000000 1065.0000000 -0.0000232 -0.0000000 0.0000000 0 -0.0002072
-999.0000000 1040.0000000 -0.0000232 -0.0000000 0.0000000 0 -0.0002122
-999.0000000 1015.0000000 -0.0000232 -0.0000000 0.0000000 0 -0.0002174
-999.0000000  990.0000000 -0.0000232 -0.0000000 0.0000000 0 -0.0002229
-999.0000000  965.0000000 -0.0000307 -0.0000000 0.0000000 0 -0.0010751
-999.0000000  940.0000000 -0.0000386 -0.0000000 0.0000000 0 -0.0027320
-999.0000000  915.0000000 -0.0000430 -0.0000000 0.0000000 0 -0.0047212
-999.0000000  890.0000000 -0.0000425 -0.0000000 0.0000000 0 -0.0062075
-999.0000000  865.0000000 -0.0000326 -0.0000000 0.0000000 0 -0.0066626
-999.0000000  840.0000000 -0.0000230 -0.0000000 0.0000000 0 -0.0060188
-999.0000000  815.0000000 -0.0000105 -0.0000001 0.0000000 0 -0.0045754
-999.0000000  790.0000000 -0.0000026 -0.0000001 0.0000000 0 -0.0027653
-999.0000000  765.0000000 -0.0000027 -0.0000000 0.0000000 0 -0.0009992
-999.0000000  740.0000000 -0.0000076 -0.0000000 0.0000000 0  0.0005205
-999.0000000  715.0000000 -0.0000132 -0.0000000 0.0000000 0  0.0018371
-999.0000000  690.0000000 -0.0000172 -0.0000000 0.0000000 0  0.0031546
-999.0000000  665.0000000 -0.0000192 -0.0000000 0.0000000 0  0.0047794
-999.0000000  640.0000000 -0.0000193 -0.0000000 0.0000000 0  0.0068983
-999.0000000  615.0000000 -0.0000181 -0.0000000 0.0000000 0  0.0094577
-999.0000000  590.0000000 -0.0000177 -0.0000000 0.0000000 0  0.0121649
-999.0000000  565.0000000 -0.0000184 -0.0000000 0.0000000 0  0.0144610
-999.0000000  540.0000000 -0.0000197 -0.0000000 0.0000000 0  0.0158751
-999.0000000  515.0000000 -0.0000220 -0.0000000 0.0000000 0  0.0162308
-999.0000000  490.0000000 -0.0000249 -0.0000000 0.0000000 0  0.0156376
-999.0000000  465.0000000 -0.0000282 -0.0000000 0.0000000 0  0.0145305
-999.0000000  440.0000000 -0.0000313 -0.0000000 0.0000000 0  0.0133905
-999.0000000  415.0000000 -0.0000336 -0.0000000 0.0000000 0  0.0126142
-999.0000000  390.0000000 -0.0000337 -0.0000000 0.0000000 0  0.0125431
-999.0000000  365.0000000 -0.0000309 -0.0000000 0.0000000 0  0.0133793
-999.0000000  340.0000000 -0.0000258 -0.0000000 0.0000000 0  0.0151195
-999.0000000  315.0000000 -0.0000202 -0.0000000 0.0000000 0  0.0174580
-999.0000000  290.0000000 -0.0000162 -0.0000000 0.0000000 0  0.0197247
-999.0000000  265.0000000 -0.0000143 -0.0000000 0.0000000 0  0.0208566
-999.0000000  240.0000000 -0.0000136  0.0000000 0.0000000 0  0.0198039
-999.0000000  215.0000000 -0.0000141  0.0000000 0.0000000 0  0.0165531
-999.0000000  190.0000000 -0.0000154  0.0000000 0.0000000 0  0.0126525
-999.0000000  165.0000000 -0.0000146  0.0000000 0.0000000 0  0.0096971
-999.0000000  140.0000000 -0.0000102  0.0000000 0.0000000 0  0.0058035
-999.0000000  115.0000000 -0.0000065  0.0000000 0.0000000 0  0.0016014
-999.0000000   90.0000000 -0.0000031 -0.0000000 0.0000000 0  0.0000000
-999.0000000   65.0000000 -0.0000094 -0.0000000 0.0000000 0 -0.0000000
-999.0000000   40.0000000 -0.0000063 -0.0000000 0.0000000 0 -0.0000000
-999.0000000   15.0000000 -0.0000088 -0.0000000 0.0000000 0 -0.0000000
 264.000  45   1005.89  day,levels,pres0
-999.0000000 1115.0000000 -0.0000022  0.0000000 0.0000000 0 -0.0002688
-999.0000000 1090.0000000 -0.0000022  0.0000000 0.0000000 0 -0.0002750
-999.0000000 1065.0000000 -0.0000022  0.0000000 0.0000000 0 -0.0002814
-999.0000000 1040.0000000 -0.0000022  0.0000000 0.0000000 0 -0.0002882
-999.0000000 1015.0000000 -0.0000022  0.0000000 0.0000000 0 -0.0002953
-999.0000000  990.0000000 -0.0000022  0.0000000 0.0000000 0 -0.0003028
-999.0000000  965.0000000 -0.0000020  0.0000000 0.0000000 0 -0.0009529
-999.0000000  940.0000000 -0.0000026 -0.0000000 0.0000000 0 -0.0015357
-999.0000000  915.0000000 -0.0000151  0.0000000 0.0000000 0 -0.0017115
-999.0000000  890.0000000 -0.0000236  0.0000000 0.0000000 0 -0.0014411
-999.0000000  865.0000000 -0.0000138  0.0000000 0.0000000 0 -0.0006329
-999.0000000  840.0000000 -0.0000047 -0.0000000 0.0000000 0  0.0006893
-999.0000000  815.0000000  0.0000106 -0.0000000 0.0000000 0  0.0022623
-999.0000000  790.0000000  0.0000217 -0.0000001 0.0000000 0  0.0036824
-999.0000000  765.0000000  0.0000220 -0.0000001 0.0000000 0  0.0045620
-999.0000000  740.0000000  0.0000151 -0.0000000 0.0000000 0  0.0047533
-999.0000000  715.0000000  0.0000068 -0.0000000 0.0000000 0  0.0043626
-999.0000000  690.0000000  0.0000009 -0.0000000 0.0000000 0  0.0036117
-999.0000000  665.0000000 -0.0000019 -0.0000000 0.0000000 0  0.0027955
-999.0000000  640.0000000 -0.0000024 -0.0000000 0.0000000 0  0.0020846
-999.0000000  615.0000000 -0.0000011 -0.0000000 0.0000000 0  0.0014122
-999.0000000  590.0000000 -0.0000017 -0.0000000 0.0000000 0  0.0005465
-999.0000000  565.0000000 -0.0000050 -0.0000000 0.0000000 0 -0.0008951
-999.0000000  540.0000000 -0.0000077 -0.0000000 0.0000000 0 -0.0032106
-999.0000000  515.0000000 -0.0000091 -0.0000000 0.0000000 0 -0.0064575
-999.0000000  490.0000000 -0.0000094 -0.0000000 0.0000000 0 -0.0103435
-999.0000000  465.0000000 -0.0000084 -0.0000000 0.0000000 0 -0.0142166
-999.0000000  440.0000000 -0.0000072 -0.0000000 0.0000000 0 -0.0174757
-999.0000000  415.0000000 -0.0000066 -0.0000000 0.0000000 0 -0.0197878
-999.0000000  390.0000000 -0.0000074 -0.0000000 0.0000000 0 -0.0210763
-999.0000000  365.0000000 -0.0000088 -0.0000000 0.0000000 0 -0.0214686
-999.0000000  340.0000000 -0.0000080 -0.0000000 0.0000000 0 -0.0210696
-999.0000000  315.0000000 -0.0000053 -0.0000000 0.0000000 0 -0.0198989
-999.0000000  290.0000000 -0.0000029 -0.0000000 0.0000000 0 -0.0181364
-999.0000000  265.0000000 -0.0000012 -0.0000000 0.0000000 0 -0.0163583
-999.0000000  240.0000000 -0.0000007  0.0000000 0.0000000 0 -0.0154256
-999.0000000  215.0000000 -0.0000018  0.0000000 0.0000000 0 -0.0156466
-999.0000000  190.0000000 -0.0000033  0.0000000 0.0000000 0 -0.0159244
-999.0000000  165.0000000 -0.0000011  0.0000000 0.0000000 0 -0.0142970
-999.0000000  140.0000000  0.0000040  0.0000000 0.0000000 0 -0.0087299
-999.0000000  115.0000000  0.0000069  0.0000000 0.0000000 0 -0.0026351
-999.0000000   90.0000000  0.0000083  0.0000000 0.0000000 0 -0.0000005
-999.0000000   65.0000000  0.0000016 -0.0000000 0.0000000 0 -0.0000000
-999.0000000   40.0000000  0.0000001 -0.0000000 0.0000000 0 -0.0000000
-999.0000000   15.0000000 -0.0000062 -0.0000000 0.0000000 0 -0.0000000
 264.125  45   1006.38  day,levels,pres0
-999.0000000 1115.0000000  0.0000019 -0.0000000 0.0000000 0 -0.0003561
-999.0000000 1090.0000000  0.0000019 -0.0000000 0.0000000 0 -0.0003643
-999.0000000 1065.0000000  0.0000019 -0.0000000 0.0000000 0 -0.0003729
-999.0000000 1040.0000000  0.0000019 -0.0000000 0.0000000 0 -0.0003818
-999.0000000 1015.0000000  0.0000019 -0.0000000 0.0000000 0 -0.0003912
-999.0000000  990.0000000  0.0000019 -0.0000000 0.0000000 0 -0.0004011
-999.0000000  965.0000000 -0.0000025 -0.0000000 0.0000000 0 -0.0011121
-999.0000000  940.0000000 -0.0000108 -0.0000000 0.0000000 0 -0.0016984
-999.0000000  915.0000000 -0.0000291  0.0000000 0.0000000 0 -0.0017871
-999.0000000  890.0000000 -0.0000384  0.0000000 0.0000000 0 -0.0011657
-999.0000000  865.0000000 -0.0000294  0.0000000 0.0000000 0  0.0002347
-999.0000000  840.0000000 -0.0000155  0.0000000 0.0000000 0  0.0021799
-999.0000000  815.0000000  0.0000027 -0.0000000 0.0000000 0  0.0041590
-999.0000000  790.0000000  0.0000175 -0.0000000 0.0000000 0  0.0055837
-999.0000000  765.0000000  0.0000239 -0.0000000 0.0000000 0  0.0060410
-999.0000000  740.0000000  0.0000226 -0.0000000 0.0000000 0  0.0054494
-999.0000000  715.0000000  0.0000177 -0.0000000 0.0000000 0  0.0039886
-999.0000000  690.0000000  0.0000135 -0.0000000 0.0000000 0  0.0020019
-999.0000000  665.0000000  0.0000105 -0.0000000 0.0000000 0 -0.0000016
-999.0000000  640.0000000  0.0000088 -0.0000000 0.0000000 0 -0.0015996
-999.0000000  615.0000000  0.0000079 -0.0000000 0.0000000 0 -0.0026006
-999.0000000  590.0000000  0.0000058 -0.0000000 0.0000000 0 -0.0030719
-999.0000000  565.0000000  0.0000023 -0.0000000 0.0000000 0 -0.0033768
-999.0000000  540.0000000 -0.0000006 -0.0000000 0.0000000 0 -0.0038458
-999.0000000  515.0000000 -0.0000024 -0.0000000 0.0000000 0 -0.0046309
-999.0000000  490.0000000 -0.0000041 -0.0000000 0.0000000 0 -0.0056992
-999.0000000  465.0000000 -0.0000055 -0.0000000 0.0000000 0 -0.0068305
-999.0000000  440.0000000 -0.0000041 -0.0000000 0.0000000 0 -0.0077699
-999.0000000  415.0000000  0.0000014 -0.0000000 0.0000000 0 -0.0083106
-999.0000000  390.0000000  0.0000064 -0.0000000 0.0000000 0 -0.0083516
-999.0000000  365.0000000  0.0000080 -0.0000000 0.0000000 0 -0.0079040
-999.0000000  340.0000000  0.0000079 -0.0000000 0.0000000 0 -0.0070260
-999.0000000  315.0000000  0.0000075 -0.0000000 0.0000000 0 -0.0058015
-999.0000000  290.0000000  0.0000078 -0.0000000 0.0000000 0 -0.0043933
-999.0000000  265.0000000  0.0000090 -0.0000000 0.0000000 0 -0.0032309
-999.0000000  240.0000000  0.0000104  0.0000000 0.0000000 0 -0.0031232
-999.0000000  215.0000000  0.0000104  0.0000000 0.0000000 0 -0.0044236
-999.0000000  190.0000000  0.0000093  0.0000000 0.0000000 0 -0.0060812
-999.0000000  165.0000000  0.0000112  0.0000000 0.0000000 0 -0.0064046
-999.0000000  140.0000000  0.0000176  0.0000000 0.0000000 0 -0.0041170
-999.0000000  115.0000000  0.0000212  0.0000000 0.0000000 0 -0.0011929
-999.0000000   90.0000000  0.0000233  0.0000000 0.0000000 0 -0.0000017
-999.0000000   65.0000000  0.0000126 -0.0000000 0.0000000 0 -0.0000000
-999.0000000   40.0000000  0.0000065 -0.0000000 0.0000000 0 -0.0000000
-999.0000000   15.0000000 -0.0000036 -0.0000000 0.0000000 0 -0.0000000
 264.250  45   1004.83  day,levels,pres0
-999.0000000 1115.0000000 -0.0000090 -0.0000000 0.0000000 0 -0.0002515
-999.0000000 1090.0000000 -0.0000090 -0.0000000 0.0000000 0 -0.0002572
-999.0000000 1065.0000000 -0.0000090 -0.0000000 0.0000000 0 -0.0002633
-999.0000000 1040.0000000 -0.0000090 -0.0000000 0.0000000 0 -0.0002696
-999.0000000 1015.0000000 -0.0000090 -0.0000000 0.0000000 0 -0.0002763
-999.0000000  990.0000000 -0.0000090 -0.0000000 0.0000000 0 -0.0002832
-999.0000000  965.0000000 -0.0000169 -0.0000000 0.0000000 0 -0.0006970
-999.0000000  940.0000000 -0.0000311 -0.0000000 0.0000000 0 -0.0008262
-999.0000000  915.0000000 -0.0000546  0.0000000 0.0000000 0 -0.0003552
-999.0000000  890.0000000 -0.0000667  0.0000001 0.0000000 0  0.0009902
-999.0000000  865.0000000 -0.0000598  0.0000001 0.0000000 0  0.0031777
-999.0000000  840.0000000 -0.0000399  0.0000000 0.0000000 0  0.0057104
-999.0000000  815.0000000 -0.0000175  0.0000000 0.0000000 0  0.0078147
-999.0000000  790.0000000  0.0000019 -0.0000000 0.0000000 0  0.0087499
-999.0000000  765.0000000  0.0000147 -0.0000000 0.0000000 0  0.0081577
-999.0000000  740.0000000  0.0000187 -0.0000000 0.0000000 0  0.0060935
-999.0000000  715.0000000  0.0000170 -0.0000000 0.0000000 0  0.0028373
-999.0000000  690.0000000  0.0000139 -0.0000000 0.0000000 0 -0.0011659
-999.0000000  665.0000000  0.0000106 -0.0000000 0.0000000 0 -0.0052378
-999.0000000  640.0000000  0.0000073 -0.0000000 0.0000000 0 -0.0087253
-999.0000000  615.0000000  0.0000039 -0.0000000 0.0000000 0 -0.0111627
-999.0000000  590.0000000  0.0000001 -0.0000000 0.0000000 0 -0.0124154
-999.0000000  565.0000000 -0.0000040 -0.0000000 0.0000000 0 -0.0127670
-999.0000000  540.0000000 -0.0000071 -0.0000000 0.0000000 0 -0.0125469
-999.0000000  515.0000000 -0.0000090 -0.0000000 0.0000000 0 -0.0120185
-999.0000000  490.0000000 -0.0000115 -0.0000000 0.0000000 0 -0.0114268
-999.0000000  465.0000000 -0.0000145 -0.0000000 0.0000000 0 -0.0109985
-999.0000000  440.0000000 -0.0000129 -0.0000000 0.0000000 0 -0.0107992
-999.0000000  415.0000000 -0.0000032 -0.0000000 0.0000000 0 -0.0106718
-999.0000000  390.0000000  0.0000068 -0.0000000 0.0000000 0 -0.0104256
-999.0000000  365.0000000  0.0000101 -0.0000000 0.0000000 0 -0.0099104
-999.0000000  340.0000000  0.0000079 -0.0000000 0.0000000 0 -0.0091184
-999.0000000  315.0000000  0.0000038 -0.0000000 0.0000000 0 -0.0081949
-999.0000000  290.0000000  0.0000012 -0.0000000 0.0000000 0 -0.0072659
-999.0000000  265.0000000  0.0000011 -0.0000000 0.0000000 0 -0.0065569
-999.0000000  240.0000000  0.0000029  0.0000000 0.0000000 0 -0.0067169
-999.0000000  215.0000000  0.0000046  0.0000000 0.0000000 0 -0.0080052
-999.0000000  190.0000000  0.0000043  0.0000000 0.0000000 0 -0.0092284
-999.0000000  165.0000000  0.0000057  0.0000000 0.0000000 0 -0.0086037
-999.0000000  140.0000000  0.0000123  0.0000000 0.0000000 0 -0.0048563
-999.0000000  115.0000000  0.0000134  0.0000000 0.0000000 0 -0.0009495
-999.0000000   90.0000000  0.0000137  0.0000000 0.0000000 0 -0.0000016
-999.0000000   65.0000000  0.0000018 -0.0000000 0.0000000 0 -0.0000000
-999.0000000   40.0000000 -0.0000008 -0.0000000 0.0000000 0 -0.0000000
-999.0000000   15.0000000 -0.0000023 -0.0000000 0.0000000 0 -0.0000000
 264.375  45   1005.44  day,levels,pres0
-999.0000000 1115.0000000 -0.0000134 -0.0000000 0.0000000 0  0.0000461
-999.0000000 1090.0000000 -0.0000134 -0.0000000 0.0000000 0  0.0000472
-999.0000000 1065.0000000 -0.0000134 -0.0000000 0.0000000 0  0.0000483
-999.0000000 1040.0000000 -0.0000134 -0.0000000 0.0000000 0  0.0000495
-999.0000000 1015.0000000 -0.0000134 -0.0000000 0.0000000 0  0.0000507
-999.0000000  990.0000000 -0.0000134 -0.0000000 0.0000000 0  0.0000520
-999.0000000  965.0000000 -0.0000288  0.0000000 0.0000000 0 -0.0000059
-999.0000000  940.0000000 -0.0000370  0.0000000 0.0000000 0  0.0000357
-999.0000000  915.0000000 -0.0000450  0.0000000 0.0000000 0  0.0006445
-999.0000000  890.0000000 -0.0000493  0.0000000 0.0000000 0  0.0020267
-999.0000000  865.0000000 -0.0000482  0.0000000 0.0000000 0  0.0041464
-999.0000000  840.0000000 -0.0000382  0.0000000 0.0000000 0  0.0066367
-999.0000000  815.0000000 -0.0000244  0.0000000 0.0000000 0  0.0088536
-999.0000000  790.0000000 -0.0000127 -0.0000000 0.0000000 0  0.0100909
-999.0000000  765.0000000 -0.0000034 -0.0000000 0.0000000 0  0.0099065
-999.0000000  740.0000000  0.0000016 -0.0000000 0.0000000 0  0.0082466
-999.0000000  715.0000000  0.0000027 -0.0000000 0.0000000 0  0.0053291
-999.0000000  690.0000000  0.0000017 -0.0000000 0.0000000 0  0.0015942
-999.0000000  665.0000000 -0.0000004 -0.0000000 0.0000000 0 -0.0022428
-999.0000000  640.0000000 -0.0000023 -0.0000000 0.0000000 0 -0.0055194
-999.0000000  615.0000000 -0.0000039 -0.0000000 0.0000000 0 -0.0078109
-999.0000000  590.0000000 -0.0000059 -0.0000000 0.0000000 0 -0.0090400
-999.0000000  565.0000000 -0.0000083 -0.0000000 0.0000000 0 -0.0095689
-999.0000000  540.0000000 -0.0000105 -0.0000000 0.0000000 0 -0.0098441
-999.0000000  515.0000000 -0.0000126 -0.0000000 0.0000000 0 -0.0102780
-999.0000000  490.0000000 -0.0000153 -0.0000000 0.0000000 0 -0.0112256
-999.0000000  465.0000000 -0.0000190 -0.0000000 0.0000000 0 -0.0129110
-999.0000000  440.0000000 -0.0000193 -0.0000000 0.0000000 0 -0.0152151
-999.0000000  415.0000000 -0.0000125 -0.0000000 0.0000000 0 -0.0176321
-999.0000000  390.0000000 -0.0000034 -0.0000000 0.0000000 0 -0.0198207
-999.0000000  365.0000000  0.0000017 -0.0000000 0.0000000 0 -0.0218165
-999.0000000  340.0000000  0.0000010 -0.0000000 0.0000000 0 -0.0236659
-999.0000000  315.0000000 -0.0000024 -0.0000000 0.0000000 0 -0.0252032
-999.0000000  290.0000000 -0.0000047 -0.0000000 0.0000000 0 -0.0260836
-999.0000000  265.0000000 -0.0000050 -0.0000000 0.0000000 0 -0.0259669
-999.0000000  240.0000000 -0.0000041 -0.0000000 0.0000000 0 -0.0248578
-999.0000000  215.0000000 -0.0000035  0.0000000 0.0000000 0 -0.0226901
-999.0000000  190.0000000 -0.0000038  0.0000000 0.0000000 0 -0.0187876
-999.0000000  165.0000000 -0.0000018  0.0000000 0.0000000 0 -0.0128824
-999.0000000  140.0000000  0.0000032  0.0000000 0.0000000 0 -0.0059815
-999.0000000  115.0000000  0.0000041  0.0000000 0.0000000 0 -0.0013479
-999.0000000   90.0000000  0.0000021 -0.0000000 0.0000000 0 -0.0000001
-999.0000000   65.0000000 -0.0000089 -0.0000000 0.0000000 0 -0.0000000
-999.0000000   40.0000000 -0.0000082 -0.0000000 0.0000000 0 -0.0000000
-999.0000000   15.0000000 -0.0000010 -0.0000000 0.0000000 0 -0.0000000
 264.500  45   1007.83  day,levels,pres0
-999.0000000 1115.0000000  0.0000040 -0.0000000 0.0000000 0  0.0002971
-999.0000000 1090.0000000  0.0000040 -0.0000000 0.0000000 0  0.0003039
-999.0000000 1065.0000000  0.0000040 -0.0000000 0.0000000 0  0.0003111
-999.0000000 1040.0000000  0.0000040 -0.0000000 0.0000000 0  0.0003185
-999.0000000 1015.0000000  0.0000040 -0.0000000 0.0000000 0  0.0003264
-999.0000000  990.0000000  0.0000040 -0.0000000 0.0000000 0  0.0003346
-999.0000000  965.0000000 -0.0000196  0.0000000 0.0000000 0  0.0004104
-999.0000000  940.0000000 -0.0000229  0.0000000 0.0000000 0  0.0003922
-999.0000000  915.0000000 -0.0000155  0.0000000 0.0000000 0  0.0008757
-999.0000000  890.0000000 -0.0000134  0.0000000 0.0000000 0  0.0020073
-999.0000000  865.0000000 -0.0000194  0.0000000 0.0000000 0  0.0037607
-999.0000000  840.0000000 -0.0000197  0.0000000 0.0000000 0  0.0059156
-999.0000000  815.0000000 -0.0000138  0.0000000 0.0000000 0  0.0080067
-999.0000000  790.0000000 -0.0000098 -0.0000000 0.0000000 0  0.0094074
-999.0000000  765.0000000 -0.0000042 -0.0000000 0.0000000 0  0.0095987
-999.0000000  740.0000000  0.0000013 -0.0000000 0.0000000 0  0.0083933
-999.0000000  715.0000000  0.0000047 -0.0000000 0.0000000 0  0.0059086
-999.0000000  690.0000000  0.0000054 -0.0000000 0.0000000 0  0.0025653
-999.0000000  665.0000000  0.0000046 -0.0000000 0.0000000 0 -0.0008720
-999.0000000  640.0000000  0.0000045 -0.0000000 0.0000000 0 -0.0037294
-999.0000000  615.0000000  0.0000051 -0.0000000 0.0000000 0 -0.0056345
-999.0000000  590.0000000  0.0000051 -0.0000000 0.0000000 0 -0.0065768
-999.0000000  565.0000000  0.0000046 -0.0000000 0.0000000 0 -0.0070038
-999.0000000  540.0000000  0.0000028 -0.0000000 0.0000000 0 -0.0074819
-999.0000000  515.0000000 -0.0000003 -0.0000000 0.0000000 0 -0.0085747
-999.0000000  490.0000000 -0.0000047 -0.0000000 0.0000000 0 -0.0107523
-999.0000000  465.0000000 -0.0000109 -0.0000000 0.0000000 0 -0.0142420
-999.0000000  440.0000000 -0.0000142 -0.0000000 0.0000000 0 -0.0187523
-999.0000000  415.0000000 -0.0000104 -0.0000000 0.0000000 0 -0.0234435
-999.0000000  390.0000000 -0.0000018 -0.0000000 0.0000000 0 -0.0278340
-999.0000000  365.0000000  0.0000056 -0.0000000 0.0000000 0 -0.0321493
-999.0000000  340.0000000  0.0000066 -0.0000000 0.0000000 0 -0.0364858
-999.0000000  315.0000000  0.0000037 -0.0000000 0.0000000 0 -0.0403555
-999.0000000  290.0000000  0.0000017 -0.0000000 0.0000000 0 -0.0429422
-999.0000000  265.0000000  0.0000010 -0.0000000 0.0000000 0 -0.0433527
-999.0000000  240.0000000  0.0000005 -0.0000000 0.0000000 0 -0.0409651
-999.0000000  215.0000000 -0.0000006  0.0000000 0.0000000 0 -0.0354150
-999.0000000  190.0000000 -0.0000012  0.0000000 0.0000000 0 -0.0265714
-999.0000000  165.0000000  0.0000007  0.0000000 0.0000000 0 -0.0157317
-999.0000000  140.0000000  0.0000053  0.0000000 0.0000000 0 -0.0063138
-999.0000000  115.0000000  0.0000071  0.0000000 0.0000000 0 -0.0015542
-999.0000000   90.0000000  0.0000054 -0.0000000 0.0000000 0  0.0000012
-999.0000000   65.0000000 -0.0000032 -0.0000000 0.0000000 0 -0.0000000
-999.0000000   40.0000000 -0.0000002 -0.0000000 0.0000000 0 -0.0000000
-999.0000000   15.0000000  0.0000076 -0.0000000 0.0000000 0 -0.0000000
 264.625  45   1007.15  day,levels,pres0
-999.0000000 1115.0000000  0.0000247 -0.0000000 0.0000000 0  0.0001410
-999.0000000 1090.0000000  0.0000247 -0.0000000 0.0000000 0  0.0001442
-999.0000000 1065.0000000  0.0000247 -0.0000000 0.0000000 0  0.0001476
-999.0000000 1040.0000000  0.0000247 -0.0000000 0.0000000 0  0.0001512
-999.0000000 1015.0000000  0.0000247 -0.0000000 0.0000000 0  0.0001549
-999.0000000  990.0000000  0.0000247 -0.0000000 0.0000000 0  0.0001588
-999.0000000  965.0000000  0.0000218 -0.0000000 0.0000000 0  0.0001871
-999.0000000  940.0000000  0.0000191 -0.0000000 0.0000000 0 -0.0000460
-999.0000000  915.0000000  0.0000129 -0.0000000 0.0000000 0 -0.0002882
-999.0000000  890.0000000  0.0000024 -0.0000000 0.0000000 0 -0.0002416
-999.0000000  865.0000000 -0.0000030 -0.0000000 0.0000000 0  0.0000271
-999.0000000  840.0000000 -0.0000020 -0.0000000 0.0000000 0  0.0004254
-999.0000000  815.0000000  0.0000043 -0.0000000 0.0000000 0  0.0010808
-999.0000000  790.0000000  0.0000061 -0.0000000 0.0000000 0  0.0018733
-999.0000000  765.0000000  0.0000075 -0.0000000 0.0000000 0  0.0023890
-999.0000000  740.0000000  0.0000093 -0.0000000 0.0000000 0  0.0022798
-999.0000000  715.0000000  0.0000109 -0.0000000 0.0000000 0  0.0014682
-999.0000000  690.0000000  0.0000106 -0.0000000 0.0000000 0  0.0001686
-999.0000000  665.0000000  0.0000084 -0.0000000 0.0000000 0 -0.0011524
-999.0000000  640.0000000  0.0000062 -0.0000000 0.0000000 0 -0.0021064
-999.0000000  615.0000000  0.0000043 -0.0000000 0.0000000 0 -0.0025093
-999.0000000  590.0000000  0.0000027 -0.0000000 0.0000000 0 -0.0023510
-999.0000000  565.0000000  0.0000017 -0.0000000 0.0000000 0 -0.0018404
-999.0000000  540.0000000  0.0000004 -0.0000000 0.0000000 0 -0.0012375
-999.0000000  515.0000000 -0.0000019 -0.0000000 0.0000000 0 -0.0008131
-999.0000000  490.0000000 -0.0000053 -0.0000000 0.0000000 0 -0.0008772
-999.0000000  465.0000000 -0.0000093 -0.0000000 0.0000000 0 -0.0017233
-999.0000000  440.0000000 -0.0000106 -0.0000000 0.0000000 0 -0.0034083
-999.0000000  415.0000000 -0.0000072 -0.0000000 0.0000000 0 -0.0056891
-999.0000000  390.0000000 -0.0000015 -0.0000000 0.0000000 0 -0.0084249
-999.0000000  365.0000000  0.0000030 -0.0000000 0.0000000 0 -0.0116824
-999.0000000  340.0000000  0.0000043 -0.0000000 0.0000000 0 -0.0152693
-999.0000000  315.0000000  0.0000041 -0.0000000 0.0000000 0 -0.0185192
-999.0000000  290.0000000  0.0000043 -0.0000000 0.0000000 0 -0.0206035
-999.0000000  265.0000000  0.0000051 -0.0000000 0.0000000 0 -0.0207957
-999.0000000  240.0000000  0.0000058 -0.0000000 0.0000000 0 -0.0186653
-999.0000000  215.0000000  0.0000068  0.0000000 0.0000000 0 -0.0141101
-999.0000000  190.0000000  0.0000093  0.0000000 0.0000000 0 -0.0074493
-999.0000000  165.0000000  0.0000110  0.0000000 0.0000000 0 -0.0005395
-999.0000000  140.0000000  0.0000114  0.0000000 0.0000000 0  0.0018572
-999.0000000  115.0000000  0.0000104  0.0000000 0.0000000 0  0.0004438
-999.0000000   90.0000000  0.0000084 -0.0000000 0.0000000 0  0.0000002
-999.0000000   65.0000000  0.0000026 -0.0000000 0.0000000 0 -0.0000000
-999.0000000   40.0000000  0.0000078 -0.0000000 0.0000000 0 -0.0000000
-999.0000000   15.0000000  0.0000163 -0.0000000 0.0000000 0 -0.0000000
 264.750  45   1003.69  day,levels,pres0
-999.0000000 1115.0000000  0.0000177 -0.0000000 0.0000000 0 -0.0000078
-999.0000000 1090.0000000  0.0000177 -0.0000000 0.0000000 0 -0.0000080
-999.0000000 1065.0000000  0.0000177 -0.0000000 0.0000000 0 -0.0000082
-999.0000000 1040.0000000  0.0000177 -0.0000000 0.0000000 0 -0.0000084
-999.0000000 1015.0000000  0.0000177 -0.0000000 0.0000000 0 -0.0000086
-999.0000000  990.0000000  0.0000177 -0.0000000 0.0000000 0 -0.0000088
-999.0000000  965.0000000  0.0000250 -0.0000000 0.0000000 0 -0.0001050
-999.0000000  940.0000000  0.0000244 -0.0000000 0.0000000 0 -0.0006905
-999.0000000  915.0000000  0.0000126 -0.0000000 0.0000000 0 -0.0018782
-999.0000000  890.0000000 -0.0000038 -0.0000000 0.0000000 0 -0.0032863
-999.0000000  865.0000000 -0.0000079 -0.0000000 0.0000000 0 -0.0049553
-999.0000000  840.0000000 -0.0000059 -0.0000000 0.0000000 0 -0.0067627
-999.0000000  815.0000000  0.0000007 -0.0000000 0.0000000 0 -0.0079920
-999.0000000  790.0000000  0.0000011 -0.0000000 0.0000000 0 -0.0082550
-999.0000000  765.0000000 -0.0000008 -0.0000000 0.0000000 0 -0.0078082
-999.0000000  740.0000000 -0.0000025 -0.0000000 0.0000000 0 -0.0071045
-999.0000000  715.0000000 -0.0000034 -0.0000000 0.0000000 0 -0.0063726
-999.0000000  690.0000000 -0.0000056 -0.0000000 0.0000000 0 -0.0056116
-999.0000000  665.0000000 -0.0000097 -0.0000000 0.0000000 0 -0.0047006
-999.0000000  640.0000000 -0.0000139 -0.0000000 0.0000000 0 -0.0035484
-999.0000000  615.0000000 -0.0000179 -0.0000000 0.0000000 0 -0.0021268
-999.0000000  590.0000000 -0.0000208 -0.0000000 0.0000000 0 -0.0004189
-999.0000000  565.0000000 -0.0000221 -0.0000000 0.0000000 0  0.0015806
-999.0000000  540.0000000 -0.0000229 -0.0000000 0.0000000 0  0.0038910
-999.0000000  515.0000000 -0.0000237 -0.0000000 0.0000000 0  0.0065133
-999.0000000  490.0000000 -0.0000244 -0.0000000 0.0000000 0  0.0092187
-999.0000000  465.0000000 -0.0000243 -0.0000000 0.0000000 0  0.0114796
-999.0000000  440.0000000 -0.0000217  0.0000000 0.0000000 0  0.0127931
-999.0000000  415.0000000 -0.0000166  0.0000000 0.0000000 0  0.0128273
-999.0000000  390.0000000 -0.0000122 -0.0000000 0.0000000 0  0.0114963
-999.0000000  365.0000000 -0.0000100 -0.0000000 0.0000000 0  0.0091114
-999.0000000  340.0000000 -0.0000082  0.0000000 0.0000000 0  0.0062548
-999.0000000  315.0000000 -0.0000054  0.0000000 0.0000000 0  0.0037132
-999.0000000  290.0000000 -0.0000025  0.0000000 0.0000000 0  0.0022759
-999.0000000  265.0000000 -0.0000000 -0.0000000 0.0000000 0  0.0024686
-999.0000000  240.0000000  0.0000018 -0.0000000 0.0000000 0  0.0045063
-999.0000000  215.0000000  0.0000048  0.0000000 0.0000000 0  0.0082091
-999.0000000  190.0000000  0.0000104  0.0000000 0.0000000 0  0.0127856
-999.0000000  165.0000000  0.0000122  0.0000000 0.0000000 0  0.0158074
-999.0000000  140.0000000  0.0000075 -0.0000000 0.0000000 0  0.0108850
-999.0000000  115.0000000  0.0000036 -0.0000000 0.0000000 0  0.0027269
-999.0000000   90.0000000  0.0000014  0.0000000 0.0000000 0  0.0000022
-999.0000000   65.0000000 -0.0000023 -0.0000000 0.0000000 0 -0.0000000
-999.0000000   40.0000000  0.0000012 -0.0000000 0.0000000 0 -0.0000000
-999.0000000   15.0000000  0.0000047 -0.0000000 0.0000000 0 -0.0000000
 264.875  45   1003.13  day,levels,pres0
-999.0000000 1115.0000000 -0.0000043 -0.0000000 0.0000000 0  0.0005244
-999.0000000 1090.0000000 -0.0000043 -0.0000000 0.0000000 0  0.0005365
-999.0000000 1065.0000000 -0.0000043 -0.0000000 0.0000000 0  0.0005491
-999.0000000 1040.0000000 -0.0000043 -0.0000000 0.0000000 0  0.0005622
-999.0000000 1015.0000000 -0.0000043 -0.0000000 0.0000000 0  0.0005761
-999.0000000  990.0000000 -0.0000043 -0.0000000 0.0000000 0  0.0005906
-999.0000000  965.0000000  0.0000028 -0.0000000 0.0000000 0  0.0014505
-999.0000000  940.0000000  0.0000040  0.0000000 0.0000000 0  0.0013534
-999.0000000  915.0000000 -0.0000013 -0.0000000 0.0000000 0  0.0001174
-999.0000000  890.0000000 -0.0000090 -0.0000000 0.0000000 0 -0.0016639
-999.0000000  865.0000000 -0.0000140 -0.0000000 0.0000000 0 -0.0035548
-999.0000000  840.0000000 -0.0000163 -0.0000000 0.0000000 0 -0.0052243
-999.0000000  815.0000000 -0.0000150 -0.0000000 0.0000000 0 -0.0062044
-999.0000000  790.0000000 -0.0000157 -0.0000000 0.0000000 0 -0.0063170
-999.0000000  765.0000000 -0.0000145 -0.0000000 0.0000000 0 -0.0057872
-999.0000000  740.0000000 -0.0000127 -0.0000000 0.0000000 0 -0.0050294
-999.0000000  715.0000000 -0.0000116 -0.0000000 0.0000000 0 -0.0043902
-999.0000000  690.0000000 -0.0000125 -0.0000000 0.0000000 0 -0.0040534
-999.0000000  665.0000000 -0.0000156 -0.0000000 0.0000000 0 -0.0041088
-999.0000000  640.0000000 -0.0000191 -0.0000000 0.0000000 0 -0.0045241
-999.0000000  615.0000000 -0.0000228 -0.0000000 0.0000000 0 -0.0050925
-999.0000000  590.0000000 -0.0000253 -0.0000000 0.0000000 0 -0.0055470
-999.0000000  565.0000000 -0.0000252 -0.0000000 0.0000000 0 -0.0055952
-999.0000000  540.0000000 -0.0000240 -0.0000000 0.0000000 0 -0.0049882
-999.0000000  515.0000000 -0.0000218 -0.0000000 0.0000000 0 -0.0035989
-999.0000000  490.0000000 -0.0000189 -0.0000000 0.0000000 0 -0.0014900
-999.0000000  465.0000000 -0.0000159 -0.0000000 0.0000000 0  0.0010128
-999.0000000  440.0000000 -0.0000133 -0.0000000 0.0000000 0  0.0033692
-999.0000000  415.0000000 -0.0000118 -0.0000000 0.0000000 0  0.0048856
-999.0000000  390.0000000 -0.0000118 -0.0000000 0.0000000 0  0.0050867
-999.0000000  365.0000000 -0.0000131 -0.0000000 0.0000000 0  0.0039879
-999.0000000  340.0000000 -0.0000132  0.0000000 0.0000000 0  0.0020067
-999.0000000  315.0000000 -0.0000113  0.0000000 0.0000000 0 -0.0001153
-999.0000000  290.0000000 -0.0000082  0.0000000 0.0000000 0 -0.0016333
-999.0000000  265.0000000 -0.0000053 -0.0000000 0.0000000 0 -0.0019949
-999.0000000  240.0000000 -0.0000036 -0.0000000 0.0000000 0 -0.0006869
-999.0000000  215.0000000 -0.0000019  0.0000000 0.0000000 0  0.0024588
-999.0000000  190.0000000  0.0000020  0.0000000 0.0000000 0  0.0062799
-999.0000000  165.0000000  0.0000048  0.0000000 0.0000000 0  0.0078711
-999.0000000  140.0000000  0.0000019  0.0000000 0.0000000 0  0.0050413
-999.0000000  115.0000000 -0.0000022 -0.0000000 0.0000000 0  0.0014240
-999.0000000   90.0000000 -0.0000043  0.0000000 0.0000000 0 -0.0000001
-999.0000000   65.0000000 -0.0000072 -0.0000000 0.0000000 0 -0.0000000
-999.0000000   40.0000000 -0.0000055 -0.0000000 0.0000000 0 -0.0000000
-999.0000000   15.0000000 -0.0000070 -0.0000000 0.0000000 0 -0.0000000
 265.000  45   1005.50  day,levels,pres0
-999.0000000 1115.0000000 -0.0000076  0.0000000 0.0000000 0  0.0017391
-999.0000000 1090.0000000 -0.0000076  0.0000000 0.0000000 0  0.0017790
-999.0000000 1065.0000000 -0.0000076  0.0000000 0.0000000 0  0.0018207
-999.0000000 1040.0000000 -0.0000076  0.0000000 0.0000000 0  0.0018645
-999.0000000 1015.0000000 -0.0000076  0.0000000 0.0000000 0  0.0019104
-999.0000000  990.0000000 -0.0000076  0.0000000 0.0000000 0  0.0019587
-999.0000000  965.0000000 -0.0000028  0.0000000 0.0000000 0  0.0048025
-999.0000000  940.0000000 -0.0000018  0.0000000 0.0000000 0  0.0063962
-999.0000000  915.0000000 -0.0000015  0.0000000 0.0000000 0  0.0063651
-999.0000000  890.0000000  0.0000005  0.0000000 0.0000000 0  0.0053666
-999.0000000  865.0000000 -0.0000046  0.0000000 0.0000000 0  0.0042115
-999.0000000  840.0000000 -0.0000116  0.0000000 0.0000000 0  0.0033391
-999.0000000  815.0000000 -0.0000159  0.0000000 0.0000000 0  0.0028883
-999.0000000  790.0000000 -0.0000172 -0.0000000 0.0000000 0  0.0028042
-999.0000000  765.0000000 -0.0000114 -0.0000000 0.0000000 0  0.0029548
-999.0000000  740.0000000 -0.0000051 -0.0000000 0.0000000 0  0.0030828
-999.0000000  715.0000000 -0.0000021 -0.0000000 0.0000000 0  0.0028207
-999.0000000  690.0000000 -0.0000018 -0.0000000 0.0000000 0  0.0018407
-999.0000000  665.0000000 -0.0000043 -0.0000000 0.0000000 0 -0.0001414
-999.0000000  640.0000000 -0.0000076 -0.0000000 0.0000000 0 -0.0031465
-999.0000000  615.0000000 -0.0000115 -0.0000000 0.0000000 0 -0.0068016
-999.0000000  590.0000000 -0.0000138 -0.0000000 0.0000000 0 -0.0105887
-999.0000000  565.0000000 -0.0000131 -0.0000000 0.0000000 0 -0.0139134
-999.0000000  540.0000000 -0.0000103 -0.0000000 0.0000000 0 -0.0162614
-999.0000000  515.0000000 -0.0000051 -0.0000000 0.0000000 0 -0.0173147
-999.0000000  490.0000000  0.0000020 -0.0000000 0.0000000 0 -0.0169115
-999.0000000  465.0000000  0.0000092 -0.0000000 0.0000000 0 -0.0151303
-999.0000000  440.0000000  0.0000129 -0.0000000 0.0000000 0 -0.0125499
-999.0000000  415.0000000  0.0000115 -0.0000000 0.0000000 0 -0.0102846
-999.0000000  390.0000000  0.0000070 -0.0000000 0.0000000 0 -0.0092515
-999.0000000  365.0000000  0.0000014 -0.0000000 0.0000000 0 -0.0097562
-999.0000000  340.0000000 -0.0000023  0.0000000 0.0000000 0 -0.0115231
-999.0000000  315.0000000 -0.0000031  0.0000000 0.0000000 0 -0.0137834
-999.0000000  290.0000000 -0.0000010  0.0000000 0.0000000 0 -0.0157838
-999.0000000  265.0000000  0.0000020  0.0000000 0.0000000 0 -0.0168977
-999.0000000  240.0000000  0.0000040  0.0000000 0.0000000 0 -0.0162459
-999.0000000  215.0000000  0.0000052  0.0000000 0.0000000 0 -0.0132269
-999.0000000  190.0000000  0.0000078  0.0000000 0.0000000 0 -0.0092205
-999.0000000  165.0000000  0.0000113  0.0000000 0.0000000 0 -0.0072875
-999.0000000  140.0000000  0.0000120  0.0000000 0.0000000 0 -0.0047501
-999.0000000  115.0000000  0.0000090  0.0000000 0.0000000 0 -0.0007869
-999.0000000   90.0000000  0.0000056 -0.0000000 0.0000000 0  0.0000015
-999.0000000   65.0000000  0.0000003 -0.0000000 0.0000000 0 -0.0000000
-999.0000000   40.0000000 -0.0000032 -0.0000000 0.0000000 0 -0.0000000
-999.0000000   15.0000000 -0.0000098 -0.0000000 0.0000000 0 -0.0000000
 265.125  45   1006.18  day,levels,pres0
-999.0000000 1115.0000000 -0.0000032  0.0000000 0.0000000 0  0.0015434
-999.0000000 1090.0000000 -0.0000032  0.0000000 0.0000000 0  0.0015788
-999.0000000 1065.0000000 -0.0000032  0.0000000 0.0000000 0  0.0016159
-999.0000000 1040.0000000 -0.0000032  0.0000000 0.0000000 0  0.0016547
-999.0000000 1015.0000000 -0.0000032  0.0000000 0.0000000 0  0.0016955
-999.0000000  990.0000000 -0.0000032  0.0000000 0.0000000 0  0.0017383
-999.0000000  965.0000000 -0.0000026  0.0000000 0.0000000 0  0.0042949
-999.0000000  940.0000000 -0.0000023  0.0000000 0.0000000 0  0.0059086
-999.0000000  915.0000000 -0.0000036 -0.0000000 0.0000000 0  0.0061482
-999.0000000  890.0000000 -0.0000038 -0.0000000 0.0000000 0  0.0054608
-999.0000000  865.0000000 -0.0000075 -0.0000000 0.0000000 0  0.0044552
-999.0000000  840.0000000 -0.0000119 -0.0000000 0.0000000 0  0.0035742
-999.0000000  815.0000000 -0.0000159 -0.0000000 0.0000000 0  0.0030141
-999.0000000  790.0000000 -0.0000206  0.0000000 0.0000000 0  0.0027466
-999.0000000  765.0000000 -0.0000194 -0.0000000 0.0000000 0  0.0026990
-999.0000000  740.0000000 -0.0000132 -0.0000000 0.0000000 0  0.0027450
-999.0000000  715.0000000 -0.0000056 -0.0000000 0.0000000 0  0.0026374
-999.0000000  690.0000000  0.0000004 -0.0000000 0.0000000 0  0.0020939
-999.0000000  665.0000000  0.0000036 -0.0000000 0.0000000 0  0.0008098
-999.0000000  640.0000000  0.0000042 -0.0000000 0.0000000 0 -0.0012693
-999.0000000  615.0000000  0.0000017 -0.0000000 0.0000000 0 -0.0038211
-999.0000000  590.0000000 -0.0000013 -0.0000000 0.0000000 0 -0.0064837
-999.0000000  565.0000000 -0.0000035 -0.0000000 0.0000000 0 -0.0089395
-999.0000000  540.0000000 -0.0000053 -0.0000000 0.0000000 0 -0.0108501
-999.0000000  515.0000000 -0.0000054 -0.0000000 0.0000000 0 -0.0118742
-999.0000000  490.0000000 -0.0000023 -0.0000000 0.0000000 0 -0.0117939
-999.0000000  465.0000000  0.0000040 -0.0000000 0.0000000 0 -0.0106415
-999.0000000  440.0000000  0.0000101 -0.0000000 0.0000000 0 -0.0088585
-999.0000000  415.0000000  0.0000124 -0.0000000 0.0000000 0 -0.0073169
-999.0000000  390.0000000  0.0000105 -0.0000000 0.0000000 0 -0.0067245
-999.0000000  365.0000000  0.0000065  0.0000000 0.0000000 0 -0.0072529
-999.0000000  340.0000000  0.0000039  0.0000000 0.0000000 0 -0.0085252
-999.0000000  315.0000000  0.0000045  0.0000000 0.0000000 0 -0.0097395
-999.0000000  290.0000000  0.0000080  0.0000000 0.0000000 0 -0.0103876
-999.0000000  265.0000000  0.0000118  0.0000000 0.0000000 0 -0.0105645
-999.0000000  240.0000000  0.0000136  0.0000000 0.0000000 0 -0.0102920
-999.0000000  215.0000000  0.0000141  0.0000000 0.0000000 0 -0.0089866
-999.0000000  190.0000000  0.0000151  0.0000000 0.0000000 0 -0.0063728
-999.0000000  165.0000000  0.0000173  0.0000000 0.0000000 0 -0.0036861
-999.0000000  140.0000000  0.0000196  0.0000000 0.0000000 0 -0.0012073
-999.0000000  115.0000000  0.0000198 -0.0000000 0.0000000 0  0.0004372
-999.0000000   90.0000000  0.0000185 -0.0000000 0.0000000 0 -0.0000005
-999.0000000   65.0000000  0.0000079 -0.0000000 0.0000000 0 -0.0000000
-999.0000000   40.0000000 -0.0000009 -0.0000000 0.0000000 0 -0.0000000
-999.0000000   15.0000000 -0.0000126 -0.0000000 0.0000000 0 -0.0000000
 265.250  45   1005.09  day,levels,pres0
-999.0000000 1115.0000000 -0.0000097  0.0000000 0.0000000 0  0.0012575
-999.0000000 1090.0000000 -0.0000097  0.0000000 0.0000000 0  0.0012864
-999.0000000 1065.0000000 -0.0000097  0.0000000 0.0000000 0  0.0013166
-999.0000000 1040.0000000 -0.0000097  0.0000000 0.0000000 0  0.0013482
-999.0000000 1015.0000000 -0.0000097  0.0000000 0.0000000 0  0.0013814
-999.0000000  990.0000000 -0.0000097  0.0000000 0.0000000 0  0.0014163
-999.0000000  965.0000000 -0.0000127 -0.0000000 0.0000000 0  0.0038228
-999.0000000  940.0000000 -0.0000105 -0.0000000 0.0000000 0  0.0056189
-999.0000000  915.0000000 -0.0000102 -0.0000000 0.0000000 0  0.0063234
-999.0000000  890.0000000 -0.0000117 -0.0000000 0.0000000 0  0.0061705
-999.0000000  865.0000000 -0.0000141 -0.0000001 0.0000000 0  0.0055122
-999.0000000  840.0000000 -0.0000149 -0.0000000 0.0000000 0  0.0047189
-999.0000000  815.0000000 -0.0000168 -0.0000000 0.0000000 0  0.0039844
-999.0000000  790.0000000 -0.0000242 -0.0000000 0.0000000 0  0.0032881
-999.0000000  765.0000000 -0.0000285  0.0000000 0.0000000 0  0.0026670
-999.0000000  740.0000000 -0.0000241  0.0000000 0.0000000 0  0.0021936
-999.0000000  715.0000000 -0.0000134  0.0000000 0.0000000 0  0.0017737
-999.0000000  690.0000000 -0.0000034 -0.0000000 0.0000000 0  0.0011743
-999.0000000  665.0000000  0.0000040 -0.0000000 0.0000000 0  0.0000665
-999.0000000  640.0000000  0.0000073 -0.0000000 0.0000000 0 -0.0016425
-999.0000000  615.0000000  0.0000064 -0.0000000 0.0000000 0 -0.0036860
-999.0000000  590.0000000  0.0000042 -0.0000000 0.0000000 0 -0.0058559
-999.0000000  565.0000000  0.0000013 -0.0000000 0.0000000 0 -0.0081073
-999.0000000  540.0000000 -0.0000029  0.0000000 0.0000000 0 -0.0102621
-999.0000000  515.0000000 -0.0000076  0.0000000 0.0000000 0 -0.0119317
-999.0000000  490.0000000 -0.0000097  0.0000000 0.0000000 0 -0.0128040
-999.0000000  465.0000000 -0.0000068 -0.0000000 0.0000000 0 -0.0128026
-999.0000000  440.0000000 -0.0000010 -0.0000000 0.0000000 0 -0.0122024
-999.0000000  415.0000000  0.0000031 -0.0000000 0.0000000 0 -0.0116559
-999.0000000  390.0000000  0.0000028 -0.0000000 0.0000000 0 -0.0117015
-999.0000000  365.0000000 -0.0000002  0.0000000 0.0000000 0 -0.0124370
-999.0000000  340.0000000 -0.0000020  0.0000000 0.0000000 0 -0.0134004
-999.0000000  315.0000000 -0.0000005  0.0000000 0.0000000 0 -0.0137144
-999.0000000  290.0000000  0.0000038  0.0000000 0.0000000 0 -0.0130832
-999.0000000  265.0000000  0.0000081  0.0000000 0.0000000 0 -0.0122864
-999.0000000  240.0000000  0.0000100  0.0000000 0.0000000 0 -0.0121833
-999.0000000  215.0000000  0.0000099  0.0000000 0.0000000 0 -0.0121193
-999.0000000  190.0000000  0.0000091  0.0000000 0.0000000 0 -0.0100391
-999.0000000  165.0000000  0.0000100  0.0000000 0.0000000 0 -0.0051828
-999.0000000  140.0000000  0.0000128 -0.0000000 0.0000000 0 -0.0003969
-999.0000000  115.0000000  0.0000132 -0.0000000 0.0000000 0  0.0010454
-999.0000000   90.0000000  0.0000132 -0.0000000 0.0000000 0  0.0000001
-999.0000000   65.0000000  0.0000009 -0.0000000 0.0000000 0 -0.0000000
-999.0000000   40.0000000 -0.0000034 -0.0000000 0.0000000 0 -0.0000000
-999.0000000   15.0000000 -0.0000037 -0.0000000 0.0000000 0 -0.0000000
 265.375  45   1005.32  day,levels,pres0
-999.0000000 1115.0000000 -0.0000099  0.0000000 0.0000000 0  0.0017915
-999.0000000 1090.0000000 -0.0000099  0.0000000 0.0000000 0  0.0018325
-999.0000000 1065.0000000 -0.0000099  0.0000000 0.0000000 0  0.0018756
-999.0000000 1040.0000000 -0.0000099  0.0000000 0.0000000 0  0.0019206
-999.0000000 1015.0000000 -0.0000099  0.0000000 0.0000000 0  0.0019679
-999.0000000  990.0000000 -0.0000099  0.0000000 0.0000000 0  0.0020176
-999.0000000  965.0000000 -0.0000081 -0.0000000 0.0000000 0  0.0052164
-999.0000000  940.0000000 -0.0000039 -0.0000000 0.0000000 0  0.0075154
-999.0000000  915.0000000 -0.0000038 -0.0000000 0.0000000 0  0.0084798
-999.0000000  890.0000000 -0.0000065 -0.0000000 0.0000000 0  0.0084139
-999.0000000  865.0000000 -0.0000098 -0.0000000 0.0000000 0  0.0076411
-999.0000000  840.0000000 -0.0000106 -0.0000000 0.0000000 0  0.0063946
-999.0000000  815.0000000 -0.0000105 -0.0000000 0.0000000 0  0.0048307
-999.0000000  790.0000000 -0.0000147 -0.0000000 0.0000000 0  0.0030780
-999.0000000  765.0000000 -0.0000191 -0.0000000 0.0000000 0  0.0013316
-999.0000000  740.0000000 -0.0000180 -0.0000000 0.0000000 0 -0.0002145
-999.0000000  715.0000000 -0.0000120 -0.0000000 0.0000000 0 -0.0014879
-999.0000000  690.0000000 -0.0000056 -0.0000000 0.0000000 0 -0.0025432
-999.0000000  665.0000000 -0.0000005 -0.0000000 0.0000000 0 -0.0035405
-999.0000000  640.0000000  0.0000009 -0.0000000 0.0000000 0 -0.0046207
-999.0000000  615.0000000 -0.0000010 -0.0000000 0.0000000 0 -0.0058700
-999.0000000  590.0000000 -0.0000031 -0.0000000 0.0000000 0 -0.0073533
-999.0000000  565.0000000 -0.0000053  0.0000000 0.0000000 0 -0.0090758
-999.0000000  540.0000000 -0.0000086  0.0000000 0.0000000 0 -0.0107927
-999.0000000  515.0000000 -0.0000134  0.0000000 0.0000000 0 -0.0119422
-999.0000000  490.0000000 -0.0000169  0.0000000 0.0000000 0 -0.0120395
-999.0000000  465.0000000 -0.0000157 -0.0000000 0.0000000 0 -0.0109253
-999.0000000  440.0000000 -0.0000106 -0.0000000 0.0000000 0 -0.0090348
-999.0000000  415.0000000 -0.0000050 -0.0000000 0.0000000 0 -0.0074624
-999.0000000  390.0000000 -0.0000026 -0.0000000 0.0000000 0 -0.0070967
-999.0000000  365.0000000 -0.0000034  0.0000000 0.0000000 0 -0.0080937
-999.0000000  340.0000000 -0.0000044  0.0000000 0.0000000 0 -0.0098764
-999.0000000  315.0000000 -0.0000038  0.0000000 0.0000000 0 -0.0113423
-999.0000000  290.0000000 -0.0000010  0.0000000 0.0000000 0 -0.0119390
-999.0000000  265.0000000  0.0000022  0.0000000 0.0000000 0 -0.0122313
-999.0000000  240.0000000  0.0000040  0.0000000 0.0000000 0 -0.0129873
-999.0000000  215.0000000  0.0000049  0.0000000 0.0000000 0 -0.0137177
-999.0000000  190.0000000  0.0000062  0.0000000 0.0000000 0 -0.0124783
-999.0000000  165.0000000  0.0000080  0.0000000 0.0000000 0 -0.0080264
-999.0000000  140.0000000  0.0000070  0.0000000 0.0000000 0 -0.0026613
-999.0000000  115.0000000  0.0000054 -0.0000000 0.0000000 0 -0.0001087
-999.0000000   90.0000000  0.0000049  0.0000000 0.0000000 0  0.0000003
-999.0000000   65.0000000 -0.0000060 -0.0000000 0.0000000 0 -0.0000000
-999.0000000   40.0000000 -0.0000059 -0.0000000 0.0000000 0 -0.0000000
-999.0000000   15.0000000  0.0000051 -0.0000000 0.0000000 0 -0.0000000
 265.500  45   1007.16  day,levels,pres0
-999.0000000 1115.0000000 -0.0000009  0.0000000 0.0000000 0  0.0030243
-999.0000000 1090.0000000 -0.0000009  0.0000000 0.0000000 0  0.0030937
-999.0000000 1065.0000000 -0.0000009  0.0000000 0.0000000 0  0.0031663
-999.0000000 1040.0000000 -0.0000009  0.0000000 0.0000000 0  0.0032424
-999.0000000 1015.0000000 -0.0000009  0.0000000 0.0000000 0  0.0033223
-999.0000000  990.0000000 -0.0000009  0.0000000 0.0000000 0  0.0034062
-999.0000000  965.0000000  0.0000080 -0.0000000 0.0000000 0  0.0081443
-999.0000000  940.0000000  0.0000175 -0.0000000 0.0000000 0  0.0116976
-999.0000000  915.0000000  0.0000186 -0.0000000 0.0000000 0  0.0136670
-999.0000000  890.0000000  0.0000144 -0.0000000 0.0000000 0  0.0143886
-999.0000000  865.0000000  0.0000096 -0.0000000 0.0000000 0  0.0141235
-999.0000000  840.0000000  0.0000079 -0.0000000 0.0000000 0  0.0129232
-999.0000000  815.0000000  0.0000094 -0.0000000 0.0000000 0  0.0108397
-999.0000000  790.0000000  0.0000080 -0.0000000 0.0000000 0  0.0080835
-999.0000000  765.0000000  0.0000032 -0.0000000 0.0000000 0  0.0049796
-999.0000000  740.0000000  0.0000006 -0.0000000 0.0000000 0  0.0018854
-999.0000000  715.0000000  0.0000016 -0.0000000 0.0000000 0 -0.0008777
-999.0000000  690.0000000  0.0000038 -0.0000000 0.0000000 0 -0.0031522
-999.0000000  665.0000000  0.0000060 -0.0000000 0.0000000 0 -0.0049482
-999.0000000  640.0000000  0.0000050 -0.0000000 0.0000000 0 -0.0064624
-999.0000000  615.0000000  0.0000014 -0.0000000 0.0000000 0 -0.0081222
-999.0000000  590.0000000 -0.0000015 -0.0000000 0.0000000 0 -0.0102363
-999.0000000  565.0000000 -0.0000035  0.0000000 0.0000000 0 -0.0128012
-999.0000000  540.0000000 -0.0000064  0.0000000 0.0000000 0 -0.0154620
-999.0000000  515.0000000 -0.0000114  0.0000000 0.0000000 0 -0.0174672
-999.0000000  490.0000000 -0.0000157  0.0000000 0.0000000 0 -0.0181452
-999.0000000  465.0000000 -0.0000153  0.0000000 0.0000000 0 -0.0172376
-999.0000000  440.0000000 -0.0000095  0.0000000 0.0000000 0 -0.0153073
-999.0000000  415.0000000 -0.0000015 -0.0000000 0.0000000 0 -0.0138472
-999.0000000  390.0000000  0.0000034 -0.0000000 0.0000000 0 -0.0140574
-999.0000000  365.0000000  0.0000043 -0.0000000 0.0000000 0 -0.0161220
-999.0000000  340.0000000  0.0000031 -0.0000000 0.0000000 0 -0.0193471
-999.0000000  315.0000000  0.0000017 -0.0000000 0.0000000 0 -0.0224229
-999.0000000  290.0000000  0.0000021  0.0000000 0.0000000 0 -0.0245226
-999.0000000  265.0000000  0.0000037  0.0000000 0.0000000 0 -0.0259131
-999.0000000  240.0000000  0.0000055  0.0000000 0.0000000 0 -0.0271485
-999.0000000  215.0000000  0.0000085  0.0000000 0.0000000 0 -0.0277807
-999.0000000  190.0000000  0.0000125  0.0000000 0.0000000 0 -0.0258577
-999.0000000  165.0000000  0.0000143  0.0000000 0.0000000 0 -0.0194125
-999.0000000  140.0000000  0.0000088  0.0000000 0.0000000 0 -0.0095347
-999.0000000  115.0000000  0.0000059 -0.0000000 0.0000000 0 -0.0023478
-999.0000000   90.0000000  0.0000063  0.0000000 0.0000000 0 -0.0000006
-999.0000000   65.0000000 -0.0000000 -0.0000000 0.0000000 0 -0.0000000
-999.0000000   40.0000000  0.0000027 -0.0000000 0.0000000 0 -0.0000000
-999.0000000   15.0000000  0.0000099 -0.0000000 0.0000000 0 -0.0000000
 265.625  45   1006.71  day,levels,pres0
-999.0000000 1115.0000000  0.0000193  0.0000000 0.0000000 0  0.0008643
-999.0000000 1090.0000000  0.0000193  0.0000000 0.0000000 0  0.0008841
-999.0000000 1065.0000000  0.0000193  0.0000000 0.0000000 0  0.0009049
-999.0000000 1040.0000000  0.0000193  0.0000000 0.0000000 0  0.0009266
-999.0000000 1015.0000000  0.0000193  0.0000000 0.0000000 0  0.0009494
-999.0000000  990.0000000  0.0000193  0.0000000 0.0000000 0  0.0009734
-999.0000000  965.0000000  0.0000263 -0.0000000 0.0000000 0  0.0022003
-999.0000000  940.0000000  0.0000284 -0.0000000 0.0000000 0  0.0030434
-999.0000000  915.0000000  0.0000220 -0.0000000 0.0000000 0  0.0036599
-999.0000000  890.0000000  0.0000124 -0.0000000 0.0000000 0  0.0041465
-999.0000000  865.0000000  0.0000086 -0.0000000 0.0000000 0  0.0043186
-999.0000000  840.0000000  0.0000113 -0.0000000 0.0000000 0  0.0039600
-999.0000000  815.0000000  0.0000145 -0.0000000 0.0000000 0  0.0030879
-999.0000000  790.0000000  0.0000147 -0.0000000 0.0000000 0  0.0019233
-999.0000000  765.0000000  0.0000127 -0.0000000 0.0000000 0  0.0007211
-999.0000000  740.0000000  0.0000105 -0.0000000 0.0000000 0 -0.0003492
-999.0000000  715.0000000  0.0000085 -0.0000000 0.0000000 0 -0.0012095
-999.0000000  690.0000000  0.0000071 -0.0000000 0.0000000 0 -0.0018588
-999.0000000  665.0000000  0.0000062 -0.0000000 0.0000000 0 -0.0023686
-999.0000000  640.0000000  0.0000046 -0.0000000 0.0000000 0 -0.0029146
-999.0000000  615.0000000  0.0000022 -0.0000000 0.0000000 0 -0.0037833
-999.0000000  590.0000000  0.0000007 -0.0000000 0.0000000 0 -0.0051385
-999.0000000  565.0000000 -0.0000007 -0.0000000 0.0000000 0 -0.0068814
-999.0000000  540.0000000 -0.0000044 -0.0000000 0.0000000 0 -0.0086054
-999.0000000  515.0000000 -0.0000105 -0.0000000 0.0000000 0 -0.0095851
-999.0000000  490.0000000 -0.0000149  0.0000000 0.0000000 0 -0.0092383
-999.0000000  465.0000000 -0.0000144  0.0000000 0.0000000 0 -0.0074180
-999.0000000  440.0000000 -0.0000100  0.0000000 0.0000000 0 -0.0046225
-999.0000000  415.0000000 -0.0000045 -0.0000000 0.0000000 0 -0.0020356
-999.0000000  390.0000000 -0.0000008 -0.0000000 0.0000000 0 -0.0006248
-999.0000000  365.0000000  0.0000007 -0.0000000 0.0000000 0 -0.0006276
-999.0000000  340.0000000  0.0000017 -0.0000000 0.0000000 0 -0.0016834
-999.0000000  315.0000000  0.0000026  0.0000000 0.0000000 0 -0.0030432
-999.0000000  290.0000000  0.0000035  0.0000000 0.0000000 0 -0.0043672
-999.0000000  265.0000000  0.0000040  0.0000000 0.0000000 0 -0.0061171
-999.0000000  240.0000000  0.0000045  0.0000000 0.0000000 0 -0.0087573
-999.0000000  215.0000000  0.0000061  0.0000000 0.0000000 0 -0.0114987
-999.0000000  190.0000000  0.0000095  0.0000000 0.0000000 0 -0.0120221
-999.0000000  165.0000000  0.0000117  0.0000000 0.0000000 0 -0.0086414
-999.0000000  140.0000000  0.0000089  0.0000000 0.0000000 0 -0.0040200
-999.0000000  115.0000000  0.0000070  0.0000000 0.0000000 0 -0.0013538
-999.0000000   90.0000000  0.0000083  0.0000000 0.0000000 0 -0.0000003
-999.0000000   65.0000000  0.0000059 -0.0000000 0.0000000 0 -0.0000000
-999.0000000   40.0000000  0.0000113 -0.0000000 0.0000000 0 -0.0000000
-999.0000000   15.0000000  0.0000147 -0.0000000 0.0000000 0 -0.0000000
 265.750  45   1002.59  day,levels,pres0
-999.0000000 1115.0000000  0.0000118 -0.0000000 0.0000000 0 -0.0006819
-999.0000000 1090.0000000  0.0000118 -0.0000000 0.0000000 0 -0.0006976
-999.0000000 1065.0000000  0.0000118 -0.0000000 0.0000000 0 -0.0007139
-999.0000000 1040.0000000  0.0000118 -0.0000000 0.0000000 0 -0.0007311
-999.0000000 1015.0000000  0.0000118 -0.0000000 0.0000000 0 -0.0007491
-999.0000000  990.0000000  0.0000118 -0.0000000 0.0000000 0 -0.0007680
-999.0000000  965.0000000  0.0000072 -0.0000000 0.0000000 0 -0.0027751
-999.0000000  940.0000000  0.0000047 -0.0000000 0.0000000 0 -0.0050317
-999.0000000  915.0000000 -0.0000008 -0.0000000 0.0000000 0 -0.0065647
-999.0000000  890.0000000 -0.0000088 -0.0000000 0.0000000 0 -0.0072555
-999.0000000  865.0000000 -0.0000100 -0.0000000 0.0000000 0 -0.0074948
-999.0000000  840.0000000 -0.0000037 -0.0000000 0.0000000 0 -0.0076035
-999.0000000  815.0000000  0.0000009 -0.0000000 0.0000000 0 -0.0076111
-999.0000000  790.0000000  0.0000027 -0.0000000 0.0000000 0 -0.0073727
-999.0000000  765.0000000  0.0000033 -0.0000000 0.0000000 0 -0.0067625
-999.0000000  740.0000000  0.0000019 -0.0000000 0.0000000 0 -0.0057755
-999.0000000  715.0000000 -0.0000019 -0.0000000 0.0000000 0 -0.0045102
-999.0000000  690.0000000 -0.0000057 -0.0000000 0.0000000 0 -0.0031056
-999.0000000  665.0000000 -0.0000086 -0.0000000 0.0000000 0 -0.0017299
-999.0000000  640.0000000 -0.0000103 -0.0000000 0.0000000 0 -0.0005819
-999.0000000  615.0000000 -0.0000114 -0.0000000 0.0000000 0  0.0001236
-999.0000000  590.0000000 -0.0000122 -0.0000000 0.0000000 0  0.0003129
-999.0000000  565.0000000 -0.0000137 -0.0000000 0.0000000 0  0.0001559
-999.0000000  540.0000000 -0.0000179 -0.0000000 0.0000000 0  0.0001046
-999.0000000  515.0000000 -0.0000244 -0.0000000 0.0000000 0  0.0008849
-999.0000000  490.0000000 -0.0000279  0.0000000 0.0000000 0  0.0029990
-999.0000000  465.0000000 -0.0000260  0.0000000 0.0000000 0  0.0064601
-999.0000000  440.0000000 -0.0000218  0.0000000 0.0000000 0  0.0108193
-999.0000000  415.0000000 -0.0000173  0.0000000 0.0000000 0  0.0151987
-999.0000000  390.0000000 -0.0000138  0.0000000 0.0000000 0  0.0188464
-999.0000000  365.0000000 -0.0000107  0.0000000 0.0000000 0  0.0214364
-999.0000000  340.0000000 -0.0000074  0.0000000 0.0000000 0  0.0229621
-999.0000000  315.0000000 -0.0000042  0.0000000 0.0000000 0  0.0235904
-999.0000000  290.0000000 -0.0000025  0.0000000 0.0000000 0  0.0231779
-999.0000000  265.0000000 -0.0000030  0.0000000 0.0000000 0  0.0211026
-999.0000000  240.0000000 -0.0000047  0.0000000 0.0000000 0  0.0170166
-999.0000000  215.0000000 -0.0000056  0.0000000 0.0000000 0  0.0120064
-999.0000000  190.0000000 -0.0000049  0.0000000 0.0000000 0  0.0085844
-999.0000000  165.0000000 -0.0000039  0.0000000 0.0000000 0  0.0077965
-999.0000000  140.0000000  0.0000001  0.0000000 0.0000000 0  0.0047163
-999.0000000  115.0000000  0.0000012  0.0000000 0.0000000 0  0.0004188
-999.0000000   90.0000000  0.0000011  0.0000000 0.0000000 0 -0.0000029
-999.0000000   65.0000000 -0.0000000 -0.0000000 0.0000000 0 -0.0000000
-999.0000000   40.0000000  0.0000037 -0.0000000 0.0000000 0 -0.0000000
-999.0000000   15.0000000  0.0000050 -0.0000000 0.0000000 0 -0.0000000
 265.875  45   1002.17  day,levels,pres0
-999.0000000 1115.0000000 -0.0000097 -0.0000000 0.0000000 0  0.0001844
-999.0000000 1090.0000000 -0.0000097 -0.0000000 0.0000000 0  0.0001886
-999.0000000 1065.0000000 -0.0000097 -0.0000000 0.0000000 0  0.0001931
-999.0000000 1040.0000000 -0.0000097 -0.0000000 0.0000000 0  0.0001977
-999.0000000 1015.0000000 -0.0000097 -0.0000000 0.0000000 0  0.0002026
-999.0000000  990.0000000 -0.0000097 -0.0000000 0.0000000 0  0.0002077
-999.0000000  965.0000000 -0.0000135 -0.0000000 0.0000000 0  0.0003509
-999.0000000  940.0000000 -0.0000093 -0.0000000 0.0000000 0  0.0002564
-999.0000000  915.0000000 -0.0000094 -0.0000000 0.0000000 0  0.0003414
-999.0000000  890.0000000 -0.0000134 -0.0000000 0.0000000 0  0.0005692
-999.0000000  865.0000000 -0.0000148 -0.0000000 0.0000000 0  0.0007405
-999.0000000  840.0000000 -0.0000108 -0.0000000 0.0000000 0  0.0006636
-999.0000000  815.0000000 -0.0000097 -0.0000000 0.0000000 0  0.0002799
-999.0000000  790.0000000 -0.0000129 -0.0000000 0.0000000 0 -0.0003355
-999.0000000  765.0000000 -0.0000161 -0.0000000 0.0000000 0 -0.0010439
-999.0000000  740.0000000 -0.0000178 -0.0000000 0.0000000 0 -0.0017157
-999.0000000  715.0000000 -0.0000187 -0.0000000 0.0000000 0 -0.0022540
-999.0000000  690.0000000 -0.0000189 -0.0000000 0.0000000 0 -0.0026346
-999.0000000  665.0000000 -0.0000179 -0.0000000 0.0000000 0 -0.0029112
-999.0000000  640.0000000 -0.0000165 -0.0000000 0.0000000 0 -0.0032347
-999.0000000  615.0000000 -0.0000152 -0.0000000 0.0000000 0 -0.0038572
-999.0000000  590.0000000 -0.0000143 -0.0000000 0.0000000 0 -0.0049192
-999.0000000  565.0000000 -0.0000142 -0.0000000 0.0000000 0 -0.0063171
-999.0000000  540.0000000 -0.0000158 -0.0000000 0.0000000 0 -0.0076265
-999.0000000  515.0000000 -0.0000190 -0.0000000 0.0000000 0 -0.0080826
-999.0000000  490.0000000 -0.0000210 -0.0000000 0.0000000 0 -0.0070627
-999.0000000  465.0000000 -0.0000209  0.0000000 0.0000000 0 -0.0043633
-999.0000000  440.0000000 -0.0000195  0.0000000 0.0000000 0 -0.0003192
-999.0000000  415.0000000 -0.0000174  0.0000000 0.0000000 0  0.0041660
-999.0000000  390.0000000 -0.0000154  0.0000000 0.0000000 0  0.0082932
-999.0000000  365.0000000 -0.0000135  0.0000000 0.0000000 0  0.0117088
-999.0000000  340.0000000 -0.0000111  0.0000000 0.0000000 0  0.0143021
-999.0000000  315.0000000 -0.0000085  0.0000000 0.0000000 0  0.0160418
-999.0000000  290.0000000 -0.0000065  0.0000000 0.0000000 0  0.0166247
-999.0000000  265.0000000 -0.0000058  0.0000000 0.0000000 0  0.0154477
-999.0000000  240.0000000 -0.0000064  0.0000000 0.0000000 0  0.0124407
-999.0000000  215.0000000 -0.0000079  0.0000000 0.0000000 0  0.0089006
-999.0000000  190.0000000 -0.0000095  0.0000000 0.0000000 0  0.0068383
-999.0000000  165.0000000 -0.0000089  0.0000000 0.0000000 0  0.0062305
-999.0000000  140.0000000 -0.0000048  0.0000000 0.0000000 0  0.0040901
-999.0000000  115.0000000 -0.0000052  0.0000000 0.0000000 0  0.0012088
-999.0000000   90.0000000 -0.0000055  0.0000000 0.0000000 0  0.0000000
-999.0000000   65.0000000 -0.0000059 -0.0000000 0.0000000 0 -0.0000000
-999.0000000   40.0000000 -0.0000040 -0.0000000 0.0000000 0 -0.0000000
-999.0000000   15.0000000 -0.0000047 -0.0000000 0.0000000 0 -0.0000000
 266.000  45   1004.69  day,levels,pres0
-999.0000000 1115.0000000 -0.0000150  0.0000000 0.0000000 0  0.0013224
-999.0000000 1090.0000000 -0.0000150  0.0000000 0.0000000 0  0.0013527
-999.0000000 1065.0000000 -0.0000150  0.0000000 0.0000000 0  0.0013844
-999.0000000 1040.0000000 -0.0000150  0.0000000 0.0000000 0  0.0014177
-999.0000000 1015.0000000 -0.0000150  0.0000000 0.0000000 0  0.0014526
-999.0000000  990.0000000 -0.0000150  0.0000000 0.0000000 0  0.0014893
-999.0000000  965.0000000 -0.0000229  0.0000000 0.0000000 0  0.0039078
-999.0000000  940.0000000 -0.0000097 -0.0000000 0.0000000 0  0.0061042
-999.0000000  915.0000000 -0.0000016 -0.0000000 0.0000000 0  0.0078996
-999.0000000  890.0000000 -0.0000004 -0.0000000 0.0000000 0  0.0090744
-999.0000000  865.0000000 -0.0000031 -0.0000000 0.0000000 0  0.0096104
-999.0000000  840.0000000 -0.0000026 -0.0000000 0.0000000 0  0.0094702
-999.0000000  815.0000000 -0.0000054 -0.0000000 0.0000000 0  0.0085822
-999.0000000  790.0000000 -0.0000140  0.0000000 0.0000000 0  0.0069248
-999.0000000  765.0000000 -0.0000213  0.0000000 0.0000000 0  0.0046018
-999.0000000  740.0000000 -0.0000234  0.0000000 0.0000000 0  0.0018563
-999.0000000  715.0000000 -0.0000211  0.0000000 0.0000000 0 -0.0010041
-999.0000000  690.0000000 -0.0000174  0.0000000 0.0000000 0 -0.0037696
-999.0000000  665.0000000 -0.0000126  0.0000000 0.0000000 0 -0.0063511
-999.0000000  640.0000000 -0.0000084 -0.0000000 0.0000000 0 -0.0088289
-999.0000000  615.0000000 -0.0000053 -0.0000000 0.0000000 0 -0.0114762
-999.0000000  590.0000000 -0.0000035 -0.0000000 0.0000000 0 -0.0144766
-999.0000000  565.0000000 -0.0000027 -0.0000000 0.0000000 0 -0.0177645
-999.0000000  540.0000000 -0.0000023 -0.0000000 0.0000000 0 -0.0209194
-999.0000000  515.0000000 -0.0000022 -0.0000000 0.0000000 0 -0.0231404
-999.0000000  490.0000000 -0.0000027 -0.0000000 0.0000000 0 -0.0236949
-999.0000000  465.0000000 -0.0000041 -0.0000000 0.0000000 0 -0.0221953
-999.0000000  440.0000000 -0.0000050  0.0000000 0.0000000 0 -0.0188774
-999.0000000  415.0000000 -0.0000048  0.0000000 0.0000000 0 -0.0146993
-999.0000000  390.0000000 -0.0000042  0.0000000 0.0000000 0 -0.0105235
-999.0000000  365.0000000 -0.0000035  0.0000000 0.0000000 0 -0.0067178
-999.0000000  340.0000000 -0.0000024  0.0000000 0.0000000 0 -0.0034647
-999.0000000  315.0000000 -0.0000010  0.0000000 0.0000000 0 -0.0009462
-999.0000000  290.0000000  0.0000004  0.0000000 0.0000000 0  0.0004079
-999.0000000  265.0000000  0.0000009  0.0000000 0.0000000 0  0.0000446
-999.0000000  240.0000000 -0.0000002  0.0000000 0.0000000 0 -0.0017532
-999.0000000  215.0000000 -0.0000026  0.0000000 0.0000000 0 -0.0033374
-999.0000000  190.0000000 -0.0000050  0.0000000 0.0000000 0 -0.0029997
-999.0000000  165.0000000 -0.0000027  0.0000000 0.0000000 0 -0.0016012
-999.0000000  140.0000000  0.0000018  0.0000000 0.0000000 0  0.0002124
-999.0000000  115.0000000  0.0000019  0.0000000 0.0000000 0  0.0013231
-999.0000000   90.0000000  0.0000005  0.0000000 0.0000000 0  0.0000014
-999.0000000   65.0000000 -0.0000019 -0.0000000 0.0000000 0 -0.0000000
-999.0000000   40.0000000 -0.0000043 -0.0000000 0.0000000 0 -0.0000000
-999.0000000   15.0000000 -0.0000073 -0.0000000 0.0000000 0 -0.0000000
 266.125  45   1005.11  day,levels,pres0
-999.0000000 1115.0000000 -0.0000121  0.0000000 0.0000000 0  0.0012368
-999.0000000 1090.0000000 -0.0000121  0.0000000 0.0000000 0  0.0012652
-999.0000000 1065.0000000 -0.0000121  0.0000000 0.0000000 0  0.0012949
-999.0000000 1040.0000000 -0.0000121  0.0000000 0.0000000 0  0.0013260
-999.0000000 1015.0000000 -0.0000121  0.0000000 0.0000000 0  0.0013587
-999.0000000  990.0000000 -0.0000121  0.0000000 0.0000000 0  0.0013930
-999.0000000  965.0000000 -0.0000111  0.0000000 0.0000000 0  0.0034846
-999.0000000  940.0000000 -0.0000021  0.0000000 0.0000000 0  0.0050079
-999.0000000  915.0000000  0.0000051 -0.0000000 0.0000000 0  0.0057989
-999.0000000  890.0000000  0.0000072 -0.0000000 0.0000000 0  0.0058950
-999.0000000  865.0000000  0.0000060 -0.0000000 0.0000000 0  0.0054541
-999.0000000  840.0000000  0.0000061 -0.0000000 0.0000000 0  0.0046194
-999.0000000  815.0000000  0.0000025 -0.0000000 0.0000000 0  0.0035047
-999.0000000  790.0000000 -0.0000075 -0.0000000 0.0000000 0  0.0022263
-999.0000000  765.0000000 -0.0000177 -0.0000000 0.0000000 0  0.0008935
-999.0000000  740.0000000 -0.0000226  0.0000000 0.0000000 0 -0.0003472
-999.0000000  715.0000000 -0.0000218  0.0000000 0.0000000 0 -0.0012894
-999.0000000  690.0000000 -0.0000171  0.0000000 0.0000000 0 -0.0017999
-999.0000000  665.0000000 -0.0000091  0.0000000 0.0000000 0 -0.0018705
-999.0000000  640.0000000 -0.0000027 -0.0000000 0.0000000 0 -0.0017606
-999.0000000  615.0000000  0.0000012 -0.0000000 0.0000000 0 -0.0020616
-999.0000000  590.0000000  0.0000027 -0.0000000 0.0000000 0 -0.0032596
-999.0000000  565.0000000  0.0000025 -0.0000000 0.0000000 0 -0.0055186
-999.0000000  540.0000000  0.0000014 -0.0000000 0.0000000 0 -0.0085956
-999.0000000  515.0000000 -0.0000011 -0.0000000 0.0000000 0 -0.0117591
-999.0000000  490.0000000 -0.0000037 -0.0000000 0.0000000 0 -0.0142400
-999.0000000  465.0000000 -0.0000052 -0.0000000 0.0000000 0 -0.0154937
-999.0000000  440.0000000 -0.0000050 -0.0000000 0.0000000 0 -0.0154832
-999.0000000  415.0000000 -0.0000029 -0.0000000 0.0000000 0 -0.0147858
-999.0000000  390.0000000  0.0000002 -0.0000000 0.0000000 0 -0.0139302
-999.0000000  365.0000000  0.0000035  0.0000000 0.0000000 0 -0.0130738
-999.0000000  340.0000000  0.0000063  0.0000000 0.0000000 0 -0.0121911
-999.0000000  315.0000000  0.0000082  0.0000000 0.0000000 0 -0.0111846
-999.0000000  290.0000000  0.0000092  0.0000000 0.0000000 0 -0.0100463
-999.0000000  265.0000000  0.0000093  0.0000000 0.0000000 0 -0.0087878
-999.0000000  240.0000000  0.0000081  0.0000000 0.0000000 0 -0.0070041
-999.0000000  215.0000000  0.0000060  0.0000000 0.0000000 0 -0.0041324
-999.0000000  190.0000000  0.0000034  0.0000000 0.0000000 0 -0.0005789
-999.0000000  165.0000000  0.0000045 -0.0000000 0.0000000 0  0.0016392
-999.0000000  140.0000000  0.0000101 -0.0000000 0.0000000 0  0.0018644
-999.0000000  115.0000000  0.0000109  0.0000000 0.0000000 0  0.0011316
-999.0000000   90.0000000  0.0000097  0.0000000 0.0000000 0 -0.0000003
-999.0000000   65.0000000  0.0000021 -0.0000000 0.0000000 0 -0.0000000
-999.0000000   40.0000000 -0.0000047 -0.0000000 0.0000000 0 -0.0000000
-999.0000000   15.0000000 -0.0000098 -0.0000000 0.0000000 0 -0.0000000
 266.250  45   1004.39  day,levels,pres0
-999.0000000 1115.0000000 -0.0000189  0.0000000 0.0000000 0  0.0011285
-999.0000000 1090.0000000 -0.0000189  0.0000000 0.0000000 0  0.0011544
-999.0000000 1065.0000000 -0.0000189  0.0000000 0.0000000 0  0.0011815
-999.0000000 1040.0000000 -0.0000189  0.0000000 0.0000000 0  0.0012099
-999.0000000 1015.0000000 -0.0000189  0.0000000 0.0000000 0  0.0012397
-999.0000000  990.0000000 -0.0000189  0.0000000 0.0000000 0  0.0012710
-999.0000000  965.0000000 -0.0000093  0.0000000 0.0000000 0  0.0033511
-999.0000000  940.0000000 -0.0000033  0.0000000 0.0000000 0  0.0047795
-999.0000000  915.0000000  0.0000035  0.0000000 0.0000000 0  0.0052945
-999.0000000  890.0000000  0.0000078  0.0000000 0.0000000 0  0.0050662
-999.0000000  865.0000000  0.0000091  0.0000000 0.0000000 0  0.0043106
-999.0000000  840.0000000  0.0000093 -0.0000000 0.0000000 0  0.0032776
-999.0000000  815.0000000  0.0000054 -0.0000000 0.0000000 0  0.0022555
-999.0000000  790.0000000 -0.0000058 -0.0000000 0.0000000 0  0.0014982
-999.0000000  765.0000000 -0.0000195 -0.0000000 0.0000000 0  0.0011131
-999.0000000  740.0000000 -0.0000281 -0.0000000 0.0000000 0  0.0011573
-999.0000000  715.0000000 -0.0000296  0.0000000 0.0000000 0  0.0017523
-999.0000000  690.0000000 -0.0000242  0.0000000 0.0000000 0  0.0029679
-999.0000000  665.0000000 -0.0000128  0.0000000 0.0000000 0  0.0047380
-999.0000000  640.0000000 -0.0000043  0.0000000 0.0000000 0  0.0066424
-999.0000000  615.0000000  0.0000001 -0.0000000 0.0000000 0  0.0078093
-999.0000000  590.0000000  0.0000011 -0.0000000 0.0000000 0  0.0074961
-999.0000000  565.0000000 -0.0000001 -0.0000000 0.0000000 0  0.0053592
-999.0000000  540.0000000 -0.0000021 -0.0000000 0.0000000 0  0.0014935
-999.0000000  515.0000000 -0.0000068  0.0000000 0.0000000 0 -0.0034553
-999.0000000  490.0000000 -0.0000117  0.0000000 0.0000000 0 -0.0086929
-999.0000000  465.0000000 -0.0000136 -0.0000000 0.0000000 0 -0.0135019
-999.0000000  440.0000000 -0.0000129 -0.0000000 0.0000000 0 -0.0175561
-999.0000000  415.0000000 -0.0000093 -0.0000000 0.0000000 0 -0.0210498
-999.0000000  390.0000000 -0.0000037 -0.0000000 0.0000000 0 -0.0241744
-999.0000000  365.0000000  0.0000022  0.0000000 0.0000000 0 -0.0268625
-999.0000000  340.0000000  0.0000063  0.0000000 0.0000000 0 -0.0288645
-999.0000000  315.0000000  0.0000084  0.0000000 0.0000000 0 -0.0297902
-999.0000000  290.0000000  0.0000092  0.0000000 0.0000000 0 -0.0291817
-999.0000000  265.0000000  0.0000088  0.0000000 0.0000000 0 -0.0264829
-999.0000000  240.0000000  0.0000077  0.0000000 0.0000000 0 -0.0211059
-999.0000000  215.0000000  0.0000060  0.0000000 0.0000000 0 -0.0134658
-999.0000000  190.0000000  0.0000033  0.0000000 0.0000000 0 -0.0059148
-999.0000000  165.0000000  0.0000026 -0.0000000 0.0000000 0 -0.0013473
-999.0000000  140.0000000  0.0000065 -0.0000000 0.0000000 0  0.0001188
-999.0000000  115.0000000  0.0000059  0.0000000 0.0000000 0  0.0001553
-999.0000000   90.0000000  0.0000067  0.0000000 0.0000000 0 -0.0000001
-999.0000000   65.0000000  0.0000002 -0.0000000 0.0000000 0 -0.0000000
-999.0000000   40.0000000 -0.0000018 -0.0000000 0.0000000 0 -0.0000000
-999.0000000   15.0000000  0.0000031 -0.0000000 0.0000000 0 -0.0000000
 266.375  45   1004.33  day,levels,pres0
-999.0000000 1115.0000000 -0.0000209  0.0000000 0.0000000 0  0.0008604
-999.0000000 1090.0000000 -0.0000209  0.0000000 0.0000000 0  0.0008802
-999.0000000 1065.0000000 -0.0000209  0.0000000 0.0000000 0  0.0009008
-999.0000000 1040.0000000 -0.0000209  0.0000000 0.0000000 0  0.0009225
-999.0000000 1015.0000000 -0.0000209  0.0000000 0.0000000 0  0.0009452
-999.0000000  990.0000000 -0.0000209  0.0000000 0.0000000 0  0.0009691
-999.0000000  965.0000000 -0.0000173  0.0000000 0.0000000 0  0.0026669
-999.0000000  940.0000000 -0.0000125  0.0000000 0.0000000 0  0.0041942
-999.0000000  915.0000000 -0.0000058  0.0000000 0.0000000 0  0.0054073
-999.0000000  890.0000000 -0.0000016  0.0000000 0.0000000 0  0.0062325
-999.0000000  865.0000000 -0.0000007  0.0000000 0.0000000 0  0.0065811
-999.0000000  840.0000000 -0.0000010 -0.0000000 0.0000000 0  0.0064327
-999.0000000  815.0000000 -0.0000041 -0.0000000 0.0000000 0  0.0058630
-999.0000000  790.0000000 -0.0000112 -0.0000000 0.0000000 0  0.0050539
-999.0000000  765.0000000 -0.0000184 -0.0000000 0.0000000 0  0.0041791
-999.0000000  740.0000000 -0.0000229 -0.0000000 0.0000000 0  0.0033457
-999.0000000  715.0000000 -0.0000256 -0.0000000 0.0000000 0  0.0026576
-999.0000000  690.0000000 -0.0000247  0.0000000 0.0000000 0  0.0022123
-999.0000000  665.0000000 -0.0000192  0.0000000 0.0000000 0  0.0020941
-999.0000000  640.0000000 -0.0000139  0.0000000 0.0000000 0  0.0022035
-999.0000000  615.0000000 -0.0000093  0.0000000 0.0000000 0  0.0021743
-999.0000000  590.0000000 -0.0000058  0.0000000 0.0000000 0  0.0015951
-999.0000000  565.0000000 -0.0000032  0.0000000 0.0000000 0  0.0000929
-999.0000000  540.0000000 -0.0000031  0.0000000 0.0000000 0 -0.0025469
-999.0000000  515.0000000 -0.0000075  0.0000000 0.0000000 0 -0.0062303
-999.0000000  490.0000000 -0.0000117  0.0000000 0.0000000 0 -0.0104285
-999.0000000  465.0000000 -0.0000125  0.0000000 0.0000000 0 -0.0142011
-999.0000000  440.0000000 -0.0000117 -0.0000000 0.0000000 0 -0.0170143
-999.0000000  415.0000000 -0.0000095  0.0000000 0.0000000 0 -0.0190872
-999.0000000  390.0000000 -0.0000060  0.0000000 0.0000000 0 -0.0207972
-999.0000000  365.0000000 -0.0000026  0.0000000 0.0000000 0 -0.0223479
-999.0000000  340.0000000 -0.0000004  0.0000000 0.0000000 0 -0.0236018
-999.0000000  315.0000000  0.0000010  0.0000000 0.0000000 0 -0.0240443
-999.0000000  290.0000000  0.0000018  0.0000000 0.0000000 0 -0.0231326
-999.0000000  265.0000000  0.0000021  0.0000000 0.0000000 0 -0.0205111
-999.0000000  240.0000000  0.0000008 -0.0000000 0.0000000 0 -0.0161530
-999.0000000  215.0000000 -0.0000014 -0.0000000 0.0000000 0 -0.0109346
-999.0000000  190.0000000 -0.0000021  0.0000000 0.0000000 0 -0.0067479
-999.0000000  165.0000000 -0.0000013  0.0000000 0.0000000 0 -0.0048706
-999.0000000  140.0000000 -0.0000004  0.0000000 0.0000000 0 -0.0030194
-999.0000000  115.0000000 -0.0000009  0.0000000 0.0000000 0 -0.0008808
-999.0000000   90.0000000  0.0000015  0.0000000 0.0000000 0 -0.0000011
-999.0000000   65.0000000 -0.0000016 -0.0000000 0.0000000 0 -0.0000000
-999.0000000   40.0000000  0.0000013 -0.0000000 0.0000000 0 -0.0000000
-999.0000000   15.0000000  0.0000161 -0.0000000 0.0000000 0 -0.0000000
 266.500  45   1006.54  day,levels,pres0
-999.0000000 1115.0000000 -0.0000068  0.0000000 0.0000000 0  0.0003948
-999.0000000 1090.0000000 -0.0000068  0.0000000 0.0000000 0  0.0004038
-999.0000000 1065.0000000 -0.0000068  0.0000000 0.0000000 0  0.0004133
-999.0000000 1040.0000000 -0.0000068  0.0000000 0.0000000 0  0.0004232
-999.0000000 1015.0000000 -0.0000068  0.0000000 0.0000000 0  0.0004336
-999.0000000  990.0000000 -0.0000068  0.0000000 0.0000000 0  0.0004446
-999.0000000  965.0000000 -0.0000097  0.0000000 0.0000000 0  0.0011893
-999.0000000  940.0000000 -0.0000072  0.0000000 0.0000000 0  0.0021489
-999.0000000  915.0000000 -0.0000013  0.0000000 0.0000000 0  0.0033589
-999.0000000  890.0000000  0.0000019  0.0000000 0.0000000 0  0.0045504
-999.0000000  865.0000000  0.0000015 -0.0000000 0.0000000 0  0.0053550
-999.0000000  840.0000000 -0.0000004 -0.0000000 0.0000000 0  0.0054974
-999.0000000  815.0000000 -0.0000029 -0.0000000 0.0000000 0  0.0048526
-999.0000000  790.0000000 -0.0000061 -0.0000000 0.0000000 0  0.0035430
-999.0000000  765.0000000 -0.0000070 -0.0000001 0.0000000 0  0.0018189
-999.0000000  740.0000000 -0.0000077 -0.0000000 0.0000000 0 -0.0001590
-999.0000000  715.0000000 -0.0000114 -0.0000000 0.0000000 0 -0.0023118
-999.0000000  690.0000000 -0.0000153  0.0000000 0.0000000 0 -0.0045250
-999.0000000  665.0000000 -0.0000166  0.0000000 0.0000000 0 -0.0065788
-999.0000000  640.0000000 -0.0000154  0.0000000 0.0000000 0 -0.0082623
-999.0000000  615.0000000 -0.0000115  0.0000000 0.0000000 0 -0.0094453
-999.0000000  590.0000000 -0.0000056  0.0000000 0.0000000 0 -0.0102220
-999.0000000  565.0000000  0.0000016  0.0000000 0.0000000 0 -0.0109978
-999.0000000  540.0000000  0.0000039  0.0000000 0.0000000 0 -0.0122891
-999.0000000  515.0000000 -0.0000011  0.0000000 0.0000000 0 -0.0145517
-999.0000000  490.0000000 -0.0000059  0.0000000 0.0000000 0 -0.0175228
-999.0000000  465.0000000 -0.0000069  0.0000000 0.0000000 0 -0.0200367
-999.0000000  440.0000000 -0.0000066  0.0000000 0.0000000 0 -0.0213540
-999.0000000  415.0000000 -0.0000059  0.0000000 0.0000000 0 -0.0217263
-999.0000000  390.0000000 -0.0000045  0.0000000 0.0000000 0 -0.0217281
-999.0000000  365.0000000 -0.0000036  0.0000000 0.0000000 0 -0.0218383
-999.0000000  340.0000000 -0.0000031  0.0000000 0.0000000 0 -0.0220339
-999.0000000  315.0000000 -0.0000022  0.0000000 0.0000000 0 -0.0216737
-999.0000000  290.0000000 -0.0000007  0.0000000 0.0000000 0 -0.0201257
-999.0000000  265.0000000  0.0000003  0.0000000 0.0000000 0 -0.0172246
-999.0000000  240.0000000 -0.0000016 -0.0000000 0.0000000 0 -0.0134963
-999.0000000  215.0000000 -0.0000056 -0.0000000 0.0000000 0 -0.0102691
-999.0000000  190.0000000 -0.0000053 -0.0000000 0.0000000 0 -0.0089588
-999.0000000  165.0000000 -0.0000028  0.0000000 0.0000000 0 -0.0092135
-999.0000000  140.0000000 -0.0000026  0.0000000 0.0000000 0 -0.0064185
-999.0000000  115.0000000 -0.0000021  0.0000000 0.0000000 0 -0.0019027
-999.0000000   90.0000000  0.0000017  0.0000000 0.0000000 0 -0.0000001
-999.0000000   65.0000000  0.0000009 -0.0000000 0.0000000 0 -0.0000000
-999.0000000   40.0000000  0.0000045 -0.0000000 0.0000000 0 -0.0000000
-999.0000000   15.0000000  0.0000120 -0.0000000 0.0000000 0 -0.0000000
 266.625  45   1006.11  day,levels,pres0
-999.0000000 1115.0000000  0.0000108  0.0000000 0.0000000 0 -0.0001553
-999.0000000 1090.0000000  0.0000108  0.0000000 0.0000000 0 -0.0001588
-999.0000000 1065.0000000  0.0000108  0.0000000 0.0000000 0 -0.0001625
-999.0000000 1040.0000000  0.0000108  0.0000000 0.0000000 0 -0.0001665
-999.0000000 1015.0000000  0.0000108  0.0000000 0.0000000 0 -0.0001706
-999.0000000  990.0000000  0.0000108  0.0000000 0.0000000 0 -0.0001749
-999.0000000  965.0000000  0.0000064  0.0000000 0.0000000 0 -0.0005052
-999.0000000  940.0000000  0.0000062  0.0000000 0.0000000 0 -0.0009895
-999.0000000  915.0000000  0.0000072  0.0000000 0.0000000 0 -0.0017053
-999.0000000  890.0000000  0.0000054 -0.0000000 0.0000000 0 -0.0026517
-999.0000000  865.0000000  0.0000031 -0.0000000 0.0000000 0 -0.0037036
-999.0000000  840.0000000  0.0000034 -0.0000000 0.0000000 0 -0.0046703
-999.0000000  815.0000000  0.0000040 -0.0000000 0.0000000 0 -0.0054738
-999.0000000  790.0000000  0.0000053 -0.0000001 0.0000000 0 -0.0060064
-999.0000000  765.0000000  0.0000068 -0.0000001 0.0000000 0 -0.0061253
-999.0000000  740.0000000  0.0000053 -0.0000000 0.0000000 0 -0.0059275
-999.0000000  715.0000000 -0.0000003 -0.0000000 0.0000000 0 -0.0056848
-999.0000000  690.0000000 -0.0000050  0.0000000 0.0000000 0 -0.0055229
-999.0000000  665.0000000 -0.0000059  0.0000000 0.0000000 0 -0.0053566
-999.0000000  640.0000000 -0.0000038  0.0000000 0.0000000 0 -0.0051155
-999.0000000  615.0000000  0.0000010  0.0000000 0.0000000 0 -0.0048187
-999.0000000  590.0000000  0.0000054  0.0000000 0.0000000 0 -0.0046365
-999.0000000  565.0000000  0.0000089  0.0000000 0.0000000 0 -0.0049149
-999.0000000  540.0000000  0.0000084  0.0000000 0.0000000 0 -0.0059509
-999.0000000  515.0000000  0.0000027 -0.0000000 0.0000000 0 -0.0078241
-999.0000000  490.0000000 -0.0000024 -0.0000000 0.0000000 0 -0.0101195
-999.0000000  465.0000000 -0.0000040 -0.0000000 0.0000000 0 -0.0118774
-999.0000000  440.0000000 -0.0000042 -0.0000000 0.0000000 0 -0.0125012
-999.0000000  415.0000000 -0.0000037  0.0000000 0.0000000 0 -0.0121631
-999.0000000  390.0000000 -0.0000034  0.0000000 0.0000000 0 -0.0112629
-999.0000000  365.0000000 -0.0000044  0.0000000 0.0000000 0 -0.0101257
-999.0000000  340.0000000 -0.0000064  0.0000000 0.0000000 0 -0.0087600
-999.0000000  315.0000000 -0.0000082  0.0000000 0.0000000 0 -0.0068149
-999.0000000  290.0000000 -0.0000084  0.0000000 0.0000000 0 -0.0041034
-999.0000000  265.0000000 -0.0000072  0.0000000 0.0000000 0 -0.0009413
-999.0000000  240.0000000 -0.0000069  0.0000000 0.0000000 0  0.0020054
-999.0000000  215.0000000 -0.0000084 -0.0000000 0.0000000 0  0.0040977
-999.0000000  190.0000000 -0.0000083 -0.0000000 0.0000000 0  0.0046767
-999.0000000  165.0000000 -0.0000058 -0.0000000 0.0000000 0  0.0031694
-999.0000000  140.0000000 -0.0000006 -0.0000000 0.0000000 0  0.0011616
-999.0000000  115.0000000  0.0000033  0.0000000 0.0000000 0  0.0001604
-999.0000000   90.0000000  0.0000052  0.0000000 0.0000000 0  0.0000003
-999.0000000   65.0000000  0.0000035 -0.0000000 0.0000000 0 -0.0000000
-999.0000000   40.0000000  0.0000078 -0.0000000 0.0000000 0 -0.0000000
-999.0000000   15.0000000  0.0000080 -0.0000000 0.0000000 0 -0.0000000
 266.750  45   1002.55  day,levels,pres0
-999.0000000 1115.0000000  0.0000066  0.0000000 0.0000000 0 -0.0001601
-999.0000000 1090.0000000  0.0000066  0.0000000 0.0000000 0 -0.0001638
-999.0000000 1065.0000000  0.0000066  0.0000000 0.0000000 0 -0.0001676
-999.0000000 1040.0000000  0.0000066  0.0000000 0.0000000 0 -0.0001717
-999.0000000 1015.0000000  0.0000066  0.0000000 0.0000000 0 -0.0001759
-999.0000000  990.0000000  0.0000066  0.0000000 0.0000000 0 -0.0001803
-999.0000000  965.0000000  0.0000035 -0.0000000 0.0000000 0 -0.0006113
-999.0000000  940.0000000  0.0000001 -0.0000000 0.0000000 0 -0.0013956
-999.0000000  915.0000000 -0.0000053 -0.0000000 0.0000000 0 -0.0027773
-999.0000000  890.0000000 -0.0000117 -0.0000000 0.0000000 0 -0.0046014
-999.0000000  865.0000000 -0.0000144 -0.0000000 0.0000000 0 -0.0063304
-999.0000000  840.0000000 -0.0000108 -0.0000001 0.0000000 0 -0.0073580
-999.0000000  815.0000000 -0.0000062 -0.0000001 0.0000000 0 -0.0074829
-999.0000000  790.0000000 -0.0000008 -0.0000001 0.0000000 0 -0.0066935
-999.0000000  765.0000000  0.0000024 -0.0000000 0.0000000 0 -0.0049545
-999.0000000  740.0000000  0.0000006 -0.0000000 0.0000000 0 -0.0025602
-999.0000000  715.0000000 -0.0000053  0.0000000 0.0000000 0 -0.0000792
-999.0000000  690.0000000 -0.0000091  0.0000000 0.0000000 0  0.0021527
-999.0000000  665.0000000 -0.0000082  0.0000000 0.0000000 0  0.0041102
-999.0000000  640.0000000 -0.0000037  0.0000000 0.0000000 0  0.0057383
-999.0000000  615.0000000  0.0000030  0.0000000 0.0000000 0  0.0068743
-999.0000000  590.0000000  0.0000070 -0.0000000 0.0000000 0  0.0072878
-999.0000000  565.0000000  0.0000070 -0.0000000 0.0000000 0  0.0067188
-999.0000000  540.0000000  0.0000042 -0.0000000 0.0000000 0  0.0051098
-999.0000000  515.0000000 -0.0000012 -0.0000000 0.0000000 0  0.0027722
-999.0000000  490.0000000 -0.0000054 -0.0000000 0.0000000 0  0.0002802
-999.0000000  465.0000000 -0.0000069 -0.0000000 0.0000000 0 -0.0016195
-999.0000000  440.0000000 -0.0000072 -0.0000000 0.0000000 0 -0.0024693
-999.0000000  415.0000000 -0.0000070 -0.0000000 0.0000000 0 -0.0023367
-999.0000000  390.0000000 -0.0000080 -0.0000000 0.0000000 0 -0.0014143
-999.0000000  365.0000000 -0.0000114 -0.0000000 0.0000000 0  0.0001673
-999.0000000  340.0000000 -0.0000166 -0.0000000 0.0000000 0  0.0023984
-999.0000000  315.0000000 -0.0000219  0.0000000 0.0000000 0  0.0053445
-999.0000000  290.0000000 -0.0000242  0.0000000 0.0000000 0  0.0087445
-999.0000000  265.0000000 -0.0000222  0.0000000 0.0000000 0  0.0117891
-999.0000000  240.0000000 -0.0000189  0.0000000 0.0000000 0  0.0136686
-999.0000000  215.0000000 -0.0000173 -0.0000000 0.0000000 0  0.0144723
-999.0000000  190.0000000 -0.0000171 -0.0000000 0.0000000 0  0.0143905
-999.0000000  165.0000000 -0.0000143 -0.0000000 0.0000000 0  0.0121128
-999.0000000  140.0000000 -0.0000048 -0.0000000 0.0000000 0  0.0066642
-999.0000000  115.0000000  0.0000015  0.0000000 0.0000000 0  0.0016558
-999.0000000   90.0000000  0.0000028  0.0000000 0.0000000 0  0.0000008
-999.0000000   65.0000000 -0.0000012 -0.0000000 0.0000000 0 -0.0000000
-999.0000000   40.0000000  0.0000015 -0.0000000 0.0000000 0 -0.0000000
-999.0000000   15.0000000 -0.0000018 -0.0000000 0.0000000 0 -0.0000000
 266.875  45   1002.06  day,levels,pres0
-999.0000000 1115.0000000 -0.0000073 -0.0000000 0.0000000 0 -0.0003549
-999.0000000 1090.0000000 -0.0000073 -0.0000000 0.0000000 0 -0.0003630
-999.0000000 1065.0000000 -0.0000073 -0.0000000 0.0000000 0 -0.0003716
-999.0000000 1040.0000000 -0.0000073 -0.0000000 0.0000000 0 -0.0003805
-999.0000000 1015.0000000 -0.0000073 -0.0000000 0.0000000 0 -0.0003899
-999.0000000  990.0000000 -0.0000073 -0.0000000 0.0000000 0 -0.0003997
-999.0000000  965.0000000 -0.0000075 -0.0000000 0.0000000 0 -0.0014623
-999.0000000  940.0000000 -0.0000088 -0.0000000 0.0000000 0 -0.0028336
-999.0000000  915.0000000 -0.0000149 -0.0000000 0.0000000 0 -0.0043461
-999.0000000  890.0000000 -0.0000231  0.0000000 0.0000000 0 -0.0059673
-999.0000000  865.0000000 -0.0000258  0.0000000 0.0000000 0 -0.0075410
-999.0000000  840.0000000 -0.0000246 -0.0000000 0.0000000 0 -0.0087589
-999.0000000  815.0000000 -0.0000245 -0.0000000 0.0000000 0 -0.0093532
-999.0000000  790.0000000 -0.0000259  0.0000000 0.0000000 0 -0.0091712
-999.0000000  765.0000000 -0.0000265  0.0000000 0.0000000 0 -0.0081588
-999.0000000  740.0000000 -0.0000255  0.0000000 0.0000000 0 -0.0065037
-999.0000000  715.0000000 -0.0000235  0.0000000 0.0000000 0 -0.0045634
-999.0000000  690.0000000 -0.0000207  0.0000000 0.0000000 0 -0.0025924
-999.0000000  665.0000000 -0.0000161  0.0000000 0.0000000 0 -0.0007173
-999.0000000  640.0000000 -0.0000116  0.0000000 0.0000000 0  0.0009351
-999.0000000  615.0000000 -0.0000077  0.0000000 0.0000000 0  0.0022166
-999.0000000  590.0000000 -0.0000055  0.0000000 0.0000000 0  0.0029428
-999.0000000  565.0000000 -0.0000054  0.0000000 0.0000000 0  0.0029065
-999.0000000  540.0000000 -0.0000064 -0.0000000 0.0000000 0  0.0019828
-999.0000000  515.0000000 -0.0000083 -0.0000000 0.0000000 0  0.0002236
-999.0000000  490.0000000 -0.0000098 -0.0000000 0.0000000 0 -0.0021213
-999.0000000  465.0000000 -0.0000106 -0.0000000 0.0000000 0 -0.0046125
-999.0000000  440.0000000 -0.0000121 -0.0000000 0.0000000 0 -0.0069134
-999.0000000  415.0000000 -0.0000147 -0.0000000 0.0000000 0 -0.0089129
-999.0000000  390.0000000 -0.0000184 -0.0000000 0.0000000 0 -0.0104596
-999.0000000  365.0000000 -0.0000232  0.0000000 0.0000000 0 -0.0112698
-999.0000000  340.0000000 -0.0000277  0.0000000 0.0000000 0 -0.0110884
-999.0000000  315.0000000 -0.0000299  0.0000000 0.0000000 0 -0.0098273
-999.0000000  290.0000000 -0.0000282  0.0000000 0.0000000 0 -0.0076946
-999.0000000  265.0000000 -0.0000232 -0.0000000 0.0000000 0 -0.0051877
-999.0000000  240.0000000 -0.0000193 -0.0000000 0.0000000 0 -0.0025736
-999.0000000  215.0000000 -0.0000198 -0.0000000 0.0000000 0  0.0003789
-999.0000000  190.0000000 -0.0000218 -0.0000000 0.0000000 0  0.0030144
-999.0000000  165.0000000 -0.0000176 -0.0000000 0.0000000 0  0.0032927
-999.0000000  140.0000000 -0.0000098 -0.0000000 0.0000000 0  0.0013684
-999.0000000  115.0000000 -0.0000068  0.0000000 0.0000000 0 -0.0001020
-999.0000000   90.0000000 -0.0000040  0.0000000 0.0000000 0 -0.0000000
-999.0000000   65.0000000 -0.0000060 -0.0000000 0.0000000 0 -0.0000000
-999.0000000   40.0000000 -0.0000049 -0.0000000 0.0000000 0 -0.0000000
-999.0000000   15.0000000 -0.0000118 -0.0000000 0.0000000 0 -0.0000000
 267.000  45   1004.80  day,levels,pres0
-999.0000000 1115.0000000 -0.0000073  0.0000000 0.0000000 0 -0.0000616
-999.0000000 1090.0000000 -0.0000073  0.0000000 0.0000000 0 -0.0000630
-999.0000000 1065.0000000 -0.0000073  0.0000000 0.0000000 0 -0.0000645
-999.0000000 1040.0000000 -0.0000073  0.0000000 0.0000000 0 -0.0000660
-999.0000000 1015.0000000 -0.0000073  0.0000000 0.0000000 0 -0.0000677
-999.0000000  990.0000000 -0.0000073  0.0000000 0.0000000 0 -0.0000694
-999.0000000  965.0000000 -0.0000019 -0.0000000 0.0000000 0 -0.0006464
-999.0000000  940.0000000 -0.0000014 -0.0000000 0.0000000 0 -0.0014366
-999.0000000  915.0000000 -0.0000082  0.0000000 0.0000000 0 -0.0019221
-999.0000000  890.0000000 -0.0000178  0.0000000 0.0000000 0 -0.0022677
-999.0000000  865.0000000 -0.0000206  0.0000000 0.0000000 0 -0.0027411
-999.0000000  840.0000000 -0.0000215  0.0000000 0.0000000 0 -0.0033788
-999.0000000  815.0000000 -0.0000257  0.0000001 0.0000000 0 -0.0038882
-999.0000000  790.0000000 -0.0000340  0.0000001 0.0000000 0 -0.0039753
-999.0000000  765.0000000 -0.0000386  0.0000001 0.0000000 0 -0.0035357
-999.0000000  740.0000000 -0.0000346  0.0000000 0.0000000 0 -0.0026085
-999.0000000  715.0000000 -0.0000243  0.0000000 0.0000000 0 -0.0013015
-999.0000000  690.0000000 -0.0000140  0.0000000 0.0000000 0  0.0002265
-999.0000000  665.0000000 -0.0000061  0.0000000 0.0000000 0  0.0017477
-999.0000000  640.0000000 -0.0000029  0.0000000 0.0000000 0  0.0030546
-999.0000000  615.0000000 -0.0000038  0.0000000 0.0000000 0  0.0039923
-999.0000000  590.0000000 -0.0000045  0.0000000 0.0000000 0  0.0044092
-999.0000000  565.0000000 -0.0000044  0.0000000 0.0000000 0  0.0041322
-999.0000000  540.0000000 -0.0000038  0.0000000 0.0000000 0  0.0029632
-999.0000000  515.0000000 -0.0000024  0.0000000 0.0000000 0  0.0007047
-999.0000000  490.0000000 -0.0000012 -0.0000000 0.0000000 0 -0.0026768
-999.0000000  465.0000000 -0.0000012 -0.0000000 0.0000000 0 -0.0069556
-999.0000000  440.0000000 -0.0000035 -0.0000000 0.0000000 0 -0.0118480
-999.0000000  415.0000000 -0.0000087 -0.0000000 0.0000000 0 -0.0170283
-999.0000000  390.0000000 -0.0000149  0.0000000 0.0000000 0 -0.0219895
-999.0000000  365.0000000 -0.0000199  0.0000000 0.0000000 0 -0.0260484
-999.0000000  340.0000000 -0.0000221  0.0000000 0.0000000 0 -0.0286955
-999.0000000  315.0000000 -0.0000202  0.0000000 0.0000000 0 -0.0298204
-999.0000000  290.0000000 -0.0000144 -0.0000000 0.0000000 0 -0.0295700
-999.0000000  265.0000000 -0.0000071 -0.0000000 0.0000000 0 -0.0281002
-999.0000000  240.0000000 -0.0000032 -0.0000000 0.0000000 0 -0.0250807
-999.0000000  215.0000000 -0.0000059 -0.0000000 0.0000000 0 -0.0200761
-999.0000000  190.0000000 -0.0000106 -0.0000000 0.0000000 0 -0.0144841
-999.0000000  165.0000000 -0.0000060 -0.0000000 0.0000000 0 -0.0107781
-999.0000000  140.0000000 -0.0000003  0.0000000 0.0000000 0 -0.0069749
-999.0000000  115.0000000 -0.0000007  0.0000000 0.0000000 0 -0.0026176
-999.0000000   90.0000000  0.0000026  0.0000000 0.0000000 0 -0.0000006
-999.0000000   65.0000000  0.0000007 -0.0000000 0.0000000 0 -0.0000000
-999.0000000   40.0000000 -0.0000001 -0.0000000 0.0000000 0 -0.0000000
-999.0000000   15.0000000 -0.0000060 -0.0000000 0.0000000 0 -0.0000000
 267.125  45   1005.85  day,levels,pres0
-999.0000000 1115.0000000 -0.0000060  0.0000000 0.0000000 0 -0.0002718
-999.0000000 1090.0000000 -0.0000060  0.0000000 0.0000000 0 -0.0002780
-999.0000000 1065.0000000 -0.0000060  0.0000000 0.0000000 0 -0.0002845
-999.0000000 1040.0000000 -0.0000060  0.0000000 0.0000000 0 -0.0002914
-999.0000000 1015.0000000 -0.0000060  0.0000000 0.0000000 0 -0.0002985
-999.0000000  990.0000000 -0.0000060  0.0000000 0.0000000 0 -0.0003061
-999.0000000  965.0000000  0.0000007 -0.0000000 0.0000000 0 -0.0013634
-999.0000000  940.0000000  0.0000027 -0.0000000 0.0000000 0 -0.0025595
-999.0000000  915.0000000 -0.0000022  0.0000000 0.0000000 0 -0.0030664
-999.0000000  890.0000000 -0.0000117  0.0000000 0.0000000 0 -0.0029460
-999.0000000  865.0000000 -0.0000172  0.0000000 0.0000000 0 -0.0025800
-999.0000000  840.0000000 -0.0000197  0.0000001 0.0000000 0 -0.0022492
-999.0000000  815.0000000 -0.0000237  0.0000001 0.0000000 0 -0.0019633
-999.0000000  790.0000000 -0.0000308  0.0000001 0.0000000 0 -0.0016252
-999.0000000  765.0000000 -0.0000352  0.0000001 0.0000000 0 -0.0011301
-999.0000000  740.0000000 -0.0000325  0.0000000 0.0000000 0 -0.0004353
-999.0000000  715.0000000 -0.0000243  0.0000000 0.0000000 0  0.0003863
-999.0000000  690.0000000 -0.0000151  0.0000000 0.0000000 0  0.0011694
-999.0000000  665.0000000 -0.0000063  0.0000000 0.0000000 0  0.0016819
-999.0000000  640.0000000 -0.0000017  0.0000000 0.0000000 0  0.0017963
-999.0000000  615.0000000 -0.0000008  0.0000000 0.0000000 0  0.0015753
-999.0000000  590.0000000  0.0000003  0.0000000 0.0000000 0  0.0011355
-999.0000000  565.0000000  0.0000027  0.0000000 0.0000000 0  0.0006007
-999.0000000  540.0000000  0.0000054  0.0000000 0.0000000 0  0.0000139
-999.0000000  515.0000000  0.0000077  0.0000000 0.0000000 0 -0.0007273
-999.0000000  490.0000000  0.0000078  0.0000000 0.0000000 0 -0.0017518
-999.0000000  465.0000000  0.0000055  0.0000000 0.0000000 0 -0.0031767
-999.0000000  440.0000000  0.0000025  0.0000000 0.0000000 0 -0.0051456
-999.0000000  415.0000000 -0.0000015  0.0000000 0.0000000 0 -0.0077881
-999.0000000  390.0000000 -0.0000047  0.0000000 0.0000000 0 -0.0111285
-999.0000000  365.0000000 -0.0000053  0.0000000 0.0000000 0 -0.0149548
-999.0000000  340.0000000 -0.0000026  0.0000000 0.0000000 0 -0.0186637
-999.0000000  315.0000000  0.0000026  0.0000000 0.0000000 0 -0.0213199
-999.0000000  290.0000000  0.0000074 -0.0000000 0.0000000 0 -0.0222061
-999.0000000  265.0000000  0.0000103 -0.0000000 0.0000000 0 -0.0211459
-999.0000000  240.0000000  0.0000108 -0.0000000 0.0000000 0 -0.0183340
-999.0000000  215.0000000  0.0000061 -0.0000000 0.0000000 0 -0.0144591
-999.0000000  190.0000000 -0.0000017 -0.0000000 0.0000000 0 -0.0108775
-999.0000000  165.0000000  0.0000022 -0.0000000 0.0000000 0 -0.0083283
-999.0000000  140.0000000  0.0000116  0.0000000 0.0000000 0 -0.0049677
-999.0000000  115.0000000  0.0000136  0.0000000 0.0000000 0 -0.0014730
-999.0000000   90.0000000  0.0000152  0.0000000 0.0000000 0 -0.0000008
-999.0000000   65.0000000  0.0000073 -0.0000000 0.0000000 0 -0.0000000
-999.0000000   40.0000000  0.0000047 -0.0000000 0.0000000 0 -0.0000000
-999.0000000   15.0000000 -0.0000003 -0.0000000 0.0000000 0 -0.0000000
 267.250  45   1004.58  day,levels,pres0
-999.0000000 1115.0000000 -0.0000138 -0.0000000 0.0000000 0 -0.0006059
-999.0000000 1090.0000000 -0.0000138 -0.0000000 0.0000000 0 -0.0006198
-999.0000000 1065.0000000 -0.0000138 -0.0000000 0.0000000 0 -0.0006344
-999.0000000 1040.0000000 -0.0000138 -0.0000000 0.0000000 0 -0.0006496
-999.0000000 1015.0000000 -0.0000138 -0.0000000 0.0000000 0 -0.0006656
-999.0000000  990.0000000 -0.0000138 -0.0000000 0.0000000 0 -0.0006825
-999.0000000  965.0000000 -0.0000054 -0.0000000 0.0000000 0 -0.0024699
-999.0000000  940.0000000 -0.0000024  0.0000000 0.0000000 0 -0.0043616
-999.0000000  915.0000000 -0.0000053  0.0000000 0.0000000 0 -0.0052409
-999.0000000  890.0000000 -0.0000140  0.0000000 0.0000000 0 -0.0050446
-999.0000000  865.0000000 -0.0000225  0.0000000 0.0000000 0 -0.0042475
-999.0000000  840.0000000 -0.0000265  0.0000001 0.0000000 0 -0.0033583
-999.0000000  815.0000000 -0.0000294  0.0000001 0.0000000 0 -0.0026757
-999.0000000  790.0000000 -0.0000348  0.0000001 0.0000000 0 -0.0022774
-999.0000000  765.0000000 -0.0000401  0.0000001 0.0000000 0 -0.0020314
-999.0000000  740.0000000 -0.0000405  0.0000001 0.0000000 0 -0.0017848
-999.0000000  715.0000000 -0.0000359  0.0000000 0.0000000 0 -0.0015538
-999.0000000  690.0000000 -0.0000280 -0.0000000 0.0000000 0 -0.0015189
-999.0000000  665.0000000 -0.0000174  0.0000000 0.0000000 0 -0.0019501
-999.0000000  640.0000000 -0.0000098  0.0000000 0.0000000 0 -0.0029190
-999.0000000  615.0000000 -0.0000057  0.0000000 0.0000000 0 -0.0041655
-999.0000000  590.0000000 -0.0000023  0.0000000 0.0000000 0 -0.0053063
-999.0000000  565.0000000  0.0000025  0.0000000 0.0000000 0 -0.0058971
-999.0000000  540.0000000  0.0000073  0.0000000 0.0000000 0 -0.0056344
-999.0000000  515.0000000  0.0000102  0.0000000 0.0000000 0 -0.0044950
-999.0000000  490.0000000  0.0000083  0.0000000 0.0000000 0 -0.0026924
-999.0000000  465.0000000  0.0000021  0.0000000 0.0000000 0 -0.0007071
-999.0000000  440.0000000 -0.0000031  0.0000000 0.0000000 0  0.0008531
-999.0000000  415.0000000 -0.0000067  0.0000000 0.0000000 0  0.0013407
-999.0000000  390.0000000 -0.0000080  0.0000000 0.0000000 0  0.0001667
-999.0000000  365.0000000 -0.0000056  0.0000000 0.0000000 0 -0.0029273
-999.0000000  340.0000000  0.0000010  0.0000000 0.0000000 0 -0.0072474
-999.0000000  315.0000000  0.0000094 -0.0000000 0.0000000 0 -0.0110335
-999.0000000  290.0000000  0.0000140 -0.0000000 0.0000000 0 -0.0127103
-999.0000000  265.0000000  0.0000141 -0.0000000 0.0000000 0 -0.0117805
-999.0000000  240.0000000  0.0000123 -0.0000000 0.0000000 0 -0.0089778
-999.0000000  215.0000000  0.0000055 -0.0000000 0.0000000 0 -0.0061359
-999.0000000  190.0000000 -0.0000056 -0.0000000 0.0000000 0 -0.0046028
-999.0000000  165.0000000 -0.0000012 -0.0000000 0.0000000 0 -0.0035200
-999.0000000  140.0000000  0.0000123  0.0000000 0.0000000 0 -0.0015485
-999.0000000  115.0000000  0.0000158  0.0000000 0.0000000 0  0.0000387
-999.0000000   90.0000000  0.0000151 -0.0000000 0.0000000 0  0.0000002
-999.0000000   65.0000000  0.0000024 -0.0000000 0.0000000 0 -0.0000000
-999.0000000   40.0000000  0.0000006 -0.0000000 0.0000000 0 -0.0000000
-999.0000000   15.0000000  0.0000039 -0.0000000 0.0000000 0 -0.0000000
 267.375  45   1004.62  day,levels,pres0
-999.0000000 1115.0000000 -0.0000063 -0.0000000 0.0000000 0  0.0000121
-999.0000000 1090.0000000 -0.0000063 -0.0000000 0.0000000 0  0.0000124
-999.0000000 1065.0000000 -0.0000063 -0.0000000 0.0000000 0  0.0000127
-999.0000000 1040.0000000 -0.0000063 -0.0000000 0.0000000 0  0.0000130
-999.0000000 1015.0000000 -0.0000063 -0.0000000 0.0000000 0  0.0000133
-999.0000000  990.0000000 -0.0000063 -0.0000000 0.0000000 0  0.0000136
-999.0000000  965.0000000 -0.0000045  0.0000000 0.0000000 0 -0.0004887
-999.0000000  940.0000000 -0.0000082  0.0000000 0.0000000 0 -0.0010698
-999.0000000  915.0000000 -0.0000123  0.0000000 0.0000000 0 -0.0006702
-999.0000000  890.0000000 -0.0000188  0.0000000 0.0000000 0  0.0008473
-999.0000000  865.0000000 -0.0000253  0.0000000 0.0000000 0  0.0031121
-999.0000000  840.0000000 -0.0000296  0.0000000 0.0000000 0  0.0056212
-999.0000000  815.0000000 -0.0000324  0.0000000 0.0000000 0  0.0079268
-999.0000000  790.0000000 -0.0000353  0.0000000 0.0000000 0  0.0096682
-999.0000000  765.0000000 -0.0000361  0.0000000 0.0000000 0  0.0106430
-999.0000000  740.0000000 -0.0000337  0.0000000 0.0000000 0  0.0108027
-999.0000000  715.0000000 -0.0000296 -0.0000000 0.0000000 0  0.0101615
-999.0000000  690.0000000 -0.0000235 -0.0000000 0.0000000 0  0.0088048
-999.0000000  665.0000000 -0.0000152 -0.0000000 0.0000000 0  0.0069087
-999.0000000  640.0000000 -0.0000082 -0.0000000 0.0000000 0  0.0046763
-999.0000000  615.0000000 -0.0000033  0.0000000 0.0000000 0  0.0023644
-999.0000000  590.0000000  0.0000007  0.0000000 0.0000000 0  0.0002458
-999.0000000  565.0000000  0.0000051  0.0000000 0.0000000 0 -0.0014383
-999.0000000  540.0000000  0.0000094  0.0000000 0.0000000 0 -0.0026284
-999.0000000  515.0000000  0.0000128  0.0000000 0.0000000 0 -0.0035803
-999.0000000  490.0000000  0.0000131  0.0000000 0.0000000 0 -0.0046151
-999.0000000  465.0000000  0.0000098  0.0000000 0.0000000 0 -0.0059923
-999.0000000  440.0000000  0.0000058  0.0000000 0.0000000 0 -0.0077301
-999.0000000  415.0000000  0.0000016  0.0000000 0.0000000 0 -0.0095371
-999.0000000  390.0000000 -0.0000010  0.0000000 0.0000000 0 -0.0113294
-999.0000000  365.0000000 -0.0000015  0.0000000 0.0000000 0 -0.0133181
-999.0000000  340.0000000  0.0000001  0.0000000 0.0000000 0 -0.0153753
-999.0000000  315.0000000  0.0000032  0.0000000 0.0000000 0 -0.0168110
-999.0000000  290.0000000  0.0000060  0.0000000 0.0000000 0 -0.0168731
-999.0000000  265.0000000  0.0000076 -0.0000000 0.0000000 0 -0.0152637
-999.0000000  240.0000000  0.0000077 -0.0000000 0.0000000 0 -0.0128003
-999.0000000  215.0000000  0.0000032 -0.0000000 0.0000000 0 -0.0115245
-999.0000000  190.0000000 -0.0000047 -0.0000000 0.0000000 0 -0.0122225
-999.0000000  165.0000000 -0.0000018 -0.0000000 0.0000000 0 -0.0121074
-999.0000000  140.0000000  0.0000079  0.0000000 0.0000000 0 -0.0072928
-999.0000000  115.0000000  0.0000115  0.0000000 0.0000000 0 -0.0015461
-999.0000000   90.0000000  0.0000096  0.0000000 0.0000000 0 -0.0000024
-999.0000000   65.0000000 -0.0000024 -0.0000000 0.0000000 0 -0.0000000
-999.0000000   40.0000000 -0.0000035 -0.0000000 0.0000000 0 -0.0000000
-999.0000000   15.0000000  0.0000081 -0.0000000 0.0000000 0 -0.0000000
 267.500  45   1006.72  day,levels,pres0
-999.0000000 1115.0000000  0.0000109 -0.0000000 0.0000000 0  0.0002256
-999.0000000 1090.0000000  0.0000109 -0.0000000 0.0000000 0  0.0002307
-999.0000000 1065.0000000  0.0000109 -0.0000000 0.0000000 0  0.0002361
-999.0000000 1040.0000000  0.0000109 -0.0000000 0.0000000 0  0.0002418
-999.0000000 1015.0000000  0.0000109 -0.0000000 0.0000000 0  0.0002478
-999.0000000  990.0000000  0.0000109 -0.0000000 0.0000000 0  0.0002540
-999.0000000  965.0000000  0.0000033  0.0000000 0.0000000 0  0.0001058
-999.0000000  940.0000000 -0.0000047  0.0000000 0.0000000 0 -0.0001802
-999.0000000  915.0000000 -0.0000078  0.0000000 0.0000000 0  0.0003721
-999.0000000  890.0000000 -0.0000116 -0.0000000 0.0000000 0  0.0020362
-999.0000000  865.0000000 -0.0000167 -0.0000000 0.0000000 0  0.0046041
-999.0000000  840.0000000 -0.0000226 -0.0000000 0.0000000 0  0.0076330
-999.0000000  815.0000000 -0.0000272 -0.0000000 0.0000000 0  0.0105816
-999.0000000  790.0000000 -0.0000294 -0.0000000 0.0000000 0  0.0128590
-999.0000000  765.0000000 -0.0000281 -0.0000000 0.0000000 0  0.0139714
-999.0000000  740.0000000 -0.0000250 -0.0000000 0.0000000 0  0.0137033
-999.0000000  715.0000000 -0.0000224 -0.0000000 0.0000000 0  0.0121222
-999.0000000  690.0000000 -0.0000184 -0.0000000 0.0000000 0  0.0095557
-999.0000000  665.0000000 -0.0000120 -0.0000000 0.0000000 0  0.0065641
-999.0000000  640.0000000 -0.0000049 -0.0000000 0.0000000 0  0.0035770
-999.0000000  615.0000000  0.0000016 -0.0000000 0.0000000 0  0.0008038
-999.0000000  590.0000000  0.0000065  0.0000000 0.0000000 0 -0.0016006
-999.0000000  565.0000000  0.0000110  0.0000000 0.0000000 0 -0.0035479
-999.0000000  540.0000000  0.0000152  0.0000000 0.0000000 0 -0.0051759
-999.0000000  515.0000000  0.0000193  0.0000000 0.0000000 0 -0.0069586
-999.0000000  490.0000000  0.0000223  0.0000000 0.0000000 0 -0.0093231
-999.0000000  465.0000000  0.0000233  0.0000000 0.0000000 0 -0.0123948
-999.0000000  440.0000000  0.0000215  0.0000000 0.0000000 0 -0.0157083
-999.0000000  415.0000000  0.0000172  0.0000000 0.0000000 0 -0.0181659
-999.0000000  390.0000000  0.0000125  0.0000000 0.0000000 0 -0.0190809
-999.0000000  365.0000000  0.0000078  0.0000000 0.0000000 0 -0.0186183
-999.0000000  340.0000000  0.0000027  0.0000000 0.0000000 0 -0.0172169
-999.0000000  315.0000000 -0.0000013  0.0000000 0.0000000 0 -0.0152405
-999.0000000  290.0000000 -0.0000016  0.0000000 0.0000000 0 -0.0127716
-999.0000000  265.0000000  0.0000011  0.0000000 0.0000000 0 -0.0097672
-999.0000000  240.0000000  0.0000028 -0.0000000 0.0000000 0 -0.0072028
-999.0000000  215.0000000  0.0000002 -0.0000000 0.0000000 0 -0.0074090
-999.0000000  190.0000000 -0.0000037 -0.0000000 0.0000000 0 -0.0107314
-999.0000000  165.0000000 -0.0000006 -0.0000000 0.0000000 0 -0.0128691
-999.0000000  140.0000000  0.0000041  0.0000000 0.0000000 0 -0.0084643
-999.0000000  115.0000000  0.0000066  0.0000000 0.0000000 0 -0.0019750
-999.0000000   90.0000000  0.0000069  0.0000000 0.0000000 0 -0.0000016
-999.0000000   65.0000000  0.0000005 -0.0000000 0.0000000 0 -0.0000000
-999.0000000   40.0000000  0.0000017 -0.0000000 0.0000000 0 -0.0000000
-999.0000000   15.0000000  0.0000074 -0.0000000 0.0000000 0 -0.0000000
 267.625  45   1006.75  day,levels,pres0
-999.0000000 1115.0000000  0.0000331 -0.0000000 0.0000000 0 -0.0008619
-999.0000000 1090.0000000  0.0000331 -0.0000000 0.0000000 0 -0.0008817
-999.0000000 1065.0000000  0.0000331 -0.0000000 0.0000000 0 -0.0009024
-999.0000000 1040.0000000  0.0000331 -0.0000000 0.0000000 0 -0.0009241
-999.0000000 1015.0000000  0.0000331 -0.0000000 0.0000000 0 -0.0009468
-999.0000000  990.0000000  0.0000331 -0.0000000 0.0000000 0 -0.0009707
-999.0000000  965.0000000  0.0000322 -0.0000000 0.0000000 0 -0.0030155
-999.0000000  940.0000000  0.0000256 -0.0000000 0.0000000 0 -0.0055333
-999.0000000  915.0000000  0.0000134 -0.0000000 0.0000000 0 -0.0078315
-999.0000000  890.0000000 -0.0000010 -0.0000000 0.0000000 0 -0.0095243
-999.0000000  865.0000000 -0.0000069 -0.0000000 0.0000000 0 -0.0107119
-999.0000000  840.0000000 -0.0000100 -0.0000000 0.0000000 0 -0.0117849
-999.0000000  815.0000000 -0.0000191 -0.0000000 0.0000000 0 -0.0129715
-999.0000000  790.0000000 -0.0000263 -0.0000000 0.0000000 0 -0.0141745
-999.0000000  765.0000000 -0.0000249 -0.0000000 0.0000000 0 -0.0151424
-999.0000000  740.0000000 -0.0000186 -0.0000000 0.0000000 0 -0.0156954
-999.0000000  715.0000000 -0.0000135 -0.0000000 0.0000000 0 -0.0157801
-999.0000000  690.0000000 -0.0000110 -0.0000000 0.0000000 0 -0.0153517
-999.0000000  665.0000000 -0.0000096 -0.0000000 0.0000000 0 -0.0143013
-999.0000000  640.0000000 -0.0000073 -0.0000000 0.0000000 0 -0.0126466
-999.0000000  615.0000000 -0.0000035 -0.0000000 0.0000000 0 -0.0106419
-999.0000000  590.0000000  0.0000015 -0.0000000 0.0000000 0 -0.0085632
-999.0000000  565.0000000  0.0000074 -0.0000000 0.0000000 0 -0.0066368
-999.0000000  540.0000000  0.0000132 -0.0000000 0.0000000 0 -0.0051224
-999.0000000  515.0000000  0.0000178 -0.0000000 0.0000000 0 -0.0042479
-999.0000000  490.0000000  0.0000194  0.0000000 0.0000000 0 -0.0039833
-999.0000000  465.0000000  0.0000174  0.0000000 0.0000000 0 -0.0038864
-999.0000000  440.0000000  0.0000133  0.0000000 0.0000000 0 -0.0032359
-999.0000000  415.0000000  0.0000075  0.0000000 0.0000000 0 -0.0012376
-999.0000000  390.0000000  0.0000013  0.0000000 0.0000000 0  0.0023228
-999.0000000  365.0000000 -0.0000050  0.0000000 0.0000000 0  0.0067945
-999.0000000  340.0000000 -0.0000108  0.0000000 0.0000000 0  0.0115072
-999.0000000  315.0000000 -0.0000149  0.0000000 0.0000000 0  0.0161646
-999.0000000  290.0000000 -0.0000162  0.0000000 0.0000000 0  0.0205078
-999.0000000  265.0000000 -0.0000146  0.0000000 0.0000000 0  0.0240250
-999.0000000  240.0000000 -0.0000118  0.0000000 0.0000000 0  0.0253482
-999.0000000  215.0000000 -0.0000079  0.0000000 0.0000000 0  0.0225250
-999.0000000  190.0000000 -0.0000020 -0.0000000 0.0000000 0  0.0159048
-999.0000000  165.0000000  0.0000021 -0.0000000 0.0000000 0  0.0091891
-999.0000000  140.0000000  0.0000012  0.0000000 0.0000000 0  0.0036489
-999.0000000  115.0000000  0.0000070 -0.0000000 0.0000000 0  0.0002045
-999.0000000   90.0000000  0.0000116 -0.0000000 0.0000000 0 -0.0000004
-999.0000000   65.0000000  0.0000035 -0.0000000 0.0000000 0 -0.0000000
-999.0000000   40.0000000  0.0000070 -0.0000000 0.0000000 0 -0.0000000
-999.0000000   15.0000000  0.0000069 -0.0000000 0.0000000 0 -0.0000000
 267.750  45   1002.69  day,levels,pres0
-999.0000000 1115.0000000  0.0000486 -0.0000000 0.0000000 0 -0.0002190
-999.0000000 1090.0000000  0.0000486 -0.0000000 0.0000000 0 -0.0002240
-999.0000000 1065.0000000  0.0000486 -0.0000000 0.0000000 0 -0.0002293
-999.0000000 1040.0000000  0.0000486 -0.0000000 0.0000000 0 -0.0002348
-999.0000000 1015.0000000  0.0000486 -0.0000000 0.0000000 0 -0.0002406
-999.0000000  990.0000000  0.0000486 -0.0000000 0.0000000 0 -0.0002467
-999.0000000  965.0000000  0.0000542 -0.0000000 0.0000000 0 -0.0011975
-999.0000000  940.0000000  0.0000430 -0.0000000 0.0000000 0 -0.0027798
-999.0000000  915.0000000  0.0000191 -0.0000000 0.0000000 0 -0.0044615
-999.0000000  890.0000000 -0.0000052 -0.0000000 0.0000000 0 -0.0058666
-999.0000000  865.0000000 -0.0000107 -0.0000000 0.0000000 0 -0.0070835
-999.0000000  840.0000000 -0.0000102 -0.0000000 0.0000000 0 -0.0085284
-999.0000000  815.0000000 -0.0000219 -0.0000000 0.0000000 0 -0.0102039
-999.0000000  790.0000000 -0.0000318 -0.0000000 0.0000000 0 -0.0114677
-999.0000000  765.0000000 -0.0000311 -0.0000000 0.0000000 0 -0.0115295
-999.0000000  740.0000000 -0.0000231 -0.0000000 0.0000000 0 -0.0100452
-999.0000000  715.0000000 -0.0000154 -0.0000000 0.0000000 0 -0.0071580
-999.0000000  690.0000000 -0.0000124 -0.0000000 0.0000000 0 -0.0030749
-999.0000000  665.0000000 -0.0000134 -0.0000000 0.0000000 0  0.0020497
-999.0000000  640.0000000 -0.0000144 -0.0000000 0.0000000 0  0.0079589
-999.0000000  615.0000000 -0.0000142 -0.0000000 0.0000000 0  0.0142185
-999.0000000  590.0000000 -0.0000112 -0.0000000 0.0000000 0  0.0202549
-999.0000000  565.0000000 -0.0000058 -0.0000000 0.0000000 0  0.0254117
-999.0000000  540.0000000  0.0000009 -0.0000000 0.0000000 0  0.0291689
-999.0000000  515.0000000  0.0000071 -0.0000000 0.0000000 0  0.0314001
-999.0000000  490.0000000  0.0000085 -0.0000000 0.0000000 0  0.0325137
-999.0000000  465.0000000  0.0000043 -0.0000000 0.0000000 0  0.0335273
-999.0000000  440.0000000 -0.0000020 -0.0000000 0.0000000 0  0.0355074
-999.0000000  415.0000000 -0.0000089 -0.0000000 0.0000000 0  0.0391258
-999.0000000  390.0000000 -0.0000153 -0.0000000 0.0000000 0  0.0442561
-999.0000000  365.0000000 -0.0000207 -0.0000000 0.0000000 0  0.0498194
-999.0000000  340.0000000 -0.0000248 -0.0000000 0.0000000 0  0.0549031
-999.0000000  315.0000000 -0.0000273 -0.0000000 0.0000000 0  0.0592279
-999.0000000  290.0000000 -0.0000275  0.0000000 0.0000000 0  0.0623713
-999.0000000  265.0000000 -0.0000245  0.0000000 0.0000000 0  0.0632972
-999.0000000  240.0000000 -0.0000181  0.0000000 0.0000000 0  0.0602776
-999.0000000  215.0000000 -0.0000071  0.0000000 0.0000000 0  0.0518264
-999.0000000  190.0000000  0.0000047  0.0000000 0.0000000 0  0.0391768
-999.0000000  165.0000000  0.0000023 -0.0000000 0.0000000 0  0.0260863
-999.0000000  140.0000000 -0.0000043  0.0000000 0.0000000 0  0.0115232
-999.0000000  115.0000000  0.0000049 -0.0000000 0.0000000 0  0.0008947
-999.0000000   90.0000000  0.0000114 -0.0000000 0.0000000 0  0.0000050
-999.0000000   65.0000000 -0.0000019 -0.0000000 0.0000000 0 -0.0000000
-999.0000000   40.0000000  0.0000003 -0.0000000 0.0000000 0 -0.0000000
-999.0000000   15.0000000 -0.0000025 -0.0000000 0.0000000 0 -0.0000000
 267.875  45   1001.92  day,levels,pres0
-999.0000000 1115.0000000  0.0000067 -0.0000000 0.0000000 0  0.0006118
-999.0000000 1090.0000000  0.0000067 -0.0000000 0.0000000 0  0.0006258
-999.0000000 1065.0000000  0.0000067 -0.0000000 0.0000000 0  0.0006405
-999.0000000 1040.0000000  0.0000067 -0.0000000 0.0000000 0  0.0006559
-999.0000000 1015.0000000  0.0000067 -0.0000000 0.0000000 0  0.0006721
-999.0000000  990.0000000  0.0000067 -0.0000000 0.0000000 0  0.0006891
-999.0000000  965.0000000  0.0000221 -0.0000000 0.0000000 0  0.0018087
-999.0000000  940.0000000  0.0000246 -0.0000000 0.0000000 0  0.0022240
-999.0000000  915.0000000  0.0000133 -0.0000000 0.0000000 0  0.0020887
-999.0000000  890.0000000 -0.0000031 -0.0000000 0.0000000 0  0.0016902
-999.0000000  865.0000000 -0.0000110 -0.0000000 0.0000000 0  0.0011341
-999.0000000  840.0000000 -0.0000157 -0.0000000 0.0000000 0  0.0002409
-999.0000000  815.0000000 -0.0000302  0.0000000 0.0000000 0 -0.0009414
-999.0000000  790.0000000 -0.0000440  0.0000000 0.0000000 0 -0.0016991
-999.0000000  765.0000000 -0.0000469 -0.0000000 0.0000000 0 -0.0012004
-999.0000000  740.0000000 -0.0000398 -0.0000000 0.0000000 0  0.0006783
-999.0000000  715.0000000 -0.0000290 -0.0000000 0.0000000 0  0.0034165
-999.0000000  690.0000000 -0.0000211 -0.0000000 0.0000000 0  0.0065820
-999.0000000  665.0000000 -0.0000164 -0.0000000 0.0000000 0  0.0100144
-999.0000000  640.0000000 -0.0000145 -0.0000000 0.0000000 0  0.0135743
-999.0000000  615.0000000 -0.0000142 -0.0000000 0.0000000 0  0.0170924
-999.0000000  590.0000000 -0.0000120 -0.0000000 0.0000000 0  0.0203383
-999.0000000  565.0000000 -0.0000079 -0.0000000 0.0000000 0  0.0229970
-999.0000000  540.0000000 -0.0000029 -0.0000000 0.0000000 0  0.0247691
-999.0000000  515.0000000  0.0000006 -0.0000000 0.0000000 0  0.0255043
-999.0000000  490.0000000 -0.0000011  0.0000000 0.0000000 0  0.0253974
-999.0000000  465.0000000 -0.0000084  0.0000000 0.0000000 0  0.0250898
-999.0000000  440.0000000 -0.0000156  0.0000000 0.0000000 0  0.0252839
-999.0000000  415.0000000 -0.0000204 -0.0000000 0.0000000 0  0.0264384
-999.0000000  390.0000000 -0.0000249 -0.0000000 0.0000000 0  0.0284256
-999.0000000  365.0000000 -0.0000292 -0.0000000 0.0000000 0  0.0304454
-999.0000000  340.0000000 -0.0000306 -0.0000000 0.0000000 0  0.0318878
-999.0000000  315.0000000 -0.0000276 -0.0000000 0.0000000 0  0.0326814
-999.0000000  290.0000000 -0.0000217 -0.0000000 0.0000000 0  0.0326492
-999.0000000  265.0000000 -0.0000145 -0.0000000 0.0000000 0  0.0310730
-999.0000000  240.0000000 -0.0000068  0.0000000 0.0000000 0  0.0267453
-999.0000000  215.0000000  0.0000019  0.0000000 0.0000000 0  0.0190089
-999.0000000  190.0000000  0.0000083  0.0000000 0.0000000 0  0.0099278
-999.0000000  165.0000000  0.0000013 -0.0000000 0.0000000 0  0.0038704
-999.0000000  140.0000000 -0.0000031  0.0000000 0.0000000 0  0.0002422
-999.0000000  115.0000000  0.0000027 -0.0000000 0.0000000 0 -0.0013049
-999.0000000   90.0000000  0.0000052 -0.0000000 0.0000000 0  0.0000006
-999.0000000   65.0000000 -0.0000074 -0.0000000 0.0000000 0 -0.0000000
-999.0000000   40.0000000 -0.0000065 -0.0000000 0.0000000 0 -0.0000000
-999.0000000   15.0000000 -0.0000120 -0.0000000 0.0000000 0 -0.0000000
 268.000  45   1004.40  day,levels,pres0
-999.0000000 1115.0000000 -0.0000094 -0.0000000 0.0000000 0  0.0011914
-999.0000000 1090.0000000 -0.0000094 -0.0000000 0.0000000 0  0.0012188
-999.0000000 1065.0000000 -0.0000094 -0.0000000 0.0000000 0  0.0012474
-999.0000000 1040.0000000 -0.0000094 -0.0000000 0.0000000 0  0.0012774
-999.0000000 1015.0000000 -0.0000094 -0.0000000 0.0000000 0  0.0013088
-999.0000000  990.0000000 -0.0000094 -0.0000000 0.0000000 0  0.0013419
-999.0000000  965.0000000  0.0000087 -0.0000000 0.0000000 0  0.0033551
-999.0000000  940.0000000  0.0000227 -0.0000000 0.0000000 0  0.0044536
-999.0000000  915.0000000  0.0000234 -0.0000000 0.0000000 0  0.0044839
-999.0000000  890.0000000  0.0000148 -0.0000000 0.0000000 0  0.0037496
-999.0000000  865.0000000  0.0000049 -0.0000000 0.0000000 0  0.0025613
-999.0000000  840.0000000 -0.0000047  0.0000000 0.0000000 0  0.0009226
-999.0000000  815.0000000 -0.0000214  0.0000000 0.0000000 0 -0.0011021
-999.0000000  790.0000000 -0.0000385  0.0000000 0.0000000 0 -0.0027623
-999.0000000  765.0000000 -0.0000453 -0.0000000 0.0000000 0 -0.0031695
-999.0000000  740.0000000 -0.0000398 -0.0000000 0.0000000 0 -0.0023532
-999.0000000  715.0000000 -0.0000264 -0.0000000 0.0000000 0 -0.0011431
-999.0000000  690.0000000 -0.0000139 -0.0000001 0.0000000 0 -0.0001754
-999.0000000  665.0000000 -0.0000043 -0.0000000 0.0000000 0  0.0003735
-999.0000000  640.0000000 -0.0000003 -0.0000000 0.0000000 0  0.0004694
-999.0000000  615.0000000 -0.0000005 -0.0000000 0.0000000 0  0.0002118
-999.0000000  590.0000000  0.0000006 -0.0000000 0.0000000 0 -0.0002928
-999.0000000  565.0000000  0.0000035 -0.0000000 0.0000000 0 -0.0010100
-999.0000000  540.0000000  0.0000070 -0.0000000 0.0000000 0 -0.0019750
-999.0000000  515.0000000  0.0000082 -0.0000000 0.0000000 0 -0.0033045
-999.0000000  490.0000000  0.0000035  0.0000000 0.0000000 0 -0.0049755
-999.0000000  465.0000000 -0.0000069  0.0000000 0.0000000 0 -0.0067399
-999.0000000  440.0000000 -0.0000150  0.0000000 0.0000000 0 -0.0083192
-999.0000000  415.0000000 -0.0000173  0.0000000 0.0000000 0 -0.0095428
-999.0000000  390.0000000 -0.0000191 -0.0000000 0.0000000 0 -0.0105978
-999.0000000  365.0000000 -0.0000219 -0.0000000 0.0000000 0 -0.0120376
-999.0000000  340.0000000 -0.0000201 -0.0000000 0.0000000 0 -0.0141847
-999.0000000  315.0000000 -0.0000111 -0.0000000 0.0000000 0 -0.0168626
-999.0000000  290.0000000 -0.0000004 -0.0000000 0.0000000 0 -0.0199036
-999.0000000  265.0000000  0.0000069 -0.0000000 0.0000000 0 -0.0235420
-999.0000000  240.0000000  0.0000108 -0.0000000 0.0000000 0 -0.0282385
-999.0000000  215.0000000  0.0000145  0.0000000 0.0000000 0 -0.0335004
-999.0000000  190.0000000  0.0000158  0.0000000 0.0000000 0 -0.0359762
-999.0000000  165.0000000  0.0000070 -0.0000000 0.0000000 0 -0.0302806
-999.0000000  140.0000000  0.0000055 -0.0000000 0.0000000 0 -0.0165368
-999.0000000  115.0000000  0.0000121 -0.0000000 0.0000000 0 -0.0043712
-999.0000000   90.0000000  0.0000139 -0.0000000 0.0000000 0  0.0000007
-999.0000000   65.0000000  0.0000006 -0.0000000 0.0000000 0 -0.0000000
-999.0000000   40.0000000 -0.0000032 -0.0000000 0.0000000 0 -0.0000000
-999.0000000   15.0000000 -0.0000133 -0.0000000 0.0000000 0 -0.0000000
 268.125  45   1005.75  day,levels,pres0
-999.0000000 1115.0000000 -0.0000038  0.0000000 0.0000000 0  0.0002350
-999.0000000 1090.0000000 -0.0000038  0.0000000 0.0000000 0  0.0002404
-999.0000000 1065.0000000 -0.0000038  0.0000000 0.0000000 0  0.0002460
-999.0000000 1040.0000000 -0.0000038  0.0000000 0.0000000 0  0.0002519
-999.0000000 1015.0000000 -0.0000038  0.0000000 0.0000000 0  0.0002581
-999.0000000  990.0000000 -0.0000038  0.0000000 0.0000000 0  0.0002647
-999.0000000  965.0000000  0.0000079 -0.0000000 0.0000000 0  0.0004918
-999.0000000  940.0000000  0.0000230 -0.0000000 0.0000000 0  0.0003424
-999.0000000  915.0000000  0.0000282 -0.0000000 0.0000000 0 -0.0001986
-999.0000000  890.0000000  0.0000232 -0.0000000 0.0000000 0 -0.0010474
-999.0000000  865.0000000  0.0000095 -0.0000000 0.0000000 0 -0.0021308
-999.0000000  840.0000000 -0.0000075  0.0000000 0.0000000 0 -0.0035340
-999.0000000  815.0000000 -0.0000286  0.0000000 0.0000000 0 -0.0052483
-999.0000000  790.0000000 -0.0000473  0.0000000 0.0000000 0 -0.0067467
-999.0000000  765.0000000 -0.0000504  0.0000000 0.0000000 0 -0.0073112
-999.0000000  740.0000000 -0.0000377 -0.0000000 0.0000000 0 -0.0068131
-999.0000000  715.0000000 -0.0000194 -0.0000000 0.0000000 0 -0.0057473
-999.0000000  690.0000000 -0.0000065 -0.0000001 0.0000000 0 -0.0046294
-999.0000000  665.0000000  0.0000003 -0.0000000 0.0000000 0 -0.0038146
-999.0000000  640.0000000  0.0000035 -0.0000000 0.0000000 0 -0.0034429
-999.0000000  615.0000000  0.0000051 -0.0000000 0.0000000 0 -0.0033552
-999.0000000  590.0000000  0.0000071 -0.0000000 0.0000000 0 -0.0033564
-999.0000000  565.0000000  0.0000085 -0.0000000 0.0000000 0 -0.0033072
-999.0000000  540.0000000  0.0000089 -0.0000000 0.0000000 0 -0.0032346
-999.0000000  515.0000000  0.0000072  0.0000000 0.0000000 0 -0.0033714
-999.0000000  490.0000000  0.0000027  0.0000000 0.0000000 0 -0.0038257
-999.0000000  465.0000000 -0.0000032  0.0000000 0.0000000 0 -0.0044326
-999.0000000  440.0000000 -0.0000053  0.0000000 0.0000000 0 -0.0048638
-999.0000000  415.0000000 -0.0000032  0.0000000 0.0000000 0 -0.0047540
-999.0000000  390.0000000 -0.0000032 -0.0000000 0.0000000 0 -0.0041489
-999.0000000  365.0000000 -0.0000067 -0.0000000 0.0000000 0 -0.0036601
-999.0000000  340.0000000 -0.0000072 -0.0000000 0.0000000 0 -0.0038884
-999.0000000  315.0000000 -0.0000013 -0.0000000 0.0000000 0 -0.0050816
-999.0000000  290.0000000  0.0000059 -0.0000000 0.0000000 0 -0.0071687
-999.0000000  265.0000000  0.0000094 -0.0000000 0.0000000 0 -0.0097788
-999.0000000  240.0000000  0.0000091 -0.0000000 0.0000000 0 -0.0123290
-999.0000000  215.0000000  0.0000091  0.0000000 0.0000000 0 -0.0141162
-999.0000000  190.0000000  0.0000120  0.0000000 0.0000000 0 -0.0140871
-999.0000000  165.0000000  0.0000106 -0.0000000 0.0000000 0 -0.0105880
-999.0000000  140.0000000  0.0000128  0.0000000 0.0000000 0 -0.0046728
-999.0000000  115.0000000  0.0000208 -0.0000000 0.0000000 0 -0.0006709
-999.0000000   90.0000000  0.0000245 -0.0000000 0.0000000 0  0.0000003
-999.0000000   65.0000000  0.0000086 -0.0000000 0.0000000 0 -0.0000000
-999.0000000   40.0000000  0.0000001 -0.0000000 0.0000000 0 -0.0000000
-999.0000000   15.0000000 -0.0000145 -0.0000000 0.0000000 0 -0.0000000
 268.250  45   1003.70  day,levels,pres0
-999.0000000 1115.0000000 -0.0000120  0.0000000 0.0000000 0 -0.0000524
-999.0000000 1090.0000000 -0.0000120  0.0000000 0.0000000 0 -0.0000536
-999.0000000 1065.0000000 -0.0000120  0.0000000 0.0000000 0 -0.0000549
-999.0000000 1040.0000000 -0.0000120  0.0000000 0.0000000 0 -0.0000562
-999.0000000 1015.0000000 -0.0000120  0.0000000 0.0000000 0 -0.0000576
-999.0000000  990.0000000 -0.0000120  0.0000000 0.0000000 0 -0.0000591
-999.0000000  965.0000000 -0.0000049  0.0000000 0.0000000 0 -0.0001654
-999.0000000  940.0000000  0.0000120  0.0000000 0.0000000 0 -0.0001055
-999.0000000  915.0000000  0.0000230 -0.0000000 0.0000000 0  0.0001913
-999.0000000  890.0000000  0.0000247 -0.0000000 0.0000000 0  0.0005589
-999.0000000  865.0000000  0.0000090  0.0000000 0.0000000 0  0.0008006
-999.0000000  840.0000000 -0.0000153  0.0000000 0.0000000 0  0.0006693
-999.0000000  815.0000000 -0.0000400  0.0000001 0.0000000 0 -0.0000051
-999.0000000  790.0000000 -0.0000605  0.0000001 0.0000000 0 -0.0010658
-999.0000000  765.0000000 -0.0000614  0.0000001 0.0000000 0 -0.0020786
-999.0000000  740.0000000 -0.0000436  0.0000000 0.0000000 0 -0.0027265
-999.0000000  715.0000000 -0.0000226 -0.0000000 0.0000000 0 -0.0029938
-999.0000000  690.0000000 -0.0000104 -0.0000000 0.0000000 0 -0.0031098
-999.0000000  665.0000000 -0.0000061 -0.0000000 0.0000000 0 -0.0034570
-999.0000000  640.0000000 -0.0000025 -0.0000000 0.0000000 0 -0.0042021
-999.0000000  615.0000000  0.0000019 -0.0000000 0.0000000 0 -0.0051380
-999.0000000  590.0000000  0.0000053 -0.0000000 0.0000000 0 -0.0059846
-999.0000000  565.0000000  0.0000052 -0.0000000 0.0000000 0 -0.0065030
-999.0000000  540.0000000  0.0000025  0.0000000 0.0000000 0 -0.0067206
-999.0000000  515.0000000 -0.0000014  0.0000000 0.0000000 0 -0.0070336
-999.0000000  490.0000000 -0.0000051  0.0000000 0.0000000 0 -0.0077339
-999.0000000  465.0000000 -0.0000062  0.0000000 0.0000000 0 -0.0087870
-999.0000000  440.0000000 -0.0000035  0.0000000 0.0000000 0 -0.0098302
-999.0000000  415.0000000  0.0000013 -0.0000000 0.0000000 0 -0.0102575
-999.0000000  390.0000000  0.0000026 -0.0000000 0.0000000 0 -0.0098708
-999.0000000  365.0000000 -0.0000000  0.0000000 0.0000000 0 -0.0091841
-999.0000000  340.0000000 -0.0000007  0.0000000 0.0000000 0 -0.0090159
-999.0000000  315.0000000  0.0000042  0.0000000 0.0000000 0 -0.0100684
-999.0000000  290.0000000  0.0000091 -0.0000000 0.0000000 0 -0.0123351
-999.0000000  265.0000000  0.0000085 -0.0000000 0.0000000 0 -0.0147347
-999.0000000  240.0000000  0.0000034 -0.0000000 0.0000000 0 -0.0154932
-999.0000000  215.0000000 -0.0000016  0.0000000 0.0000000 0 -0.0134954
-999.0000000  190.0000000  0.0000002  0.0000000 0.0000000 0 -0.0096427
-999.0000000  165.0000000  0.0000038  0.0000000 0.0000000 0 -0.0052767
-999.0000000  140.0000000  0.0000087  0.0000000 0.0000000 0 -0.0008570
-999.0000000  115.0000000  0.0000139 -0.0000000 0.0000000 0  0.0011102
-999.0000000   90.0000000  0.0000162 -0.0000000 0.0000000 0 -0.0000001
-999.0000000   65.0000000  0.0000001 -0.0000000 0.0000000 0 -0.0000000
-999.0000000   40.0000000 -0.0000035 -0.0000000 0.0000000 0 -0.0000000
-999.0000000   15.0000000 -0.0000061 -0.0000000 0.0000000 0 -0.0000000
 268.375  45   1004.17  day,levels,pres0
-999.0000000 1115.0000000 -0.0000145  0.0000000 0.0000000 0  0.0005992
-999.0000000 1090.0000000 -0.0000145  0.0000000 0.0000000 0  0.0006129
-999.0000000 1065.0000000 -0.0000145  0.0000000 0.0000000 0  0.0006273
-999.0000000 1040.0000000 -0.0000145  0.0000000 0.0000000 0  0.0006424
-999.0000000 1015.0000000 -0.0000145  0.0000000 0.0000000 0  0.0006582
-999.0000000  990.0000000 -0.0000145  0.0000000 0.0000000 0  0.0006748
-999.0000000  965.0000000 -0.0000214  0.0000000 0.0000000 0  0.0019505
-999.0000000  940.0000000 -0.0000147  0.0000000 0.0000000 0  0.0035208
-999.0000000  915.0000000 -0.0000098  0.0000000 0.0000000 0  0.0053427
-999.0000000  890.0000000 -0.0000082  0.0000000 0.0000000 0  0.0069951
-999.0000000  865.0000000 -0.0000131  0.0000000 0.0000000 0  0.0080546
-999.0000000  840.0000000 -0.0000208  0.0000000 0.0000000 0  0.0081619
-999.0000000  815.0000000 -0.0000339  0.0000000 0.0000000 0  0.0071982
-999.0000000  790.0000000 -0.0000536  0.0000001 0.0000000 0  0.0055930
-999.0000000  765.0000000 -0.0000592  0.0000001 0.0000000 0  0.0040920
-999.0000000  740.0000000 -0.0000424  0.0000000 0.0000000 0  0.0030224
-999.0000000  715.0000000 -0.0000196 -0.0000000 0.0000000 0  0.0021632
-999.0000000  690.0000000 -0.0000074 -0.0000000 0.0000000 0  0.0011493
-999.0000000  665.0000000 -0.0000051 -0.0000000 0.0000000 0 -0.0003704
-999.0000000  640.0000000 -0.0000040 -0.0000000 0.0000000 0 -0.0025010
-999.0000000  615.0000000 -0.0000027 -0.0000000 0.0000000 0 -0.0049647
-999.0000000  590.0000000 -0.0000029 -0.0000000 0.0000000 0 -0.0074426
-999.0000000  565.0000000 -0.0000059  0.0000000 0.0000000 0 -0.0097001
-999.0000000  540.0000000 -0.0000099  0.0000000 0.0000000 0 -0.0116709
-999.0000000  515.0000000 -0.0000134  0.0000000 0.0000000 0 -0.0135174
-999.0000000  490.0000000 -0.0000153  0.0000000 0.0000000 0 -0.0152699
-999.0000000  465.0000000 -0.0000148  0.0000000 0.0000000 0 -0.0167286
-999.0000000  440.0000000 -0.0000119  0.0000000 0.0000000 0 -0.0177068
-999.0000000  415.0000000 -0.0000078  0.0000000 0.0000000 0 -0.0181625
-999.0000000  390.0000000 -0.0000052 -0.0000000 0.0000000 0 -0.0182363
-999.0000000  365.0000000 -0.0000038  0.0000000 0.0000000 0 -0.0182335
-999.0000000  340.0000000 -0.0000016  0.0000000 0.0000000 0 -0.0185118
-999.0000000  315.0000000  0.0000021  0.0000000 0.0000000 0 -0.0193011
-999.0000000  290.0000000  0.0000047 -0.0000000 0.0000000 0 -0.0205773
-999.0000000  265.0000000  0.0000039 -0.0000000 0.0000000 0 -0.0220074
-999.0000000  240.0000000  0.0000015 -0.0000000 0.0000000 0 -0.0226863
-999.0000000  215.0000000  0.0000004 -0.0000000 0.0000000 0 -0.0212890
-999.0000000  190.0000000  0.0000019  0.0000000 0.0000000 0 -0.0174476
-999.0000000  165.0000000  0.0000013 -0.0000000 0.0000000 0 -0.0118253
-999.0000000  140.0000000  0.0000036  0.0000000 0.0000000 0 -0.0050312
-999.0000000  115.0000000  0.0000070 -0.0000000 0.0000000 0 -0.0005310
-999.0000000   90.0000000  0.0000074  0.0000000 0.0000000 0  0.0000016
-999.0000000   65.0000000 -0.0000083 -0.0000000 0.0000000 0 -0.0000000
-999.0000000   40.0000000 -0.0000071 -0.0000000 0.0000000 0 -0.0000000
-999.0000000   15.0000000  0.0000024 -0.0000000 0.0000000 0 -0.0000000
 268.500  45   1006.24  day,levels,pres0
-999.0000000 1115.0000000  0.0000035  0.0000000 0.0000000 0  0.0006503
-999.0000000 1090.0000000  0.0000035  0.0000000 0.0000000 0  0.0006652
-999.0000000 1065.0000000  0.0000035  0.0000000 0.0000000 0  0.0006808
-999.0000000 1040.0000000  0.0000035  0.0000000 0.0000000 0  0.0006972
-999.0000000 1015.0000000  0.0000035  0.0000000 0.0000000 0  0.0007144
-999.0000000  990.0000000  0.0000035  0.0000000 0.0000000 0  0.0007324
-999.0000000  965.0000000 -0.0000217  0.0000000 0.0000000 0  0.0019755
-999.0000000  940.0000000 -0.0000302  0.0000001 0.0000000 0  0.0036329
-999.0000000  915.0000000 -0.0000331  0.0000001 0.0000000 0  0.0055783
-999.0000000  890.0000000 -0.0000309  0.0000001 0.0000000 0  0.0071523
-999.0000000  865.0000000 -0.0000238  0.0000000 0.0000000 0  0.0077309
-999.0000000  840.0000000 -0.0000152  0.0000000 0.0000000 0  0.0068852
-999.0000000  815.0000000 -0.0000182  0.0000000 0.0000000 0  0.0046110
-999.0000000  790.0000000 -0.0000382  0.0000000 0.0000000 0  0.0017233
-999.0000000  765.0000000 -0.0000479  0.0000001 0.0000000 0 -0.0005435
-999.0000000  740.0000000 -0.0000319  0.0000000 0.0000000 0 -0.0017320
-999.0000000  715.0000000 -0.0000070  0.0000000 0.0000000 0 -0.0023360
-999.0000000  690.0000000  0.0000054 -0.0000000 0.0000000 0 -0.0030087
-999.0000000  665.0000000  0.0000060 -0.0000000 0.0000000 0 -0.0043322
-999.0000000  640.0000000  0.0000047 -0.0000000 0.0000000 0 -0.0065485
-999.0000000  615.0000000  0.0000023 -0.0000000 0.0000000 0 -0.0093935
-999.0000000  590.0000000 -0.0000021 -0.0000000 0.0000000 0 -0.0125495
-999.0000000  565.0000000 -0.0000085  0.0000000 0.0000000 0 -0.0157606
-999.0000000  540.0000000 -0.0000144  0.0000000 0.0000000 0 -0.0188136
-999.0000000  515.0000000 -0.0000175  0.0000000 0.0000000 0 -0.0215300
-999.0000000  490.0000000 -0.0000176  0.0000000 0.0000000 0 -0.0235660
-999.0000000  465.0000000 -0.0000151  0.0000000 0.0000000 0 -0.0244277
-999.0000000  440.0000000 -0.0000120  0.0000000 0.0000000 0 -0.0240606
-999.0000000  415.0000000 -0.0000087  0.0000000 0.0000000 0 -0.0230675
-999.0000000  390.0000000 -0.0000050  0.0000000 0.0000000 0 -0.0220480
-999.0000000  365.0000000  0.0000000  0.0000000 0.0000000 0 -0.0212567
-999.0000000  340.0000000  0.0000042  0.0000000 0.0000000 0 -0.0206438
-999.0000000  315.0000000  0.0000048 -0.0000000 0.0000000 0 -0.0199313
-999.0000000  290.0000000  0.0000041 -0.0000000 0.0000000 0 -0.0191288
-999.0000000  265.0000000  0.0000038 -0.0000000 0.0000000 0 -0.0187515
-999.0000000  240.0000000  0.0000051 -0.0000000 0.0000000 0 -0.0188703
-999.0000000  215.0000000  0.0000083 -0.0000000 0.0000000 0 -0.0180906
-999.0000000  190.0000000  0.0000096 -0.0000000 0.0000000 0 -0.0149696
-999.0000000  165.0000000  0.0000051 -0.0000000 0.0000000 0 -0.0098633
-999.0000000  140.0000000  0.0000051  0.0000000 0.0000000 0 -0.0043770
-999.0000000  115.0000000  0.0000090 -0.0000000 0.0000000 0 -0.0009648
-999.0000000   90.0000000  0.0000105  0.0000000 0.0000000 0  0.0000002
-999.0000000   65.0000000 -0.0000035 -0.0000000 0.0000000 0 -0.0000000
-999.0000000   40.0000000 -0.0000009 -0.0000000 0.0000000 0 -0.0000000
-999.0000000   15.0000000  0.0000077 -0.0000000 0.0000000 0 -0.0000000
 268.625  45   1005.87  day,levels,pres0
-999.0000000 1115.0000000  0.0000130  0.0000000 0.0000000 0 -0.0002237
-999.0000000 1090.0000000  0.0000130  0.0000000 0.0000000 0 -0.0002288
-999.0000000 1065.0000000  0.0000130  0.0000000 0.0000000 0 -0.0002342
-999.0000000 1040.0000000  0.0000130  0.0000000 0.0000000 0 -0.0002398
-999.0000000 1015.0000000  0.0000130  0.0000000 0.0000000 0 -0.0002457
-999.0000000  990.0000000  0.0000130  0.0000000 0.0000000 0 -0.0002519
-999.0000000  965.0000000  0.0000008  0.0000000 0.0000000 0 -0.0006994
-999.0000000  940.0000000 -0.0000028  0.0000000 0.0000000 0 -0.0010168
-999.0000000  915.0000000 -0.0000034  0.0000000 0.0000000 0 -0.0010434
-999.0000000  890.0000000 -0.0000034  0.0000000 0.0000000 0 -0.0010229
-999.0000000  865.0000000 -0.0000068  0.0000000 0.0000000 0 -0.0014483
-999.0000000  840.0000000 -0.0000066  0.0000000 0.0000000 0 -0.0025741
-999.0000000  815.0000000 -0.0000072  0.0000000 0.0000000 0 -0.0041782
-999.0000000  790.0000000 -0.0000137  0.0000000 0.0000000 0 -0.0056526
-999.0000000  765.0000000 -0.0000170  0.0000000 0.0000000 0 -0.0063609
-999.0000000  740.0000000 -0.0000097  0.0000000 0.0000000 0 -0.0061416
-999.0000000  715.0000000  0.0000027 -0.0000000 0.0000000 0 -0.0052900
-999.0000000  690.0000000  0.0000093 -0.0000000 0.0000000 0 -0.0043224
-999.0000000  665.0000000  0.0000086 -0.0000000 0.0000000 0 -0.0039689
-999.0000000  640.0000000  0.0000054 -0.0000000 0.0000000 0 -0.0045812
-999.0000000  615.0000000  0.0000005 -0.0000000 0.0000000 0 -0.0059524
-999.0000000  590.0000000 -0.0000043 -0.0000000 0.0000000 0 -0.0078555
-999.0000000  565.0000000 -0.0000074  0.0000000 0.0000000 0 -0.0101447
-999.0000000  540.0000000 -0.0000093  0.0000000 0.0000000 0 -0.0126048
-999.0000000  515.0000000 -0.0000109  0.0000000 0.0000000 0 -0.0148178
-999.0000000  490.0000000 -0.0000112  0.0000000 0.0000000 0 -0.0161729
-999.0000000  465.0000000 -0.0000098  0.0000000 0.0000000 0 -0.0159410
-999.0000000  440.0000000 -0.0000084  0.0000000 0.0000000 0 -0.0139183
-999.0000000  415.0000000 -0.0000078 -0.0000000 0.0000000 0 -0.0106942
-999.0000000  390.0000000 -0.0000086 -0.0000000 0.0000000 0 -0.0069655
-999.0000000  365.0000000 -0.0000101 -0.0000000 0.0000000 0 -0.0032550
-999.0000000  340.0000000 -0.0000114 -0.0000000 0.0000000 0  0.0001600
-999.0000000  315.0000000 -0.0000128 -0.0000000 0.0000000 0  0.0032591
-999.0000000  290.0000000 -0.0000128 -0.0000000 0.0000000 0  0.0060389
-999.0000000  265.0000000 -0.0000107 -0.0000000 0.0000000 0  0.0084046
-999.0000000  240.0000000 -0.0000076 -0.0000000 0.0000000 0  0.0101439
-999.0000000  215.0000000 -0.0000007 -0.0000000 0.0000000 0  0.0110405
-999.0000000  190.0000000  0.0000079  0.0000000 0.0000000 0  0.0108347
-999.0000000  165.0000000  0.0000077  0.0000000 0.0000000 0  0.0092388
-999.0000000  140.0000000  0.0000075 -0.0000000 0.0000000 0  0.0046850
-999.0000000  115.0000000  0.0000106 -0.0000000 0.0000000 0  0.0003001
-999.0000000   90.0000000  0.0000128  0.0000000 0.0000000 0 -0.0000027
-999.0000000   65.0000000  0.0000013 -0.0000000 0.0000000 0 -0.0000000
-999.0000000   40.0000000  0.0000054 -0.0000000 0.0000000 0 -0.0000000
-999.0000000   15.0000000  0.0000131 -0.0000000 0.0000000 0 -0.0000000
 268.750  45   1001.95  day,levels,pres0
-999.0000000 1115.0000000  0.0000041  0.0000000 0.0000000 0 -0.0000163
-999.0000000 1090.0000000  0.0000041  0.0000000 0.0000000 0 -0.0000167
-999.0000000 1065.0000000  0.0000041  0.0000000 0.0000000 0 -0.0000171
-999.0000000 1040.0000000  0.0000041  0.0000000 0.0000000 0 -0.0000175
-999.0000000 1015.0000000  0.0000041  0.0000000 0.0000000 0 -0.0000179
-999.0000000  990.0000000  0.0000041  0.0000000 0.0000000 0 -0.0000183
-999.0000000  965.0000000  0.0000042  0.0000000 0.0000000 0 -0.0001670
-999.0000000  940.0000000  0.0000016 -0.0000000 0.0000000 0 -0.0003937
-999.0000000  915.0000000  0.0000015 -0.0000000 0.0000000 0 -0.0002502
-999.0000000  890.0000000  0.0000005 -0.0000000 0.0000000 0  0.0003987
-999.0000000  865.0000000 -0.0000078  0.0000000 0.0000000 0  0.0011439
-999.0000000  840.0000000 -0.0000117  0.0000000 0.0000000 0  0.0018613
-999.0000000  815.0000000 -0.0000097  0.0000000 0.0000000 0  0.0029478
-999.0000000  790.0000000 -0.0000067  0.0000000 0.0000000 0  0.0046885
-999.0000000  765.0000000 -0.0000040  0.0000000 0.0000000 0  0.0069030
-999.0000000  740.0000000 -0.0000025  0.0000000 0.0000000 0  0.0092978
-999.0000000  715.0000000 -0.0000013 -0.0000000 0.0000000 0  0.0117966
-999.0000000  690.0000000 -0.0000012 -0.0000000 0.0000000 0  0.0141619
-999.0000000  665.0000000 -0.0000044 -0.0000000 0.0000000 0  0.0157995
-999.0000000  640.0000000 -0.0000101 -0.0000000 0.0000000 0  0.0164742
-999.0000000  615.0000000 -0.0000173  0.0000000 0.0000000 0  0.0164200
-999.0000000  590.0000000 -0.0000218  0.0000000 0.0000000 0  0.0158078
-999.0000000  565.0000000 -0.0000206  0.0000000 0.0000000 0  0.0146308
-999.0000000  540.0000000 -0.0000175  0.0000000 0.0000000 0  0.0130155
-999.0000000  515.0000000 -0.0000164  0.0000000 0.0000000 0  0.0114970
-999.0000000  490.0000000 -0.0000160  0.0000000 0.0000000 0  0.0108393
-999.0000000  465.0000000 -0.0000152  0.0000000 0.0000000 0  0.0118708
-999.0000000  440.0000000 -0.0000151  0.0000000 0.0000000 0  0.0149209
-999.0000000  415.0000000 -0.0000172 -0.0000000 0.0000000 0  0.0195175
-999.0000000  390.0000000 -0.0000223 -0.0000000 0.0000000 0  0.0249806
-999.0000000  365.0000000 -0.0000294 -0.0000000 0.0000000 0  0.0306271
-999.0000000  340.0000000 -0.0000343 -0.0000000 0.0000000 0  0.0358353
-999.0000000  315.0000000 -0.0000363 -0.0000000 0.0000000 0  0.0401770
-999.0000000  290.0000000 -0.0000376 -0.0000000 0.0000000 0  0.0436118
-999.0000000  265.0000000 -0.0000372  0.0000000 0.0000000 0  0.0464427
-999.0000000  240.0000000 -0.0000339  0.0000000 0.0000000 0  0.0482734
-999.0000000  215.0000000 -0.0000225  0.0000000 0.0000000 0  0.0472574
-999.0000000  190.0000000 -0.0000047  0.0000000 0.0000000 0  0.0415306
-999.0000000  165.0000000  0.0000011  0.0000000 0.0000000 0  0.0311097
-999.0000000  140.0000000  0.0000017 -0.0000000 0.0000000 0  0.0146674
-999.0000000  115.0000000  0.0000035 -0.0000000 0.0000000 0  0.0015558
-999.0000000   90.0000000  0.0000072  0.0000000 0.0000000 0  0.0000077
-999.0000000   65.0000000 -0.0000011 -0.0000000 0.0000000 0 -0.0000000
-999.0000000   40.0000000  0.0000019 -0.0000000 0.0000000 0 -0.0000000
-999.0000000   15.0000000  0.0000046 -0.0000000 0.0000000 0 -0.0000000
 268.875  45   1000.91  day,levels,pres0
-999.0000000 1115.0000000 -0.0000170  0.0000000 0.0000000 0  0.0002313
-999.0000000 1090.0000000 -0.0000170  0.0000000 0.0000000 0  0.0002366
-999.0000000 1065.0000000 -0.0000170  0.0000000 0.0000000 0  0.0002422
-999.0000000 1040.0000000 -0.0000170  0.0000000 0.0000000 0  0.0002480
-999.0000000 1015.0000000 -0.0000170  0.0000000 0.0000000 0  0.0002541
-999.0000000  990.0000000 -0.0000170  0.0000000 0.0000000 0  0.0002605
-999.0000000  965.0000000 -0.0000173  0.0000000 0.0000000 0  0.0009688
-999.0000000  940.0000000 -0.0000105 -0.0000000 0.0000000 0  0.0019977
-999.0000000  915.0000000 -0.0000059 -0.0000000 0.0000000 0  0.0034744
-999.0000000  890.0000000 -0.0000051 -0.0000000 0.0000000 0  0.0052793
-999.0000000  865.0000000 -0.0000086 -0.0000000 0.0000000 0  0.0070079
-999.0000000  840.0000000 -0.0000106 -0.0000000 0.0000000 0  0.0083184
-999.0000000  815.0000000 -0.0000098 -0.0000000 0.0000000 0  0.0092040
-999.0000000  790.0000000 -0.0000081 -0.0000000 0.0000000 0  0.0098119
-999.0000000  765.0000000 -0.0000062 -0.0000000 0.0000000 0  0.0101217
-999.0000000  740.0000000 -0.0000051 -0.0000000 0.0000000 0  0.0100244
-999.0000000  715.0000000 -0.0000053 -0.0000000 0.0000000 0  0.0095176
-999.0000000  690.0000000 -0.0000077 -0.0000000 0.0000000 0  0.0086074
-999.0000000  665.0000000 -0.0000128 -0.0000000 0.0000000 0  0.0072308
-999.0000000  640.0000000 -0.0000179 -0.0000000 0.0000000 0  0.0054028
-999.0000000  615.0000000 -0.0000213 -0.0000000 0.0000000 0  0.0032465
-999.0000000  590.0000000 -0.0000212 -0.0000000 0.0000000 0  0.0008176
-999.0000000  565.0000000 -0.0000167 -0.0000000 0.0000000 0 -0.0019399
-999.0000000  540.0000000 -0.0000131  0.0000000 0.0000000 0 -0.0049645
-999.0000000  515.0000000 -0.0000139  0.0000000 0.0000000 0 -0.0079416
-999.0000000  490.0000000 -0.0000155  0.0000000 0.0000000 0 -0.0102963
-999.0000000  465.0000000 -0.0000160  0.0000000 0.0000000 0 -0.0112566
-999.0000000  440.0000000 -0.0000164  0.0000000 0.0000000 0 -0.0104102
-999.0000000  415.0000000 -0.0000182 -0.0000000 0.0000000 0 -0.0079774
-999.0000000  390.0000000 -0.0000218 -0.0000000 0.0000000 0 -0.0044441
-999.0000000  365.0000000 -0.0000260 -0.0000000 0.0000000 0 -0.0004154
-999.0000000  340.0000000 -0.0000278 -0.0000000 0.0000000 0  0.0034021
-999.0000000  315.0000000 -0.0000278 -0.0000000 0.0000000 0  0.0063626
-999.0000000  290.0000000 -0.0000274  0.0000000 0.0000000 0  0.0083237
-999.0000000  265.0000000 -0.0000260  0.0000000 0.0000000 0  0.0098285
-999.0000000  240.0000000 -0.0000225  0.0000000 0.0000000 0  0.0114086
-999.0000000  215.0000000 -0.0000127  0.0000000 0.0000000 0  0.0125823
-999.0000000  190.0000000 -0.0000003  0.0000000 0.0000000 0  0.0116100
-999.0000000  165.0000000 -0.0000004  0.0000000 0.0000000 0  0.0074330
-999.0000000  140.0000000 -0.0000017 -0.0000000 0.0000000 0  0.0021624
-999.0000000  115.0000000  0.0000009  0.0000000 0.0000000 0 -0.0004488
-999.0000000   90.0000000  0.0000059  0.0000000 0.0000000 0 -0.0000001
-999.0000000   65.0000000 -0.0000036 -0.0000000 0.0000000 0 -0.0000000
-999.0000000   40.0000000 -0.0000017 -0.0000000 0.0000000 0 -0.0000000
-999.0000000   15.0000000 -0.0000039 -0.0000000 0.0000000 0 -0.0000000
 269.000  45   1003.41  day,levels,pres0
-999.0000000 1115.0000000 -0.0000237  0.0000000 0.0000000 0  0.0002652
-999.0000000 1090.0000000 -0.0000237  0.0000000 0.0000000 0  0.0002712
-999.0000000 1065.0000000 -0.0000237  0.0000000 0.0000000 0  0.0002776
-999.0000000 1040.0000000 -0.0000237  0.0000000 0.0000000 0  0.0002843
-999.0000000 1015.0000000 -0.0000237  0.0000000 0.0000000 0  0.0002913
-999.0000000  990.0000000 -0.0000237  0.0000000 0.0000000 0  0.0002986
-999.0000000  965.0000000 -0.0000268  0.0000000 0.0000000 0  0.0012202
-999.0000000  940.0000000 -0.0000121 -0.0000000 0.0000000 0  0.0028415
-999.0000000  915.0000000 -0.0000030 -0.0000000 0.0000000 0  0.0050046
-999.0000000  890.0000000 -0.0000006 -0.0000000 0.0000000 0  0.0074235
-999.0000000  865.0000000  0.0000015 -0.0000000 0.0000000 0  0.0097771
-999.0000000  840.0000000  0.0000009 -0.0000000 0.0000000 0  0.0115334
-999.0000000  815.0000000 -0.0000002 -0.0000000 0.0000000 0  0.0122975
-999.0000000  790.0000000  0.0000002 -0.0000000 0.0000000 0  0.0120420
-999.0000000  765.0000000  0.0000012 -0.0000000 0.0000000 0  0.0108361
-999.0000000  740.0000000  0.0000009 -0.0000000 0.0000000 0  0.0087933
-999.0000000  715.0000000 -0.0000019 -0.0000000 0.0000000 0  0.0061370
-999.0000000  690.0000000 -0.0000071 -0.0000000 0.0000000 0  0.0031070
-999.0000000  665.0000000 -0.0000144 -0.0000000 0.0000000 0 -0.0000869
-999.0000000  640.0000000 -0.0000190 -0.0000000 0.0000000 0 -0.0033406
-999.0000000  615.0000000 -0.0000191 -0.0000000 0.0000000 0 -0.0066800
-999.0000000  590.0000000 -0.0000146 -0.0000000 0.0000000 0 -0.0101608
-999.0000000  565.0000000 -0.0000065 -0.0000000 0.0000000 0 -0.0138126
-999.0000000  540.0000000 -0.0000021 -0.0000000 0.0000000 0 -0.0175744
-999.0000000  515.0000000 -0.0000041 -0.0000000 0.0000000 0 -0.0212875
-999.0000000  490.0000000 -0.0000068  0.0000000 0.0000000 0 -0.0245021
-999.0000000  465.0000000 -0.0000077 -0.0000000 0.0000000 0 -0.0264546
-999.0000000  440.0000000 -0.0000077 -0.0000000 0.0000000 0 -0.0266480
-999.0000000  415.0000000 -0.0000088 -0.0000000 0.0000000 0 -0.0251101
-999.0000000  390.0000000 -0.0000111 -0.0000000 0.0000000 0 -0.0222026
-999.0000000  365.0000000 -0.0000130  0.0000000 0.0000000 0 -0.0185406
-999.0000000  340.0000000 -0.0000126  0.0000000 0.0000000 0 -0.0149981
-999.0000000  315.0000000 -0.0000105  0.0000000 0.0000000 0 -0.0125247
-999.0000000  290.0000000 -0.0000084  0.0000000 0.0000000 0 -0.0114785
-999.0000000  265.0000000 -0.0000062  0.0000000 0.0000000 0 -0.0111969
-999.0000000  240.0000000 -0.0000039 -0.0000000 0.0000000 0 -0.0103557
-999.0000000  215.0000000  0.0000027 -0.0000000 0.0000000 0 -0.0081875
-999.0000000  190.0000000  0.0000116 -0.0000000 0.0000000 0 -0.0063008
-999.0000000  165.0000000  0.0000098 -0.0000000 0.0000000 0 -0.0068817
-999.0000000  140.0000000  0.0000098  0.0000000 0.0000000 0 -0.0051721
-999.0000000  115.0000000  0.0000121  0.0000000 0.0000000 0 -0.0011752
-999.0000000   90.0000000  0.0000156  0.0000000 0.0000000 0 -0.0000007
-999.0000000   65.0000000  0.0000014 -0.0000000 0.0000000 0 -0.0000000
-999.0000000   40.0000000  0.0000001 -0.0000000 0.0000000 0 -0.0000000
-999.0000000   15.0000000 -0.0000055 -0.0000000 0.0000000 0 -0.0000000
 269.125  45   1005.03  day,levels,pres0
-999.0000000 1115.0000000 -0.0000181  0.0000000 0.0000000 0 -0.0000660
-999.0000000 1090.0000000 -0.0000181  0.0000000 0.0000000 0 -0.0000675
-999.0000000 1065.0000000 -0.0000181  0.0000000 0.0000000 0 -0.0000691
-999.0000000 1040.0000000 -0.0000181  0.0000000 0.0000000 0 -0.0000707
-999.0000000 1015.0000000 -0.0000181  0.0000000 0.0000000 0 -0.0000725
-999.0000000  990.0000000 -0.0000181  0.0000000 0.0000000 0 -0.0000743
-999.0000000  965.0000000 -0.0000277  0.0000000 0.0000000 0 -0.0000209
-999.0000000  940.0000000 -0.0000190 -0.0000000 0.0000000 0  0.0005360
-999.0000000  915.0000000 -0.0000133 -0.0000000 0.0000000 0  0.0016214
-999.0000000  890.0000000 -0.0000113 -0.0000001 0.0000000 0  0.0029410
-999.0000000  865.0000000 -0.0000117 -0.0000000 0.0000000 0  0.0041373
-999.0000000  840.0000000 -0.0000134 -0.0000000 0.0000000 0  0.0047554
-999.0000000  815.0000000 -0.0000144 -0.0000000 0.0000000 0  0.0044825
-999.0000000  790.0000000 -0.0000136 -0.0000000 0.0000000 0  0.0033723
-999.0000000  765.0000000 -0.0000096 -0.0000000 0.0000000 0  0.0017074
-999.0000000  740.0000000 -0.0000041 -0.0000000 0.0000000 0 -0.0001384
-999.0000000  715.0000000  0.0000002 -0.0000000 0.0000000 0 -0.0018103
-999.0000000  690.0000000  0.0000006 -0.0000000 0.0000000 0 -0.0031864
-999.0000000  665.0000000 -0.0000037 -0.0000000 0.0000000 0 -0.0043723
-999.0000000  640.0000000 -0.0000059 -0.0000000 0.0000000 0 -0.0054363
-999.0000000  615.0000000 -0.0000039 -0.0000000 0.0000000 0 -0.0063558
-999.0000000  590.0000000  0.0000001 -0.0000000 0.0000000 0 -0.0071669
-999.0000000  565.0000000  0.0000049 -0.0000000 0.0000000 0 -0.0080055
-999.0000000  540.0000000  0.0000065 -0.0000000 0.0000000 0 -0.0090129
-999.0000000  515.0000000  0.0000030 -0.0000000 0.0000000 0 -0.0102780
-999.0000000  490.0000000 -0.0000006 -0.0000000 0.0000000 0 -0.0116762
-999.0000000  465.0000000 -0.0000022 -0.0000000 0.0000000 0 -0.0128086
-999.0000000  440.0000000 -0.0000026 -0.0000000 0.0000000 0 -0.0133216
-999.0000000  415.0000000 -0.0000039 -0.0000000 0.0000000 0 -0.0130548
-999.0000000  390.0000000 -0.0000054 -0.0000000 0.0000000 0 -0.0119653
-999.0000000  365.0000000 -0.0000057 -0.0000000 0.0000000 0 -0.0101582
-999.0000000  340.0000000 -0.0000051 -0.0000000 0.0000000 0 -0.0080722
-999.0000000  315.0000000 -0.0000043 -0.0000000 0.0000000 0 -0.0064497
-999.0000000  290.0000000 -0.0000033 -0.0000000 0.0000000 0 -0.0057608
-999.0000000  265.0000000 -0.0000026 -0.0000000 0.0000000 0 -0.0057070
-999.0000000  240.0000000 -0.0000008 -0.0000000 0.0000000 0 -0.0051129
-999.0000000  215.0000000  0.0000072 -0.0000000 0.0000000 0 -0.0029517
-999.0000000  190.0000000  0.0000163 -0.0000000 0.0000000 0 -0.0005825
-999.0000000  165.0000000  0.0000145 -0.0000000 0.0000000 0 -0.0006479
-999.0000000  140.0000000  0.0000151  0.0000000 0.0000000 0 -0.0012194
-999.0000000  115.0000000  0.0000180  0.0000000 0.0000000 0 -0.0004891
-999.0000000   90.0000000  0.0000222  0.0000000 0.0000000 0  0.0000001
-999.0000000   65.0000000  0.0000064 -0.0000000 0.0000000 0 -0.0000000
-999.0000000   40.0000000  0.0000018 -0.0000000 0.0000000 0 -0.0000000
-999.0000000   15.0000000 -0.0000072 -0.0000000 0.0000000 0 -0.0000000
 269.250  45   1003.58  day,levels,pres0
-999.0000000 1115.0000000 -0.0000167 -0.0000000 0.0000000 0  0.0001663
-999.0000000 1090.0000000 -0.0000167 -0.0000000 0.0000000 0  0.0001701
-999.0000000 1065.0000000 -0.0000167 -0.0000000 0.0000000 0  0.0001741
-999.0000000 1040.0000000 -0.0000167 -0.0000000 0.0000000 0  0.0001783
-999.0000000 1015.0000000 -0.0000167 -0.0000000 0.0000000 0  0.0001827
-999.0000000  990.0000000 -0.0000167 -0.0000000 0.0000000 0  0.0001873
-999.0000000  965.0000000 -0.0000305 -0.0000000 0.0000000 0  0.0005894
-999.0000000  940.0000000 -0.0000285 -0.0000001 0.0000000 0  0.0013568
-999.0000000  915.0000000 -0.0000263 -0.0000001 0.0000000 0  0.0026471
-999.0000000  890.0000000 -0.0000239 -0.0000001 0.0000000 0  0.0041461
-999.0000000  865.0000000 -0.0000266 -0.0000000 0.0000000 0  0.0054117
-999.0000000  840.0000000 -0.0000289 -0.0000000 0.0000000 0  0.0059701
-999.0000000  815.0000000 -0.0000287 -0.0000000 0.0000000 0  0.0054527
-999.0000000  790.0000000 -0.0000266 -0.0000000 0.0000000 0  0.0038918
-999.0000000  765.0000000 -0.0000192 -0.0000000 0.0000000 0  0.0017474
-999.0000000  740.0000000 -0.0000090 -0.0000001 0.0000000 0 -0.0003652
-999.0000000  715.0000000  0.0000002 -0.0000001 0.0000000 0 -0.0019771
-999.0000000  690.0000000  0.0000043 -0.0000000 0.0000000 0 -0.0030360
-999.0000000  665.0000000  0.0000020 -0.0000000 0.0000000 0 -0.0038426
-999.0000000  640.0000000  0.0000016 -0.0000000 0.0000000 0 -0.0044940
-999.0000000  615.0000000  0.0000053 -0.0000000 0.0000000 0 -0.0047151
-999.0000000  590.0000000  0.0000093 -0.0000000 0.0000000 0 -0.0044293
-999.0000000  565.0000000  0.0000119 -0.0000000 0.0000000 0 -0.0039547
-999.0000000  540.0000000  0.0000110 -0.0000000 0.0000000 0 -0.0037097
-999.0000000  515.0000000  0.0000060 -0.0000000 0.0000000 0 -0.0041411
-999.0000000  490.0000000  0.0000007 -0.0000000 0.0000000 0 -0.0055311
-999.0000000  465.0000000 -0.0000032 -0.0000000 0.0000000 0 -0.0078639
-999.0000000  440.0000000 -0.0000053 -0.0000000 0.0000000 0 -0.0108989
-999.0000000  415.0000000 -0.0000078 -0.0000000 0.0000000 0 -0.0141710
-999.0000000  390.0000000 -0.0000086 -0.0000000 0.0000000 0 -0.0171307
-999.0000000  365.0000000 -0.0000060 -0.0000000 0.0000000 0 -0.0192858
-999.0000000  340.0000000 -0.0000039 -0.0000000 0.0000000 0 -0.0205709
-999.0000000  315.0000000 -0.0000029 -0.0000000 0.0000000 0 -0.0214689
-999.0000000  290.0000000 -0.0000007 -0.0000000 0.0000000 0 -0.0224792
-999.0000000  265.0000000  0.0000010 -0.0000000 0.0000000 0 -0.0235186
-999.0000000  240.0000000  0.0000029 -0.0000000 0.0000000 0 -0.0233197
-999.0000000  215.0000000  0.0000096 -0.0000000 0.0000000 0 -0.0202915
-999.0000000  190.0000000  0.0000139 -0.0000000 0.0000000 0 -0.0152141
-999.0000000  165.0000000  0.0000077  0.0000000 0.0000000 0 -0.0106442
-999.0000000  140.0000000  0.0000102  0.0000000 0.0000000 0 -0.0061033
-999.0000000  115.0000000  0.0000123  0.0000000 0.0000000 0 -0.0018456
-999.0000000   90.0000000  0.0000167  0.0000000 0.0000000 0 -0.0000005
-999.0000000   65.0000000  0.0000024 -0.0000000 0.0000000 0 -0.0000000
-999.0000000   40.0000000  0.0000011 -0.0000000 0.0000000 0 -0.0000000
-999.0000000   15.0000000  0.0000001 -0.0000000 0.0000000 0 -0.0000000
 269.375  45   1003.87  day,levels,pres0
-999.0000000 1115.0000000 -0.0000099 -0.0000000 0.0000000 0 -0.0000640
-999.0000000 1090.0000000 -0.0000099 -0.0000000 0.0000000 0 -0.0000655
-999.0000000 1065.0000000 -0.0000099 -0.0000000 0.0000000 0 -0.0000671
-999.0000000 1040.0000000 -0.0000099 -0.0000000 0.0000000 0 -0.0000687
-999.0000000 1015.0000000 -0.0000099 -0.0000000 0.0000000 0 -0.0000704
-999.0000000  990.0000000 -0.0000099 -0.0000000 0.0000000 0 -0.0000721
-999.0000000  965.0000000 -0.0000179 -0.0000000 0.0000000 0 -0.0003284
-999.0000000  940.0000000 -0.0000229 -0.0000000 0.0000000 0 -0.0007499
-999.0000000  915.0000000 -0.0000264 -0.0000001 0.0000000 0 -0.0010556
-999.0000000  890.0000000 -0.0000222 -0.0000001 0.0000000 0 -0.0009725
-999.0000000  865.0000000 -0.0000215 -0.0000000 0.0000000 0 -0.0005883
-999.0000000  840.0000000 -0.0000237 -0.0000000 0.0000000 0 -0.0002999
-999.0000000  815.0000000 -0.0000255 -0.0000000 0.0000000 0 -0.0005041
-999.0000000  790.0000000 -0.0000226 -0.0000000 0.0000000 0 -0.0013345
-999.0000000  765.0000000 -0.0000154 -0.0000000 0.0000000 0 -0.0026367
-999.0000000  740.0000000 -0.0000104 -0.0000000 0.0000000 0 -0.0040936
-999.0000000  715.0000000 -0.0000092 -0.0000000 0.0000000 0 -0.0053873
-999.0000000  690.0000000 -0.0000098 -0.0000000 0.0000000 0 -0.0064344
-999.0000000  665.0000000 -0.0000114 -0.0000000 0.0000000 0 -0.0073766
-999.0000000  640.0000000 -0.0000107 -0.0000000 0.0000000 0 -0.0082369
-999.0000000  615.0000000 -0.0000061 -0.0000000 0.0000000 0 -0.0088176
-999.0000000  590.0000000 -0.0000001 -0.0000000 0.0000000 0 -0.0090367
-999.0000000  565.0000000  0.0000053 -0.0000000 0.0000000 0 -0.0090444
-999.0000000  540.0000000  0.0000077 -0.0000000 0.0000000 0 -0.0090180
-999.0000000  515.0000000  0.0000053 -0.0000000 0.0000000 0 -0.0091178
-999.0000000  490.0000000 -0.0000004 -0.0000000 0.0000000 0 -0.0094296
-999.0000000  465.0000000 -0.0000062 -0.0000000 0.0000000 0 -0.0099407
-999.0000000  440.0000000 -0.0000088 -0.0000000 0.0000000 0 -0.0107031
-999.0000000  415.0000000 -0.0000113 -0.0000000 0.0000000 0 -0.0118626
-999.0000000  390.0000000 -0.0000127 -0.0000000 0.0000000 0 -0.0134364
-999.0000000  365.0000000 -0.0000111 -0.0000000 0.0000000 0 -0.0151833
-999.0000000  340.0000000 -0.0000102 -0.0000000 0.0000000 0 -0.0167597
-999.0000000  315.0000000 -0.0000110 -0.0000000 0.0000000 0 -0.0178534
-999.0000000  290.0000000 -0.0000107 -0.0000000 0.0000000 0 -0.0183669
-999.0000000  265.0000000 -0.0000101 -0.0000000 0.0000000 0 -0.0183086
-999.0000000  240.0000000 -0.0000083 -0.0000000 0.0000000 0 -0.0171460
-999.0000000  215.0000000 -0.0000012 -0.0000000 0.0000000 0 -0.0142295
-999.0000000  190.0000000  0.0000051 -0.0000000 0.0000000 0 -0.0105065
-999.0000000  165.0000000  0.0000030 -0.0000000 0.0000000 0 -0.0077231
-999.0000000  140.0000000  0.0000061  0.0000000 0.0000000 0 -0.0046806
-999.0000000  115.0000000  0.0000078  0.0000000 0.0000000 0 -0.0015891
-999.0000000   90.0000000  0.0000092  0.0000000 0.0000000 0 -0.0000001
-999.0000000   65.0000000 -0.0000016 -0.0000000 0.0000000 0 -0.0000000
-999.0000000   40.0000000  0.0000004 -0.0000000 0.0000000 0 -0.0000000
-999.0000000   15.0000000  0.0000072 -0.0000000 0.0000000 0 -0.0000000
 269.500  45   1005.68  day,levels,pres0
-999.0000000 1115.0000000  0.0000141 -0.0000000 0.0000000 0  0.0005476
-999.0000000 1090.0000000  0.0000141 -0.0000000 0.0000000 0  0.0005602
-999.0000000 1065.0000000  0.0000141 -0.0000000 0.0000000 0  0.0005733
-999.0000000 1040.0000000  0.0000141 -0.0000000 0.0000000 0  0.0005871
-999.0000000 1015.0000000  0.0000141 -0.0000000 0.0000000 0  0.0006016
-999.0000000  990.0000000  0.0000141 -0.0000000 0.0000000 0  0.0006168
-999.0000000  965.0000000  0.0000135 -0.0000000 0.0000000 0  0.0013014
-999.0000000  940.0000000  0.0000026 -0.0000000 0.0000000 0  0.0011773
-999.0000000  915.0000000 -0.0000074 -0.0000000 0.0000000 0  0.0006331
-999.0000000  890.0000000 -0.0000027 -0.0000000 0.0000000 0  0.0006441
-999.0000000  865.0000000 -0.0000002 -0.0000000 0.0000000 0  0.0014903
-999.0000000  840.0000000 -0.0000039 -0.0000000 0.0000000 0  0.0027276
-999.0000000  815.0000000 -0.0000077 -0.0000000 0.0000000 0  0.0037621
-999.0000000  790.0000000 -0.0000038 -0.0000000 0.0000000 0  0.0041634
-999.0000000  765.0000000  0.0000016 -0.0000000 0.0000000 0  0.0037201
-999.0000000  740.0000000  0.0000003 -0.0000000 0.0000000 0  0.0024742
-999.0000000  715.0000000 -0.0000050  0.0000000 0.0000000 0  0.0006868
-999.0000000  690.0000000 -0.0000093  0.0000000 0.0000000 0 -0.0014131
-999.0000000  665.0000000 -0.0000105  0.0000000 0.0000000 0 -0.0036659
-999.0000000  640.0000000 -0.0000092 -0.0000000 0.0000000 0 -0.0059230
-999.0000000  615.0000000 -0.0000041 -0.0000000 0.0000000 0 -0.0080278
-999.0000000  590.0000000  0.0000034 -0.0000000 0.0000000 0 -0.0099069
-999.0000000  565.0000000  0.0000117 -0.0000000 0.0000000 0 -0.0116437
-999.0000000  540.0000000  0.0000172 -0.0000000 0.0000000 0 -0.0132259
-999.0000000  515.0000000  0.0000167 -0.0000000 0.0000000 0 -0.0145136
-999.0000000  490.0000000  0.0000094 -0.0000000 0.0000000 0 -0.0154075
-999.0000000  465.0000000  0.0000006 -0.0000000 0.0000000 0 -0.0159384
-999.0000000  440.0000000 -0.0000026 -0.0000000 0.0000000 0 -0.0164379
-999.0000000  415.0000000 -0.0000042 -0.0000000 0.0000000 0 -0.0175777
-999.0000000  390.0000000 -0.0000050 -0.0000000 0.0000000 0 -0.0198477
-999.0000000  365.0000000 -0.0000028 -0.0000000 0.0000000 0 -0.0231596
-999.0000000  340.0000000 -0.0000018  0.0000000 0.0000000 0 -0.0268274
-999.0000000  315.0000000 -0.0000035  0.0000000 0.0000000 0 -0.0297084
-999.0000000  290.0000000 -0.0000035 -0.0000000 0.0000000 0 -0.0310509
-999.0000000  265.0000000 -0.0000018 -0.0000000 0.0000000 0 -0.0308263
-999.0000000  240.0000000  0.0000007 -0.0000000 0.0000000 0 -0.0290144
-999.0000000  215.0000000  0.0000052 -0.0000000 0.0000000 0 -0.0256373
-999.0000000  190.0000000  0.0000082 -0.0000000 0.0000000 0 -0.0215580
-999.0000000  165.0000000  0.0000068 -0.0000000 0.0000000 0 -0.0173525
-999.0000000  140.0000000  0.0000126  0.0000000 0.0000000 0 -0.0101130
-999.0000000  115.0000000  0.0000114 -0.0000000 0.0000000 0 -0.0029511
-999.0000000   90.0000000  0.0000098  0.0000000 0.0000000 0 -0.0000018
-999.0000000   65.0000000  0.0000029 -0.0000000 0.0000000 0 -0.0000000
-999.0000000   40.0000000  0.0000057 -0.0000000 0.0000000 0 -0.0000000
-999.0000000   15.0000000  0.0000062 -0.0000000 0.0000000 0 -0.0000000
 269.625  45   1005.40  day,levels,pres0
-999.0000000 1115.0000000  0.0000299 -0.0000000 0.0000000 0  0.0001573
-999.0000000 1090.0000000  0.0000299 -0.0000000 0.0000000 0  0.0001609
-999.0000000 1065.0000000  0.0000299 -0.0000000 0.0000000 0  0.0001647
-999.0000000 1040.0000000  0.0000299 -0.0000000 0.0000000 0  0.0001686
-999.0000000 1015.0000000  0.0000299 -0.0000000 0.0000000 0  0.0001728
-999.0000000  990.0000000  0.0000299 -0.0000000 0.0000000 0  0.0001771
-999.0000000  965.0000000  0.0000304 -0.0000000 0.0000000 0  0.0001968
-999.0000000  940.0000000  0.0000191 -0.0000001 0.0000000 0 -0.0003849
-999.0000000  915.0000000  0.0000017 -0.0000001 0.0000000 0 -0.0012849
-999.0000000  890.0000000 -0.0000067 -0.0000001 0.0000000 0 -0.0018362
-999.0000000  865.0000000 -0.0000104 -0.0000000 0.0000000 0 -0.0017741
-999.0000000  840.0000000 -0.0000124 -0.0000000 0.0000000 0 -0.0012843
-999.0000000  815.0000000 -0.0000084 -0.0000000 0.0000000 0 -0.0006661
-999.0000000  790.0000000  0.0000015 -0.0000000 0.0000000 0 -0.0001603
-999.0000000  765.0000000  0.0000123 -0.0000001 0.0000000 0  0.0000810
-999.0000000  740.0000000  0.0000141 -0.0000000 0.0000000 0 -0.0000286
-999.0000000  715.0000000  0.0000070 -0.0000000 0.0000000 0 -0.0004977
-999.0000000  690.0000000  0.0000013  0.0000000 0.0000000 0 -0.0012230
-999.0000000  665.0000000 -0.0000007  0.0000000 0.0000000 0 -0.0019918
-999.0000000  640.0000000 -0.0000008 -0.0000000 0.0000000 0 -0.0026064
-999.0000000  615.0000000  0.0000015 -0.0000000 0.0000000 0 -0.0029426
-999.0000000  590.0000000  0.0000046 -0.0000000 0.0000000 0 -0.0029985
-999.0000000  565.0000000  0.0000073 -0.0000000 0.0000000 0 -0.0029598
-999.0000000  540.0000000  0.0000096 -0.0000000 0.0000000 0 -0.0031253
-999.0000000  515.0000000  0.0000104 -0.0000000 0.0000000 0 -0.0038520
-999.0000000  490.0000000  0.0000074 -0.0000000 0.0000000 0 -0.0052597
-999.0000000  465.0000000  0.0000028 -0.0000000 0.0000000 0 -0.0071132
-999.0000000  440.0000000 -0.0000007 -0.0000000 0.0000000 0 -0.0091945
-999.0000000  415.0000000 -0.0000053 -0.0000000 0.0000000 0 -0.0114237
-999.0000000  390.0000000 -0.0000079  0.0000000 0.0000000 0 -0.0136226
-999.0000000  365.0000000 -0.0000050  0.0000000 0.0000000 0 -0.0153873
-999.0000000  340.0000000 -0.0000019 -0.0000000 0.0000000 0 -0.0161827
-999.0000000  315.0000000 -0.0000029 -0.0000000 0.0000000 0 -0.0155789
-999.0000000  290.0000000 -0.0000055 -0.0000000 0.0000000 0 -0.0138312
-999.0000000  265.0000000 -0.0000060 -0.0000000 0.0000000 0 -0.0119958
-999.0000000  240.0000000  0.0000001 -0.0000000 0.0000000 0 -0.0109447
-999.0000000  215.0000000  0.0000088 -0.0000000 0.0000000 0 -0.0106213
-999.0000000  190.0000000  0.0000107 -0.0000000 0.0000000 0 -0.0102028
-999.0000000  165.0000000  0.0000122  0.0000000 0.0000000 0 -0.0084797
-999.0000000  140.0000000  0.0000175  0.0000000 0.0000000 0 -0.0051781
-999.0000000  115.0000000  0.0000152  0.0000000 0.0000000 0 -0.0019272
-999.0000000   90.0000000  0.0000142  0.0000000 0.0000000 0  0.0000002
-999.0000000   65.0000000  0.0000077 -0.0000000 0.0000000 0 -0.0000000
-999.0000000   40.0000000  0.0000113 -0.0000000 0.0000000 0 -0.0000000
-999.0000000   15.0000000  0.0000056 -0.0000000 0.0000000 0 -0.0000000
 269.750  45   1001.30  day,levels,pres0
-999.0000000 1115.0000000  0.0000222 -0.0000000 0.0000000 0 -0.0001739
-999.0000000 1090.0000000  0.0000222 -0.0000000 0.0000000 0 -0.0001779
-999.0000000 1065.0000000  0.0000222 -0.0000000 0.0000000 0 -0.0001821
-999.0000000 1040.0000000  0.0000222 -0.0000000 0.0000000 0 -0.0001865
-999.0000000 1015.0000000  0.0000222 -0.0000000 0.0000000 0 -0.0001911
-999.0000000  990.0000000  0.0000222 -0.0000000 0.0000000 0 -0.0001959
-999.0000000  965.0000000  0.0000264 -0.0000001 0.0000000 0 -0.0008790
-999.0000000  940.0000000  0.0000143 -0.0000001 0.0000000 0 -0.0021831
-999.0000000  915.0000000 -0.0000077 -0.0000001 0.0000000 0 -0.0039980
-999.0000000  890.0000000 -0.0000267 -0.0000001 0.0000000 0 -0.0058870
-999.0000000  865.0000000 -0.0000375 -0.0000000 0.0000000 0 -0.0075190
-999.0000000  840.0000000 -0.0000385 -0.0000000 0.0000000 0 -0.0087392
-999.0000000  815.0000000 -0.0000275 -0.0000000 0.0000000 0 -0.0093973
-999.0000000  790.0000000 -0.0000118 -0.0000001 0.0000000 0 -0.0093561
-999.0000000  765.0000000  0.0000054 -0.0000001 0.0000000 0 -0.0085164
-999.0000000  740.0000000  0.0000112 -0.0000001 0.0000000 0 -0.0071104
-999.0000000  715.0000000  0.0000034 -0.0000000 0.0000000 0 -0.0057801
-999.0000000  690.0000000 -0.0000026  0.0000000 0.0000000 0 -0.0047368
-999.0000000  665.0000000 -0.0000043  0.0000000 0.0000000 0 -0.0036196
-999.0000000  640.0000000 -0.0000056 -0.0000000 0.0000000 0 -0.0021046
-999.0000000  615.0000000 -0.0000072 -0.0000000 0.0000000 0 -0.0000339
-999.0000000  590.0000000 -0.0000094 -0.0000000 0.0000000 0  0.0025233
-999.0000000  565.0000000 -0.0000118 -0.0000000 0.0000000 0  0.0051918
-999.0000000  540.0000000 -0.0000114 -0.0000000 0.0000000 0  0.0073259
-999.0000000  515.0000000 -0.0000076 -0.0000000 0.0000000 0  0.0080981
-999.0000000  490.0000000 -0.0000052 -0.0000000 0.0000000 0  0.0071964
-999.0000000  465.0000000 -0.0000059 -0.0000000 0.0000000 0  0.0051499
-999.0000000  440.0000000 -0.0000106 -0.0000000 0.0000000 0  0.0027036
-999.0000000  415.0000000 -0.0000186 -0.0000000 0.0000000 0  0.0006056
-999.0000000  390.0000000 -0.0000234  0.0000000 0.0000000 0 -0.0003747
-999.0000000  365.0000000 -0.0000210 -0.0000000 0.0000000 0  0.0004245
-999.0000000  340.0000000 -0.0000181 -0.0000000 0.0000000 0  0.0033697
-999.0000000  315.0000000 -0.0000193 -0.0000000 0.0000000 0  0.0082175
-999.0000000  290.0000000 -0.0000234 -0.0000000 0.0000000 0  0.0137435
-999.0000000  265.0000000 -0.0000257 -0.0000000 0.0000000 0  0.0177728
-999.0000000  240.0000000 -0.0000157 -0.0000000 0.0000000 0  0.0184053
-999.0000000  215.0000000 -0.0000013 -0.0000000 0.0000000 0  0.0155337
-999.0000000  190.0000000 -0.0000004 -0.0000000 0.0000000 0  0.0113894
-999.0000000  165.0000000  0.0000018  0.0000000 0.0000000 0  0.0086423
-999.0000000  140.0000000  0.0000044  0.0000000 0.0000000 0  0.0042355
-999.0000000  115.0000000  0.0000062  0.0000000 0.0000000 0  0.0000937
-999.0000000   90.0000000  0.0000066  0.0000000 0.0000000 0  0.0000030
-999.0000000   65.0000000 -0.0000015 -0.0000000 0.0000000 0 -0.0000000
-999.0000000   40.0000000  0.0000013 -0.0000000 0.0000000 0 -0.0000000
-999.0000000   15.0000000 -0.0000005 -0.0000000 0.0000000 0 -0.0000000
 269.875  45   999.97  day,levels,pres0
-999.0000000 1115.0000000 -0.0000098 -0.0000000 0.0000000 0 -0.0002427
-999.0000000 1090.0000000 -0.0000098 -0.0000000 0.0000000 0 -0.0002483
-999.0000000 1065.0000000 -0.0000098 -0.0000000 0.0000000 0 -0.0002541
-999.0000000 1040.0000000 -0.0000098 -0.0000000 0.0000000 0 -0.0002602
-999.0000000 1015.0000000 -0.0000098 -0.0000000 0.0000000 0 -0.0002666
-999.0000000  990.0000000 -0.0000098 -0.0000000 0.0000000 0 -0.0002734
-999.0000000  965.0000000 -0.0000129 -0.0000000 0.0000000 0 -0.0010528
-999.0000000  940.0000000 -0.0000174 -0.0000000 0.0000000 0 -0.0020729
-999.0000000  915.0000000 -0.0000251 -0.0000000 0.0000000 0 -0.0032946
-999.0000000  890.0000000 -0.0000297 -0.0000000 0.0000000 0 -0.0044577
-999.0000000  865.0000000 -0.0000329 -0.0000000 0.0000000 0 -0.0052311
-999.0000000  840.0000000 -0.0000346 -0.0000000 0.0000000 0 -0.0053023
-999.0000000  815.0000000 -0.0000284 -0.0000000 0.0000000 0 -0.0045342
-999.0000000  790.0000000 -0.0000137 -0.0000001 0.0000000 0 -0.0030306
-999.0000000  765.0000000  0.0000074 -0.0000001 0.0000000 0 -0.0010564
-999.0000000  740.0000000  0.0000151 -0.0000001 0.0000000 0  0.0008508
-999.0000000  715.0000000  0.0000035 -0.0000000 0.0000000 0  0.0020147
-999.0000000  690.0000000 -0.0000060 -0.0000000 0.0000000 0  0.0022283
-999.0000000  665.0000000 -0.0000088 -0.0000000 0.0000000 0  0.0018115
-999.0000000  640.0000000 -0.0000092 -0.0000000 0.0000000 0  0.0011261
-999.0000000  615.0000000 -0.0000076 -0.0000000 0.0000000 0  0.0004465
-999.0000000  590.0000000 -0.0000062 -0.0000000 0.0000000 0 -0.0001470
-999.0000000  565.0000000 -0.0000062 -0.0000000 0.0000000 0 -0.0008569
-999.0000000  540.0000000 -0.0000058 -0.0000000 0.0000000 0 -0.0020148
-999.0000000  515.0000000 -0.0000052 -0.0000000 0.0000000 0 -0.0039851
-999.0000000  490.0000000 -0.0000070 -0.0000000 0.0000000 0 -0.0068009
-999.0000000  465.0000000 -0.0000118 -0.0000000 0.0000000 0 -0.0100163
-999.0000000  440.0000000 -0.0000179 -0.0000000 0.0000000 0 -0.0131833
-999.0000000  415.0000000 -0.0000239 -0.0000000 0.0000000 0 -0.0159928
-999.0000000  390.0000000 -0.0000269 -0.0000000 0.0000000 0 -0.0179355
-999.0000000  365.0000000 -0.0000261 -0.0000000 0.0000000 0 -0.0183005
-999.0000000  340.0000000 -0.0000242 -0.0000000 0.0000000 0 -0.0168610
-999.0000000  315.0000000 -0.0000229 -0.0000000 0.0000000 0 -0.0142673
-999.0000000  290.0000000 -0.0000241 -0.0000000 0.0000000 0 -0.0116929
-999.0000000  265.0000000 -0.0000253 -0.0000000 0.0000000 0 -0.0103373
-999.0000000  240.0000000 -0.0000179 -0.0000000 0.0000000 0 -0.0105683
-999.0000000  215.0000000 -0.0000088 -0.0000000 0.0000000 0 -0.0112699
-999.0000000  190.0000000 -0.0000088 -0.0000000 0.0000000 0 -0.0103863
-999.0000000  165.0000000 -0.0000020  0.0000000 0.0000000 0 -0.0066785
-999.0000000  140.0000000  0.0000027  0.0000000 0.0000000 0 -0.0024175
-999.0000000  115.0000000 -0.0000017  0.0000000 0.0000000 0 -0.0000564
-999.0000000   90.0000000 -0.0000051  0.0000000 0.0000000 0  0.0000001
-999.0000000   65.0000000 -0.0000109 -0.0000000 0.0000000 0 -0.0000000
-999.0000000   40.0000000 -0.0000089 -0.0000000 0.0000000 0 -0.0000000
-999.0000000   15.0000000 -0.0000068 -0.0000000 0.0000000 0 -0.0000000
 270.000  45   1003.10  day,levels,pres0
-999.0000000 1115.0000000 -0.0000292 -0.0000000 0.0000000 0 -0.0001834
-999.0000000 1090.0000000 -0.0000292 -0.0000000 0.0000000 0 -0.0001876
-999.0000000 1065.0000000 -0.0000292 -0.0000000 0.0000000 0 -0.0001920
-999.0000000 1040.0000000 -0.0000292 -0.0000000 0.0000000 0 -0.0001966
-999.0000000 1015.0000000 -0.0000292 -0.0000000 0.0000000 0 -0.0002015
-999.0000000  990.0000000 -0.0000292 -0.0000000 0.0000000 0 -0.0002066
-999.0000000  965.0000000 -0.0000426  0.0000000 0.0000000 0 -0.0005069
-999.0000000  940.0000000 -0.0000386  0.0000000 0.0000000 0 -0.0006687
-999.0000000  915.0000000 -0.0000305  0.0000000 0.0000000 0 -0.0007525
-999.0000000  890.0000000 -0.0000193  0.0000000 0.0000000 0 -0.0006966
-999.0000000  865.0000000 -0.0000135 -0.0000000 0.0000000 0 -0.0001623
-999.0000000  840.0000000 -0.0000162 -0.0000000 0.0000000 0  0.0013815
-999.0000000  815.0000000 -0.0000165 -0.0000000 0.0000000 0  0.0041452
-999.0000000  790.0000000 -0.0000034 -0.0000001 0.0000000 0  0.0077328
-999.0000000  765.0000000  0.0000210 -0.0000001 0.0000000 0  0.0112897
-999.0000000  740.0000000  0.0000310 -0.0000001 0.0000000 0  0.0138688
-999.0000000  715.0000000  0.0000154 -0.0000001 0.0000000 0  0.0149037
-999.0000000  690.0000000  0.0000014 -0.0000000 0.0000000 0  0.0143134
-999.0000000  665.0000000 -0.0000032 -0.0000000 0.0000000 0  0.0123862
-999.0000000  640.0000000 -0.0000032 -0.0000000 0.0000000 0  0.0095117
-999.0000000  615.0000000  0.0000012 -0.0000000 0.0000000 0  0.0060322
-999.0000000  590.0000000  0.0000051 -0.0000000 0.0000000 0  0.0021513
-999.0000000  565.0000000  0.0000064 -0.0000000 0.0000000 0 -0.0021550
-999.0000000  540.0000000  0.0000055 -0.0000000 0.0000000 0 -0.0069030
-999.0000000  515.0000000  0.0000026 -0.0000000 0.0000000 0 -0.0119984
-999.0000000  490.0000000 -0.0000020 -0.0000000 0.0000000 0 -0.0171570
-999.0000000  465.0000000 -0.0000084 -0.0000000 0.0000000 0 -0.0219342
-999.0000000  440.0000000 -0.0000135  0.0000000 0.0000000 0 -0.0261105
-999.0000000  415.0000000 -0.0000158 -0.0000000 0.0000000 0 -0.0297671
-999.0000000  390.0000000 -0.0000176 -0.0000000 0.0000000 0 -0.0326830
-999.0000000  365.0000000 -0.0000197 -0.0000000 0.0000000 0 -0.0342110
-999.0000000  340.0000000 -0.0000173 -0.0000000 0.0000000 0 -0.0343527
-999.0000000  315.0000000 -0.0000098  0.0000000 0.0000000 0 -0.0341967
-999.0000000  290.0000000 -0.0000061 -0.0000000 0.0000000 0 -0.0348565
-999.0000000  265.0000000 -0.0000064 -0.0000000 0.0000000 0 -0.0365051
-999.0000000  240.0000000 -0.0000031 -0.0000000 0.0000000 0 -0.0379025
-999.0000000  215.0000000  0.0000005 -0.0000000 0.0000000 0 -0.0366711
-999.0000000  190.0000000  0.0000014  0.0000000 0.0000000 0 -0.0309744
-999.0000000  165.0000000  0.0000143  0.0000000 0.0000000 0 -0.0210616
-999.0000000  140.0000000  0.0000212  0.0000000 0.0000000 0 -0.0085439
-999.0000000  115.0000000  0.0000109  0.0000000 0.0000000 0 -0.0000894
-999.0000000   90.0000000  0.0000031  0.0000000 0.0000000 0  0.0000013
-999.0000000   65.0000000 -0.0000012 -0.0000000 0.0000000 0 -0.0000000
-999.0000000   40.0000000 -0.0000034 -0.0000000 0.0000000 0 -0.0000000
-999.0000000   15.0000000 -0.0000065 -0.0000000 0.0000000 0 -0.0000000
 270.125  45   1004.97  day,levels,pres0
-999.0000000 1115.0000000 -0.0000206  0.0000000 0.0000000 0 -0.0006512
-999.0000000 1090.0000000 -0.0000206  0.0000000 0.0000000 0 -0.0006661
-999.0000000 1065.0000000 -0.0000206  0.0000000 0.0000000 0 -0.0006818
-999.0000000 1040.0000000 -0.0000206  0.0000000 0.0000000 0 -0.0006982
-999.0000000 1015.0000000 -0.0000206  0.0000000 0.0000000 0 -0.0007154
-999.0000000  990.0000000 -0.0000206  0.0000000 0.0000000 0 -0.0007334
-999.0000000  965.0000000 -0.0000408  0.0000000 0.0000000 0 -0.0021553
-999.0000000  940.0000000 -0.0000438  0.0000000 0.0000000 0 -0.0035577
-999.0000000  915.0000000 -0.0000413  0.0000000 0.0000000 0 -0.0043877
-999.0000000  890.0000000 -0.0000340  0.0000000 0.0000000 0 -0.0043566
-999.0000000  865.0000000 -0.0000274  0.0000000 0.0000000 0 -0.0033145
-999.0000000  840.0000000 -0.0000258 -0.0000000 0.0000000 0 -0.0011698
-999.0000000  815.0000000 -0.0000252 -0.0000000 0.0000000 0  0.0019354
-999.0000000  790.0000000 -0.0000162 -0.0000000 0.0000000 0  0.0056305
-999.0000000  765.0000000  0.0000036 -0.0000001 0.0000000 0  0.0092616
-999.0000000  740.0000000  0.0000165 -0.0000001 0.0000000 0  0.0119173
-999.0000000  715.0000000  0.0000114 -0.0000001 0.0000000 0  0.0128755
-999.0000000  690.0000000  0.0000049 -0.0000000 0.0000000 0  0.0120415
-999.0000000  665.0000000  0.0000031 -0.0000000 0.0000000 0  0.0099045
-999.0000000  640.0000000  0.0000054 -0.0000000 0.0000000 0  0.0070024
-999.0000000  615.0000000  0.0000118 -0.0000000 0.0000000 0  0.0037544
-999.0000000  590.0000000  0.0000165 -0.0000000 0.0000000 0  0.0005027
-999.0000000  565.0000000  0.0000168 -0.0000000 0.0000000 0 -0.0025397
-999.0000000  540.0000000  0.0000143 -0.0000000 0.0000000 0 -0.0052155
-999.0000000  515.0000000  0.0000096 -0.0000000 0.0000000 0 -0.0074334
-999.0000000  490.0000000  0.0000038 -0.0000000 0.0000000 0 -0.0092483
-999.0000000  465.0000000 -0.0000028 -0.0000000 0.0000000 0 -0.0109175
-999.0000000  440.0000000 -0.0000080  0.0000000 0.0000000 0 -0.0127731
-999.0000000  415.0000000 -0.0000125 -0.0000000 0.0000000 0 -0.0150607
-999.0000000  390.0000000 -0.0000150 -0.0000000 0.0000000 0 -0.0174996
-999.0000000  365.0000000 -0.0000116 -0.0000000 0.0000000 0 -0.0192416
-999.0000000  340.0000000 -0.0000042 -0.0000000 0.0000000 0 -0.0200495
-999.0000000  315.0000000  0.0000004  0.0000000 0.0000000 0 -0.0207673
-999.0000000  290.0000000 -0.0000018 -0.0000000 0.0000000 0 -0.0221865
-999.0000000  265.0000000 -0.0000057 -0.0000000 0.0000000 0 -0.0241022
-999.0000000  240.0000000 -0.0000002 -0.0000000 0.0000000 0 -0.0250670
-999.0000000  215.0000000  0.0000085 -0.0000000 0.0000000 0 -0.0229821
-999.0000000  190.0000000  0.0000117  0.0000000 0.0000000 0 -0.0167058
-999.0000000  165.0000000  0.0000203  0.0000000 0.0000000 0 -0.0077342
-999.0000000  140.0000000  0.0000273  0.0000000 0.0000000 0  0.0000385
-999.0000000  115.0000000  0.0000235  0.0000000 0.0000000 0  0.0026285
-999.0000000   90.0000000  0.0000192  0.0000000 0.0000000 0 -0.0000019
-999.0000000   65.0000000  0.0000085 -0.0000000 0.0000000 0 -0.0000000
-999.0000000   40.0000000  0.0000021 -0.0000000 0.0000000 0 -0.0000000
-999.0000000   15.0000000 -0.0000062 -0.0000000 0.0000000 0 -0.0000000
 270.250  45   1003.66  day,levels,pres0
-999.0000000 1115.0000000 -0.0000192  0.0000000 0.0000000 0 -0.0009734
-999.0000000 1090.0000000 -0.0000192  0.0000000 0.0000000 0 -0.0009957
-999.0000000 1065.0000000 -0.0000192  0.0000000 0.0000000 0 -0.0010191
-999.0000000 1040.0000000 -0.0000192  0.0000000 0.0000000 0 -0.0010436
-999.0000000 1015.0000000 -0.0000192  0.0000000 0.0000000 0 -0.0010693
-999.0000000  990.0000000 -0.0000192  0.0000000 0.0000000 0 -0.0010963
-999.0000000  965.0000000 -0.0000482  0.0000000 0.0000000 0 -0.0036070
-999.0000000  940.0000000 -0.0000579  0.0000000 0.0000000 0 -0.0062681
-999.0000000  915.0000000 -0.0000620  0.0000000 0.0000000 0 -0.0078708
-999.0000000  890.0000000 -0.0000587  0.0000001 0.0000000 0 -0.0078620
-999.0000000  865.0000000 -0.0000489  0.0000001 0.0000000 0 -0.0062688
-999.0000000  840.0000000 -0.0000400  0.0000000 0.0000000 0 -0.0034761
-999.0000000  815.0000000 -0.0000389  0.0000000 0.0000000 0 -0.0000506
-999.0000000  790.0000000 -0.0000375  0.0000000 0.0000000 0  0.0035726
-999.0000000  765.0000000 -0.0000247 -0.0000000 0.0000000 0  0.0068426
-999.0000000  740.0000000 -0.0000073 -0.0000000 0.0000000 0  0.0089042
-999.0000000  715.0000000  0.0000014 -0.0000001 0.0000000 0  0.0090553
-999.0000000  690.0000000  0.0000034 -0.0000001 0.0000000 0  0.0072708
-999.0000000  665.0000000  0.0000038 -0.0000001 0.0000000 0  0.0041935
-999.0000000  640.0000000  0.0000083 -0.0000001 0.0000000 0  0.0004893
-999.0000000  615.0000000  0.0000170 -0.0000000 0.0000000 0 -0.0033294
-999.0000000  590.0000000  0.0000228 -0.0000000 0.0000000 0 -0.0067686
-999.0000000  565.0000000  0.0000224 -0.0000000 0.0000000 0 -0.0093847
-999.0000000  540.0000000  0.0000180 -0.0000000 0.0000000 0 -0.0108520
-999.0000000  515.0000000  0.0000110 -0.0000000 0.0000000 0 -0.0110881
-999.0000000  490.0000000  0.0000029 -0.0000000 0.0000000 0 -0.0104858
-999.0000000  465.0000000 -0.0000058 -0.0000000 0.0000000 0 -0.0099800
-999.0000000  440.0000000 -0.0000131  0.0000000 0.0000000 0 -0.0104097
-999.0000000  415.0000000 -0.0000210 -0.0000000 0.0000000 0 -0.0121206
-999.0000000  390.0000000 -0.0000239 -0.0000000 0.0000000 0 -0.0147443
-999.0000000  365.0000000 -0.0000140 -0.0000000 0.0000000 0 -0.0172467
-999.0000000  340.0000000 -0.0000020  0.0000000 0.0000000 0 -0.0191750
-999.0000000  315.0000000 -0.0000012  0.0000000 0.0000000 0 -0.0211457
-999.0000000  290.0000000 -0.0000086  0.0000000 0.0000000 0 -0.0236156
-999.0000000  265.0000000 -0.0000140 -0.0000000 0.0000000 0 -0.0259134
-999.0000000  240.0000000 -0.0000054 -0.0000000 0.0000000 0 -0.0262078
-999.0000000  215.0000000  0.0000061 -0.0000000 0.0000000 0 -0.0224523
-999.0000000  190.0000000  0.0000086  0.0000000 0.0000000 0 -0.0139934
-999.0000000  165.0000000  0.0000126  0.0000000 0.0000000 0 -0.0033082
-999.0000000  140.0000000  0.0000221 -0.0000000 0.0000000 0  0.0039919
-999.0000000  115.0000000  0.0000210  0.0000000 0.0000000 0  0.0043680
-999.0000000   90.0000000  0.0000162 -0.0000000 0.0000000 0  0.0000006
-999.0000000   65.0000000  0.0000011 -0.0000000 0.0000000 0 -0.0000000
-999.0000000   40.0000000 -0.0000022 -0.0000000 0.0000000 0 -0.0000000
-999.0000000   15.0000000 -0.0000045 -0.0000000 0.0000000 0 -0.0000000
 270.375  45   1003.98  day,levels,pres0
-999.0000000 1115.0000000 -0.0000136  0.0000000 0.0000000 0 -0.0007476
-999.0000000 1090.0000000 -0.0000136  0.0000000 0.0000000 0 -0.0007648
-999.0000000 1065.0000000 -0.0000136  0.0000000 0.0000000 0 -0.0007827
-999.0000000 1040.0000000 -0.0000136  0.0000000 0.0000000 0 -0.0008016
-999.0000000 1015.0000000 -0.0000136  0.0000000 0.0000000 0 -0.0008213
-999.0000000  990.0000000 -0.0000136  0.0000000 0.0000000 0 -0.0008420
-999.0000000  965.0000000 -0.0000397  0.0000000 0.0000000 0 -0.0028447
-999.0000000  940.0000000 -0.0000549  0.0000000 0.0000000 0 -0.0051331
-999.0000000  915.0000000 -0.0000679  0.0000000 0.0000000 0 -0.0066926
-999.0000000  890.0000000 -0.0000706  0.0000001 0.0000000 0 -0.0069694
-999.0000000  865.0000000 -0.0000589  0.0000001 0.0000000 0 -0.0059741
-999.0000000  840.0000000 -0.0000431  0.0000000 0.0000000 0 -0.0040616
-999.0000000  815.0000000 -0.0000348  0.0000000 0.0000000 0 -0.0015676
-999.0000000  790.0000000 -0.0000300  0.0000000 0.0000000 0  0.0013114
-999.0000000  765.0000000 -0.0000203 -0.0000000 0.0000000 0  0.0041239
-999.0000000  740.0000000 -0.0000080 -0.0000000 0.0000000 0  0.0060256
-999.0000000  715.0000000 -0.0000020 -0.0000000 0.0000000 0  0.0062702
-999.0000000  690.0000000 -0.0000017 -0.0000000 0.0000000 0  0.0047598
-999.0000000  665.0000000 -0.0000027 -0.0000000 0.0000000 0  0.0020343
-999.0000000  640.0000000 -0.0000012 -0.0000000 0.0000000 0 -0.0013178
-999.0000000  615.0000000  0.0000019 -0.0000000 0.0000000 0 -0.0048185
-999.0000000  590.0000000  0.0000035 -0.0000000 0.0000000 0 -0.0080611
-999.0000000  565.0000000  0.0000029 -0.0000000 0.0000000 0 -0.0107730
-999.0000000  540.0000000  0.0000015 -0.0000000 0.0000000 0 -0.0127462
-999.0000000  515.0000000 -0.0000004 -0.0000000 0.0000000 0 -0.0138711
-999.0000000  490.0000000 -0.0000042 -0.0000000 0.0000000 0 -0.0143373
-999.0000000  465.0000000 -0.0000102 -0.0000000 0.0000000 0 -0.0147003
-999.0000000  440.0000000 -0.0000164  0.0000000 0.0000000 0 -0.0154999
-999.0000000  415.0000000 -0.0000225  0.0000000 0.0000000 0 -0.0170094
-999.0000000  390.0000000 -0.0000238 -0.0000000 0.0000000 0 -0.0189654
-999.0000000  365.0000000 -0.0000167 -0.0000000 0.0000000 0 -0.0205473
-999.0000000  340.0000000 -0.0000080  0.0000000 0.0000000 0 -0.0213854
-999.0000000  315.0000000 -0.0000061  0.0000000 0.0000000 0 -0.0219827
-999.0000000  290.0000000 -0.0000103  0.0000000 0.0000000 0 -0.0227408
-999.0000000  265.0000000 -0.0000137 -0.0000000 0.0000000 0 -0.0232627
-999.0000000  240.0000000 -0.0000078 -0.0000000 0.0000000 0 -0.0225542
-999.0000000  215.0000000  0.0000013 -0.0000000 0.0000000 0 -0.0195387
-999.0000000  190.0000000  0.0000052  0.0000000 0.0000000 0 -0.0134625
-999.0000000  165.0000000  0.0000091  0.0000000 0.0000000 0 -0.0055191
-999.0000000  140.0000000  0.0000164 -0.0000000 0.0000000 0  0.0007459
-999.0000000  115.0000000  0.0000140  0.0000000 0.0000000 0  0.0022287
-999.0000000   90.0000000  0.0000070  0.0000000 0.0000000 0  0.0000003
-999.0000000   65.0000000 -0.0000063 -0.0000000 0.0000000 0 -0.0000000
-999.0000000   40.0000000 -0.0000065 -0.0000000 0.0000000 0 -0.0000000
-999.0000000   15.0000000 -0.0000028 -0.0000000 0.0000000 0 -0.0000000
 270.500  45   1006.18  day,levels,pres0
-999.0000000 1115.0000000  0.0000062  0.0000000 0.0000000 0 -0.0006607
-999.0000000 1090.0000000  0.0000062  0.0000000 0.0000000 0 -0.0006758
-999.0000000 1065.0000000  0.0000062  0.0000000 0.0000000 0 -0.0006917
-999.0000000 1040.0000000  0.0000062  0.0000000 0.0000000 0 -0.0007083
-999.0000000 1015.0000000  0.0000062  0.0000000 0.0000000 0 -0.0007257
-999.0000000  990.0000000  0.0000062  0.0000000 0.0000000 0 -0.0007441
-999.0000000  965.0000000 -0.0000175  0.0000000 0.0000000 0 -0.0024520
-999.0000000  940.0000000 -0.0000376  0.0000000 0.0000000 0 -0.0046050
-999.0000000  915.0000000 -0.0000598  0.0000000 0.0000000 0 -0.0063698
-999.0000000  890.0000000 -0.0000698  0.0000000 0.0000000 0 -0.0071788
-999.0000000  865.0000000 -0.0000571  0.0000001 0.0000000 0 -0.0070122
-999.0000000  840.0000000 -0.0000346  0.0000000 0.0000000 0 -0.0061933
-999.0000000  815.0000000 -0.0000186  0.0000000 0.0000000 0 -0.0048300
-999.0000000  790.0000000 -0.0000103  0.0000000 0.0000000 0 -0.0028631
-999.0000000  765.0000000 -0.0000048 -0.0000000 0.0000000 0 -0.0006022
-999.0000000  740.0000000  0.0000010 -0.0000000 0.0000000 0  0.0011402
-999.0000000  715.0000000  0.0000038 -0.0000000 0.0000000 0  0.0015476
-999.0000000  690.0000000  0.0000025 -0.0000000 0.0000000 0  0.0004164
-999.0000000  665.0000000 -0.0000001 -0.0000000 0.0000000 0 -0.0018435
-999.0000000  640.0000000 -0.0000013 -0.0000000 0.0000000 0 -0.0047298
-999.0000000  615.0000000 -0.0000035 -0.0000000 0.0000000 0 -0.0077745
-999.0000000  590.0000000 -0.0000057 -0.0000000 0.0000000 0 -0.0106435
-999.0000000  565.0000000 -0.0000062 -0.0000000 0.0000000 0 -0.0132422
-999.0000000  540.0000000 -0.0000052 -0.0000000 0.0000000 0 -0.0154865
-999.0000000  515.0000000 -0.0000028 -0.0000000 0.0000000 0 -0.0172428
-999.0000000  490.0000000 -0.0000027 -0.0000000 0.0000000 0 -0.0185019
-999.0000000  465.0000000 -0.0000055  0.0000000 0.0000000 0 -0.0194427
-999.0000000  440.0000000 -0.0000097  0.0000000 0.0000000 0 -0.0203134
-999.0000000  415.0000000 -0.0000139  0.0000000 0.0000000 0 -0.0213270
-999.0000000  390.0000000 -0.0000148 -0.0000000 0.0000000 0 -0.0223340
-999.0000000  365.0000000 -0.0000120 -0.0000000 0.0000000 0 -0.0227339
-999.0000000  340.0000000 -0.0000066  0.0000000 0.0000000 0 -0.0222447
-999.0000000  315.0000000 -0.0000033  0.0000000 0.0000000 0 -0.0212582
-999.0000000  290.0000000 -0.0000046 -0.0000000 0.0000000 0 -0.0201251
-999.0000000  265.0000000 -0.0000065 -0.0000000 0.0000000 0 -0.0187439
-999.0000000  240.0000000 -0.0000036 -0.0000000 0.0000000 0 -0.0169908
-999.0000000  215.0000000  0.0000026 -0.0000000 0.0000000 0 -0.0147897
-999.0000000  190.0000000  0.0000068 -0.0000000 0.0000000 0 -0.0113008
-999.0000000  165.0000000  0.0000097 -0.0000000 0.0000000 0 -0.0064538
-999.0000000  140.0000000  0.0000144 -0.0000000 0.0000000 0 -0.0018136
-999.0000000  115.0000000  0.0000119  0.0000000 0.0000000 0  0.0002443
-999.0000000   90.0000000  0.0000059  0.0000000 0.0000000 0 -0.0000003
-999.0000000   65.0000000 -0.0000035 -0.0000000 0.0000000 0 -0.0000000
-999.0000000   40.0000000 -0.0000027 -0.0000000 0.0000000 0 -0.0000000
-999.0000000   15.0000000  0.0000015 -0.0000000 0.0000000 0 -0.0000000
 270.625  45   1007.00  day,levels,pres0
-999.0000000 1115.0000000  0.0000174  0.0000000 0.0000000 0 -0.0009747
-999.0000000 1090.0000000  0.0000174  0.0000000 0.0000000 0 -0.0009970
-999.0000000 1065.0000000  0.0000174  0.0000000 0.0000000 0 -0.0010204
-999.0000000 1040.0000000  0.0000174  0.0000000 0.0000000 0 -0.0010449
-999.0000000 1015.0000000  0.0000174  0.0000000 0.0000000 0 -0.0010707
-999.0000000  990.0000000  0.0000174  0.0000000 0.0000000 0 -0.0010977
-999.0000000  965.0000000  0.0000042  0.0000000 0.0000000 0 -0.0031958
-999.0000000  940.0000000 -0.0000109  0.0000000 0.0000000 0 -0.0057628
-999.0000000  915.0000000 -0.0000282  0.0000000 0.0000000 0 -0.0082271
-999.0000000  890.0000000 -0.0000383  0.0000000 0.0000000 0 -0.0101378
-999.0000000  865.0000000 -0.0000288  0.0000000 0.0000000 0 -0.0113837
-999.0000000  840.0000000 -0.0000116  0.0000000 0.0000000 0 -0.0120552
-999.0000000  815.0000000 -0.0000011  0.0000000 0.0000000 0 -0.0121025
-999.0000000  790.0000000  0.0000018 -0.0000000 0.0000000 0 -0.0114096
-999.0000000  765.0000000  0.0000044 -0.0000000 0.0000000 0 -0.0100727
-999.0000000  740.0000000  0.0000066 -0.0000000 0.0000000 0 -0.0084644
-999.0000000  715.0000000  0.0000052 -0.0000000 0.0000000 0 -0.0070931
-999.0000000  690.0000000  0.0000018 -0.0000000 0.0000000 0 -0.0061974
-999.0000000  665.0000000 -0.0000023 -0.0000000 0.0000000 0 -0.0057305
-999.0000000  640.0000000 -0.0000052 -0.0000000 0.0000000 0 -0.0055902
-999.0000000  615.0000000 -0.0000083 -0.0000000 0.0000000 0 -0.0056642
-999.0000000  590.0000000 -0.0000104 -0.0000000 0.0000000 0 -0.0059413
-999.0000000  565.0000000 -0.0000101 -0.0000000 0.0000000 0 -0.0065298
-999.0000000  540.0000000 -0.0000079 -0.0000000 0.0000000 0 -0.0073702
-999.0000000  515.0000000 -0.0000038 -0.0000000 0.0000000 0 -0.0081503
-999.0000000  490.0000000 -0.0000010 -0.0000000 0.0000000 0 -0.0085924
-999.0000000  465.0000000 -0.0000013  0.0000000 0.0000000 0 -0.0085585
-999.0000000  440.0000000 -0.0000035  0.0000000 0.0000000 0 -0.0080405
-999.0000000  415.0000000 -0.0000055  0.0000000 0.0000000 0 -0.0071583
-999.0000000  390.0000000 -0.0000081  0.0000000 0.0000000 0 -0.0059706
-999.0000000  365.0000000 -0.0000130  0.0000000 0.0000000 0 -0.0044686
-999.0000000  340.0000000 -0.0000150  0.0000000 0.0000000 0 -0.0029579
-999.0000000  315.0000000 -0.0000138 -0.0000000 0.0000000 0 -0.0020439
-999.0000000  290.0000000 -0.0000138 -0.0000000 0.0000000 0 -0.0017332
-999.0000000  265.0000000 -0.0000138 -0.0000000 0.0000000 0 -0.0011592
-999.0000000  240.0000000 -0.0000081 -0.0000000 0.0000000 0  0.0001858
-999.0000000  215.0000000 -0.0000002 -0.0000000 0.0000000 0  0.0018008
-999.0000000  190.0000000  0.0000034 -0.0000000 0.0000000 0  0.0033732
-999.0000000  165.0000000  0.0000057 -0.0000000 0.0000000 0  0.0042619
-999.0000000  140.0000000  0.0000100 -0.0000000 0.0000000 0  0.0027063
-999.0000000  115.0000000  0.0000086  0.0000000 0.0000000 0  0.0002578
-999.0000000   90.0000000  0.0000054  0.0000000 0.0000000 0  0.0000002
-999.0000000   65.0000000 -0.0000007 -0.0000000 0.0000000 0 -0.0000000
-999.0000000   40.0000000  0.0000012 -0.0000000 0.0000000 0 -0.0000000
-999.0000000   15.0000000  0.0000059 -0.0000000 0.0000000 0 -0.0000000
 270.750  45   1002.98  day,levels,pres0
-999.0000000 1115.0000000  0.0000134  0.0000000 0.0000000 0 -0.0004262
-999.0000000 1090.0000000  0.0000134  0.0000000 0.0000000 0 -0.0004360
-999.0000000 1065.0000000  0.0000134  0.0000000 0.0000000 0 -0.0004462
-999.0000000 1040.0000000  0.0000134  0.0000000 0.0000000 0 -0.0004570
-999.0000000 1015.0000000  0.0000134  0.0000000 0.0000000 0 -0.0004682
-999.0000000  990.0000000  0.0000134  0.0000000 0.0000000 0 -0.0004801
-999.0000000  965.0000000  0.0000093  0.0000000 0.0000000 0 -0.0017341
-999.0000000  940.0000000 -0.0000005  0.0000000 0.0000000 0 -0.0034670
-999.0000000  915.0000000 -0.0000132  0.0000000 0.0000000 0 -0.0053171
-999.0000000  890.0000000 -0.0000238  0.0000000 0.0000000 0 -0.0069987
-999.0000000  865.0000000 -0.0000173  0.0000000 0.0000000 0 -0.0083628
-999.0000000  840.0000000 -0.0000033  0.0000000 0.0000000 0 -0.0092987
-999.0000000  815.0000000  0.0000041  0.0000000 0.0000000 0 -0.0096148
-999.0000000  790.0000000  0.0000036 -0.0000000 0.0000000 0 -0.0092376
-999.0000000  765.0000000  0.0000049 -0.0000000 0.0000000 0 -0.0082975
-999.0000000  740.0000000  0.0000044 -0.0000001 0.0000000 0 -0.0069004
-999.0000000  715.0000000 -0.0000008 -0.0000000 0.0000000 0 -0.0051892
-999.0000000  690.0000000 -0.0000075 -0.0000000 0.0000000 0 -0.0032722
-999.0000000  665.0000000 -0.0000147 -0.0000000 0.0000000 0 -0.0012394
-999.0000000  640.0000000 -0.0000205 -0.0000000 0.0000000 0  0.0007061
-999.0000000  615.0000000 -0.0000249 -0.0000000 0.0000000 0  0.0022059
-999.0000000  590.0000000 -0.0000257 -0.0000000 0.0000000 0  0.0029156
-999.0000000  565.0000000 -0.0000220 -0.0000000 0.0000000 0  0.0026132
-999.0000000  540.0000000 -0.0000166 -0.0000000 0.0000000 0  0.0013833
-999.0000000  515.0000000 -0.0000100 -0.0000000 0.0000000 0 -0.0002715
-999.0000000  490.0000000 -0.0000052 -0.0000000 0.0000000 0 -0.0017921
-999.0000000  465.0000000 -0.0000033  0.0000000 0.0000000 0 -0.0027111
-999.0000000  440.0000000 -0.0000021  0.0000000 0.0000000 0 -0.0027309
-999.0000000  415.0000000 -0.0000003  0.0000000 0.0000000 0 -0.0018375
-999.0000000  390.0000000 -0.0000032  0.0000000 0.0000000 0 -0.0002558
-999.0000000  365.0000000 -0.0000146  0.0000000 0.0000000 0  0.0015080
-999.0000000  340.0000000 -0.0000237  0.0000000 0.0000000 0  0.0026308
-999.0000000  315.0000000 -0.0000258  0.0000000 0.0000000 0  0.0022969
-999.0000000  290.0000000 -0.0000258 -0.0000000 0.0000000 0  0.0008578
-999.0000000  265.0000000 -0.0000244 -0.0000000 0.0000000 0  0.0000828
-999.0000000  240.0000000 -0.0000174 -0.0000000 0.0000000 0  0.0011274
-999.0000000  215.0000000 -0.0000099 -0.0000000 0.0000000 0  0.0031652
-999.0000000  190.0000000 -0.0000075 -0.0000000 0.0000000 0  0.0048235
-999.0000000  165.0000000 -0.0000043 -0.0000000 0.0000000 0  0.0048306
-999.0000000  140.0000000  0.0000008 -0.0000000 0.0000000 0  0.0018115
-999.0000000  115.0000000 -0.0000004  0.0000000 0.0000000 0 -0.0010037
-999.0000000   90.0000000 -0.0000007  0.0000000 0.0000000 0  0.0000002
-999.0000000   65.0000000 -0.0000025 -0.0000000 0.0000000 0 -0.0000000
-999.0000000   40.0000000  0.0000004 -0.0000000 0.0000000 0 -0.0000000
-999.0000000   15.0000000  0.0000044 -0.0000000 0.0000000 0 -0.0000000
 270.875  45   1000.94  day,levels,pres0
-999.0000000 1115.0000000  0.0000142  0.0000000 0.0000000 0 -0.0003771
-999.0000000 1090.0000000  0.0000142  0.0000000 0.0000000 0 -0.0003858
-999.0000000 1065.0000000  0.0000142  0.0000000 0.0000000 0 -0.0003948
-999.0000000 1040.0000000  0.0000142  0.0000000 0.0000000 0 -0.0004043
-999.0000000 1015.0000000  0.0000142  0.0000000 0.0000000 0 -0.0004143
-999.0000000  990.0000000  0.0000142  0.0000000 0.0000000 0 -0.0004248
-999.0000000  965.0000000  0.0000177 -0.0000000 0.0000000 0 -0.0014829
-999.0000000  940.0000000  0.0000101 -0.0000000 0.0000000 0 -0.0026829
-999.0000000  915.0000000 -0.0000033 -0.0000000 0.0000000 0 -0.0038835
-999.0000000  890.0000000 -0.0000174  0.0000000 0.0000000 0 -0.0048941
-999.0000000  865.0000000 -0.0000204  0.0000000 0.0000000 0 -0.0057114
-999.0000000  840.0000000 -0.0000125  0.0000000 0.0000000 0 -0.0065196
-999.0000000  815.0000000 -0.0000099  0.0000000 0.0000000 0 -0.0073737
-999.0000000  790.0000000 -0.0000199  0.0000001 0.0000000 0 -0.0081416
-999.0000000  765.0000000 -0.0000253  0.0000000 0.0000000 0 -0.0085902
-999.0000000  740.0000000 -0.0000231  0.0000000 0.0000000 0 -0.0084995
-999.0000000  715.0000000 -0.0000185  0.0000000 0.0000000 0 -0.0078868
-999.0000000  690.0000000 -0.0000156 -0.0000000 0.0000000 0 -0.0069269
-999.0000000  665.0000000 -0.0000150 -0.0000000 0.0000000 0 -0.0058830
-999.0000000  640.0000000 -0.0000151 -0.0000000 0.0000000 0 -0.0050247
-999.0000000  615.0000000 -0.0000158 -0.0000000 0.0000000 0 -0.0045883
-999.0000000  590.0000000 -0.0000152 -0.0000000 0.0000000 0 -0.0047278
-999.0000000  565.0000000 -0.0000129 -0.0000000 0.0000000 0 -0.0054539
-999.0000000  540.0000000 -0.0000106 -0.0000000 0.0000000 0 -0.0066100
-999.0000000  515.0000000 -0.0000085 -0.0000000 0.0000000 0 -0.0078672
-999.0000000  490.0000000 -0.0000088 -0.0000000 0.0000000 0 -0.0090093
-999.0000000  465.0000000 -0.0000126  0.0000000 0.0000000 0 -0.0100473
-999.0000000  440.0000000 -0.0000162  0.0000000 0.0000000 0 -0.0110341
-999.0000000  415.0000000 -0.0000176  0.0000000 0.0000000 0 -0.0119923
-999.0000000  390.0000000 -0.0000194  0.0000000 0.0000000 0 -0.0129237
-999.0000000  365.0000000 -0.0000236  0.0000000 0.0000000 0 -0.0138275
-999.0000000  340.0000000 -0.0000274  0.0000000 0.0000000 0 -0.0147767
-999.0000000  315.0000000 -0.0000294 -0.0000000 0.0000000 0 -0.0157843
-999.0000000  290.0000000 -0.0000297 -0.0000000 0.0000000 0 -0.0161879
-999.0000000  265.0000000 -0.0000269 -0.0000000 0.0000000 0 -0.0147325
-999.0000000  240.0000000 -0.0000197 -0.0000000 0.0000000 0 -0.0113550
-999.0000000  215.0000000 -0.0000126 -0.0000000 0.0000000 0 -0.0078685
-999.0000000  190.0000000 -0.0000091 -0.0000000 0.0000000 0 -0.0056258
-999.0000000  165.0000000 -0.0000070 -0.0000000 0.0000000 0 -0.0044005
-999.0000000  140.0000000 -0.0000054 -0.0000000 0.0000000 0 -0.0033320
-999.0000000  115.0000000 -0.0000058  0.0000000 0.0000000 0 -0.0018439
-999.0000000   90.0000000 -0.0000047  0.0000000 0.0000000 0 -0.0000000
-999.0000000   65.0000000 -0.0000045 -0.0000000 0.0000000 0 -0.0000000
-999.0000000   40.0000000 -0.0000005 -0.0000000 0.0000000 0 -0.0000000
-999.0000000   15.0000000  0.0000028 -0.0000000 0.0000000 0 -0.0000000
 271.000  45   1003.06  day,levels,pres0
-999.0000000 1115.0000000  0.0000190 -0.0000000 0.0000000 0 -0.0004232
-999.0000000 1090.0000000  0.0000190 -0.0000000 0.0000000 0 -0.0004330
-999.0000000 1065.0000000  0.0000190 -0.0000000 0.0000000 0 -0.0004431
-999.0000000 1040.0000000  0.0000190 -0.0000000 0.0000000 0 -0.0004538
-999.0000000 1015.0000000  0.0000190 -0.0000000 0.0000000 0 -0.0004649
-999.0000000  990.0000000  0.0000190 -0.0000000 0.0000000 0 -0.0004767
-999.0000000  965.0000000  0.0000315 -0.0000000 0.0000000 0 -0.0012321
-999.0000000  940.0000000  0.0000266 -0.0000000 0.0000000 0 -0.0018137
-999.0000000  915.0000000  0.0000124 -0.0000000 0.0000000 0 -0.0023388
-999.0000000  890.0000000 -0.0000056 -0.0000000 0.0000000 0 -0.0026748
-999.0000000  865.0000000 -0.0000194  0.0000000 0.0000000 0 -0.0028792
-999.0000000  840.0000000 -0.0000193  0.0000001 0.0000000 0 -0.0033814
-999.0000000  815.0000000 -0.0000235  0.0000001 0.0000000 0 -0.0044939
-999.0000000  790.0000000 -0.0000459  0.0000001 0.0000000 0 -0.0060574
-999.0000000  765.0000000 -0.0000606  0.0000002 0.0000000 0 -0.0075179
-999.0000000  740.0000000 -0.0000557  0.0000001 0.0000000 0 -0.0083752
-999.0000000  715.0000000 -0.0000382  0.0000001 0.0000000 0 -0.0085464
-999.0000000  690.0000000 -0.0000221  0.0000000 0.0000000 0 -0.0082706
-999.0000000  665.0000000 -0.0000103  0.0000000 0.0000000 0 -0.0079678
-999.0000000  640.0000000 -0.0000033 -0.0000000 0.0000000 0 -0.0079592
-999.0000000  615.0000000 -0.0000011 -0.0000000 0.0000000 0 -0.0083415
-999.0000000  590.0000000 -0.0000008 -0.0000000 0.0000000 0 -0.0090719
-999.0000000  565.0000000 -0.0000013 -0.0000000 0.0000000 0 -0.0099575
-999.0000000  540.0000000 -0.0000023 -0.0000000 0.0000000 0 -0.0107644
-999.0000000  515.0000000 -0.0000042 -0.0000000 0.0000000 0 -0.0113132
-999.0000000  490.0000000 -0.0000089  0.0000000 0.0000000 0 -0.0117165
-999.0000000  465.0000000 -0.0000178  0.0000000 0.0000000 0 -0.0124722
-999.0000000  440.0000000 -0.0000265  0.0000000 0.0000000 0 -0.0139983
-999.0000000  415.0000000 -0.0000316  0.0000000 0.0000000 0 -0.0163753
-999.0000000  390.0000000 -0.0000309  0.0000000 0.0000000 0 -0.0194183
-999.0000000  365.0000000 -0.0000260  0.0000000 0.0000000 0 -0.0226761
-999.0000000  340.0000000 -0.0000237  0.0000000 0.0000000 0 -0.0255001
-999.0000000  315.0000000 -0.0000249 -0.0000000 0.0000000 0 -0.0270737
-999.0000000  290.0000000 -0.0000245 -0.0000000 0.0000000 0 -0.0264010
-999.0000000  265.0000000 -0.0000196 -0.0000000 0.0000000 0 -0.0227906
-999.0000000  240.0000000 -0.0000113 -0.0000000 0.0000000 0 -0.0173820
-999.0000000  215.0000000 -0.0000039 -0.0000000 0.0000000 0 -0.0130755
-999.0000000  190.0000000  0.0000004 -0.0000000 0.0000000 0 -0.0112229
-999.0000000  165.0000000  0.0000007 -0.0000000 0.0000000 0 -0.0100731
-999.0000000  140.0000000  0.0000013  0.0000000 0.0000000 0 -0.0066497
-999.0000000  115.0000000  0.0000033  0.0000000 0.0000000 0 -0.0022733
-999.0000000   90.0000000  0.0000041  0.0000000 0.0000000 0  0.0000003
-999.0000000   65.0000000  0.0000017 -0.0000000 0.0000000 0 -0.0000000
-999.0000000   40.0000000 -0.0000012 -0.0000000 0.0000000 0 -0.0000000
-999.0000000   15.0000000 -0.0000089 -0.0000000 0.0000000 0 -0.0000000
 271.125  45   1005.16  day,levels,pres0
-999.0000000 1115.0000000 -0.0000040 -0.0000000 0.0000000 0 -0.0001709
-999.0000000 1090.0000000 -0.0000040 -0.0000000 0.0000000 0 -0.0001749
-999.0000000 1065.0000000 -0.0000040 -0.0000000 0.0000000 0 -0.0001790
-999.0000000 1040.0000000 -0.0000040 -0.0000000 0.0000000 0 -0.0001833
-999.0000000 1015.0000000 -0.0000040 -0.0000000 0.0000000 0 -0.0001878
-999.0000000  990.0000000 -0.0000040 -0.0000000 0.0000000 0 -0.0001925
-999.0000000  965.0000000 -0.0000102 -0.0000000 0.0000000 0 -0.0002663
-999.0000000  940.0000000 -0.0000039 -0.0000000 0.0000000 0 -0.0000326
-999.0000000  915.0000000 -0.0000016 -0.0000000 0.0000000 0  0.0003965
-999.0000000  890.0000000 -0.0000049 -0.0000000 0.0000000 0  0.0010427
-999.0000000  865.0000000 -0.0000113 -0.0000000 0.0000000 0  0.0018230
-999.0000000  840.0000000 -0.0000127 -0.0000000 0.0000000 0  0.0023760
-999.0000000  815.0000000 -0.0000158  0.0000000 0.0000000 0  0.0023145
-999.0000000  790.0000000 -0.0000304  0.0000000 0.0000000 0  0.0015981
-999.0000000  765.0000000 -0.0000443  0.0000001 0.0000000 0  0.0005584
-999.0000000  740.0000000 -0.0000485  0.0000001 0.0000000 0 -0.0004233
-999.0000000  715.0000000 -0.0000433  0.0000001 0.0000000 0 -0.0011518
-999.0000000  690.0000000 -0.0000346  0.0000001 0.0000000 0 -0.0015626
-999.0000000  665.0000000 -0.0000236  0.0000001 0.0000000 0 -0.0016429
-999.0000000  640.0000000 -0.0000151  0.0000000 0.0000000 0 -0.0015340
-999.0000000  615.0000000 -0.0000099  0.0000000 0.0000000 0 -0.0015675
-999.0000000  590.0000000 -0.0000061  0.0000000 0.0000000 0 -0.0019707
-999.0000000  565.0000000 -0.0000035  0.0000000 0.0000000 0 -0.0027520
-999.0000000  540.0000000 -0.0000033  0.0000000 0.0000000 0 -0.0038488
-999.0000000  515.0000000 -0.0000060  0.0000000 0.0000000 0 -0.0051778
-999.0000000  490.0000000 -0.0000108  0.0000000 0.0000000 0 -0.0067485
-999.0000000  465.0000000 -0.0000177  0.0000000 0.0000000 0 -0.0087054
-999.0000000  440.0000000 -0.0000217  0.0000000 0.0000000 0 -0.0111479
-999.0000000  415.0000000 -0.0000191  0.0000000 0.0000000 0 -0.0140097
-999.0000000  390.0000000 -0.0000139  0.0000000 0.0000000 0 -0.0170432
-999.0000000  365.0000000 -0.0000106  0.0000000 0.0000000 0 -0.0198273
-999.0000000  340.0000000 -0.0000113  0.0000000 0.0000000 0 -0.0218846
-999.0000000  315.0000000 -0.0000146  0.0000000 0.0000000 0 -0.0226956
-999.0000000  290.0000000 -0.0000153  0.0000000 0.0000000 0 -0.0214813
-999.0000000  265.0000000 -0.0000114  0.0000000 0.0000000 0 -0.0175143
-999.0000000  240.0000000 -0.0000043  0.0000000 0.0000000 0 -0.0117316
-999.0000000  215.0000000  0.0000030  0.0000000 0.0000000 0 -0.0071469
-999.0000000  190.0000000  0.0000086 -0.0000000 0.0000000 0 -0.0058677
-999.0000000  165.0000000  0.0000094 -0.0000000 0.0000000 0 -0.0065474
-999.0000000  140.0000000  0.0000105  0.0000000 0.0000000 0 -0.0047148
-999.0000000  115.0000000  0.0000143  0.0000000 0.0000000 0 -0.0013044
-999.0000000   90.0000000  0.0000168  0.0000000 0.0000000 0  0.0000016
-999.0000000   65.0000000  0.0000079 -0.0000000 0.0000000 0 -0.0000000
-999.0000000   40.0000000 -0.0000018 -0.0000000 0.0000000 0 -0.0000000
-999.0000000   15.0000000 -0.0000206 -0.0000000 0.0000000 0 -0.0000000
 271.250  45   1004.24  day,levels,pres0
-999.0000000 1115.0000000 -0.0000325 -0.0000000 0.0000000 0  0.0000501
-999.0000000 1090.0000000 -0.0000325 -0.0000000 0.0000000 0  0.0000513
-999.0000000 1065.0000000 -0.0000325 -0.0000000 0.0000000 0  0.0000525
-999.0000000 1040.0000000 -0.0000325 -0.0000000 0.0000000 0  0.0000538
-999.0000000 1015.0000000 -0.0000325 -0.0000000 0.0000000 0  0.0000551
-999.0000000  990.0000000 -0.0000325 -0.0000000 0.0000000 0  0.0000565
-999.0000000  965.0000000 -0.0000627  0.0000000 0.0000000 0  0.0004436
-999.0000000  940.0000000 -0.0000427 -0.0000000 0.0000000 0  0.0012818
-999.0000000  915.0000000 -0.0000189 -0.0000000 0.0000000 0  0.0024539
-999.0000000  890.0000000 -0.0000023 -0.0000001 0.0000000 0  0.0038488
-999.0000000  865.0000000  0.0000012 -0.0000001 0.0000000 0  0.0053456
-999.0000000  840.0000000 -0.0000020 -0.0000001 0.0000000 0  0.0066541
-999.0000000  815.0000000 -0.0000044 -0.0000001 0.0000000 0  0.0073191
-999.0000000  790.0000000 -0.0000103 -0.0000000 0.0000000 0  0.0071038
-999.0000000  765.0000000 -0.0000235 -0.0000000 0.0000000 0  0.0061244
-999.0000000  740.0000000 -0.0000374  0.0000000 0.0000000 0  0.0046491
-999.0000000  715.0000000 -0.0000457  0.0000001 0.0000000 0  0.0029868
-999.0000000  690.0000000 -0.0000458  0.0000001 0.0000000 0  0.0014996
-999.0000000  665.0000000 -0.0000366  0.0000001 0.0000000 0  0.0006249
-999.0000000  640.0000000 -0.0000270  0.0000001 0.0000000 0  0.0003893
-999.0000000  615.0000000 -0.0000189  0.0000001 0.0000000 0  0.0002134
-999.0000000  590.0000000 -0.0000121  0.0000000 0.0000000 0 -0.0003977
-999.0000000  565.0000000 -0.0000067  0.0000000 0.0000000 0 -0.0016346
-999.0000000  540.0000000 -0.0000052  0.0000000 0.0000000 0 -0.0035848
-999.0000000  515.0000000 -0.0000086  0.0000000 0.0000000 0 -0.0062406
-999.0000000  490.0000000 -0.0000140  0.0000000 0.0000000 0 -0.0094885
-999.0000000  465.0000000 -0.0000196  0.0000000 0.0000000 0 -0.0131065
-999.0000000  440.0000000 -0.0000189  0.0000000 0.0000000 0 -0.0168754
-999.0000000  415.0000000 -0.0000078  0.0000000 0.0000000 0 -0.0205873
-999.0000000  390.0000000  0.0000021 -0.0000000 0.0000000 0 -0.0239188
-999.0000000  365.0000000  0.0000022  0.0000000 0.0000000 0 -0.0264496
-999.0000000  340.0000000 -0.0000035  0.0000000 0.0000000 0 -0.0278531
-999.0000000  315.0000000 -0.0000105  0.0000000 0.0000000 0 -0.0279024
-999.0000000  290.0000000 -0.0000139  0.0000000 0.0000000 0 -0.0260209
-999.0000000  265.0000000 -0.0000122  0.0000000 0.0000000 0 -0.0213952
-999.0000000  240.0000000 -0.0000069  0.0000000 0.0000000 0 -0.0146751
-999.0000000  215.0000000  0.0000002  0.0000000 0.0000000 0 -0.0089112
-999.0000000  190.0000000  0.0000077  0.0000000 0.0000000 0 -0.0069437
-999.0000000  165.0000000  0.0000082 -0.0000000 0.0000000 0 -0.0077714
-999.0000000  140.0000000  0.0000079  0.0000000 0.0000000 0 -0.0051826
-999.0000000  115.0000000  0.0000108  0.0000000 0.0000000 0 -0.0008419
-999.0000000   90.0000000  0.0000128  0.0000000 0.0000000 0 -0.0000008
-999.0000000   65.0000000  0.0000021 -0.0000000 0.0000000 0 -0.0000000
-999.0000000   40.0000000 -0.0000022 -0.0000000 0.0000000 0 -0.0000000
-999.0000000   15.0000000 -0.0000068 -0.0000000 0.0000000 0 -0.0000000
 271.375  45   1005.03  day,levels,pres0
-999.0000000 1115.0000000 -0.0000309  0.0000000 0.0000000 0 -0.0000601
-999.0000000 1090.0000000 -0.0000309  0.0000000 0.0000000 0 -0.0000615
-999.0000000 1065.0000000 -0.0000309  0.0000000 0.0000000 0 -0.0000629
-999.0000000 1040.0000000 -0.0000309  0.0000000 0.0000000 0 -0.0000644
-999.0000000 1015.0000000 -0.0000309  0.0000000 0.0000000 0 -0.0000660
-999.0000000  990.0000000 -0.0000309  0.0000000 0.0000000 0 -0.0000677
-999.0000000  965.0000000 -0.0000717  0.0000000 0.0000000 0 -0.0002273
-999.0000000  940.0000000 -0.0000615  0.0000000 0.0000000 0 -0.0001062
-999.0000000  915.0000000 -0.0000418 -0.0000000 0.0000000 0  0.0006269
-999.0000000  890.0000000 -0.0000279 -0.0000000 0.0000000 0  0.0018666
-999.0000000  865.0000000 -0.0000227 -0.0000000 0.0000000 0  0.0033389
-999.0000000  840.0000000 -0.0000206 -0.0000000 0.0000000 0  0.0046238
-999.0000000  815.0000000 -0.0000175 -0.0000000 0.0000000 0  0.0052729
-999.0000000  790.0000000 -0.0000170 -0.0000000 0.0000000 0  0.0050430
-999.0000000  765.0000000 -0.0000210 -0.0000000 0.0000000 0  0.0039050
-999.0000000  740.0000000 -0.0000274  0.0000000 0.0000000 0  0.0019879
-999.0000000  715.0000000 -0.0000327  0.0000000 0.0000000 0 -0.0003894
-999.0000000  690.0000000 -0.0000336  0.0000000 0.0000000 0 -0.0026760
-999.0000000  665.0000000 -0.0000289  0.0000001 0.0000000 0 -0.0041012
-999.0000000  640.0000000 -0.0000230  0.0000001 0.0000000 0 -0.0044099
-999.0000000  615.0000000 -0.0000171  0.0000001 0.0000000 0 -0.0041716
-999.0000000  590.0000000 -0.0000137  0.0000000 0.0000000 0 -0.0040339
-999.0000000  565.0000000 -0.0000130  0.0000000 0.0000000 0 -0.0045033
-999.0000000  540.0000000 -0.0000154  0.0000000 0.0000000 0 -0.0059084
-999.0000000  515.0000000 -0.0000209  0.0000000 0.0000000 0 -0.0082863
-999.0000000  490.0000000 -0.0000255  0.0000000 0.0000000 0 -0.0113938
-999.0000000  465.0000000 -0.0000267  0.0000000 0.0000000 0 -0.0147129
-999.0000000  440.0000000 -0.0000238  0.0000000 0.0000000 0 -0.0178184
-999.0000000  415.0000000 -0.0000162  0.0000000 0.0000000 0 -0.0205321
-999.0000000  390.0000000 -0.0000084 -0.0000000 0.0000000 0 -0.0227515
-999.0000000  365.0000000 -0.0000053  0.0000000 0.0000000 0 -0.0243622
-999.0000000  340.0000000 -0.0000076  0.0000000 0.0000000 0 -0.0250594
-999.0000000  315.0000000 -0.0000128  0.0000000 0.0000000 0 -0.0242750
-999.0000000  290.0000000 -0.0000160  0.0000000 0.0000000 0 -0.0213361
-999.0000000  265.0000000 -0.0000149  0.0000000 0.0000000 0 -0.0158740
-999.0000000  240.0000000 -0.0000105  0.0000000 0.0000000 0 -0.0091568
-999.0000000  215.0000000 -0.0000057  0.0000000 0.0000000 0 -0.0046517
-999.0000000  190.0000000  0.0000010  0.0000000 0.0000000 0 -0.0048818
-999.0000000  165.0000000  0.0000039 -0.0000000 0.0000000 0 -0.0074246
-999.0000000  140.0000000  0.0000019  0.0000000 0.0000000 0 -0.0058142
-999.0000000  115.0000000  0.0000029  0.0000000 0.0000000 0 -0.0016236
-999.0000000   90.0000000  0.0000035 -0.0000000 0.0000000 0  0.0000010
-999.0000000   65.0000000 -0.0000037 -0.0000000 0.0000000 0 -0.0000000
-999.0000000   40.0000000 -0.0000027 -0.0000000 0.0000000 0 -0.0000000
-999.0000000   15.0000000  0.0000069 -0.0000000 0.0000000 0 -0.0000000
 271.500  45   1007.10  day,levels,pres0
-999.0000000 1115.0000000 -0.0000124  0.0000000 0.0000000 0 -0.0005219
-999.0000000 1090.0000000 -0.0000124  0.0000000 0.0000000 0 -0.0005338
-999.0000000 1065.0000000 -0.0000124  0.0000000 0.0000000 0 -0.0005464
-999.0000000 1040.0000000 -0.0000124  0.0000000 0.0000000 0 -0.0005595
-999.0000000 1015.0000000 -0.0000124  0.0000000 0.0000000 0 -0.0005733
-999.0000000  990.0000000 -0.0000124  0.0000000 0.0000000 0 -0.0005878
-999.0000000  965.0000000 -0.0000666  0.0000000 0.0000000 0 -0.0019016
-999.0000000  940.0000000 -0.0000688  0.0000000 0.0000000 0 -0.0031003
-999.0000000  915.0000000 -0.0000546  0.0000000 0.0000000 0 -0.0034041
-999.0000000  890.0000000 -0.0000431  0.0000000 0.0000000 0 -0.0028931
-999.0000000  865.0000000 -0.0000351  0.0000000 0.0000000 0 -0.0019753
-999.0000000  840.0000000 -0.0000270  0.0000000 0.0000000 0 -0.0011857
-999.0000000  815.0000000 -0.0000187  0.0000000 0.0000000 0 -0.0009563
-999.0000000  790.0000000 -0.0000127  0.0000000 0.0000000 0 -0.0015211
-999.0000000  765.0000000 -0.0000093  0.0000000 0.0000000 0 -0.0030223
-999.0000000  740.0000000 -0.0000095 -0.0000000 0.0000000 0 -0.0054364
-999.0000000  715.0000000 -0.0000121 -0.0000000 0.0000000 0 -0.0084273
-999.0000000  690.0000000 -0.0000137 -0.0000000 0.0000000 0 -0.0112951
-999.0000000  665.0000000 -0.0000132  0.0000000 0.0000000 0 -0.0130126
-999.0000000  640.0000000 -0.0000108  0.0000000 0.0000000 0 -0.0131102
-999.0000000  615.0000000 -0.0000073  0.0000000 0.0000000 0 -0.0120903
-999.0000000  590.0000000 -0.0000071  0.0000000 0.0000000 0 -0.0107261
-999.0000000  565.0000000 -0.0000113  0.0000000 0.0000000 0 -0.0098541
-999.0000000  540.0000000 -0.0000177  0.0000000 0.0000000 0 -0.0100644
-999.0000000  515.0000000 -0.0000257  0.0000000 0.0000000 0 -0.0114672
-999.0000000  490.0000000 -0.0000299  0.0000000 0.0000000 0 -0.0137036
-999.0000000  465.0000000 -0.0000270 -0.0000000 0.0000000 0 -0.0159573
-999.0000000  440.0000000 -0.0000230 -0.0000000 0.0000000 0 -0.0176080
-999.0000000  415.0000000 -0.0000208 -0.0000000 0.0000000 0 -0.0185345
-999.0000000  390.0000000 -0.0000163  0.0000000 0.0000000 0 -0.0188959
-999.0000000  365.0000000 -0.0000098  0.0000000 0.0000000 0 -0.0189369
-999.0000000  340.0000000 -0.0000072 -0.0000000 0.0000000 0 -0.0183978
-999.0000000  315.0000000 -0.0000090 -0.0000000 0.0000000 0 -0.0163569
-999.0000000  290.0000000 -0.0000105 -0.0000000 0.0000000 0 -0.0120247
-999.0000000  265.0000000 -0.0000090 -0.0000000 0.0000000 0 -0.0054787
-999.0000000  240.0000000 -0.0000050  0.0000000 0.0000000 0  0.0013583
-999.0000000  215.0000000 -0.0000022  0.0000000 0.0000000 0  0.0045456
-999.0000000  190.0000000  0.0000033  0.0000000 0.0000000 0  0.0017910
-999.0000000  165.0000000  0.0000080 -0.0000000 0.0000000 0 -0.0032588
-999.0000000  140.0000000  0.0000044  0.0000000 0.0000000 0 -0.0042903
-999.0000000  115.0000000  0.0000045 -0.0000000 0.0000000 0 -0.0018765
-999.0000000   90.0000000  0.0000065 -0.0000000 0.0000000 0 -0.0000002
-999.0000000   65.0000000  0.0000043 -0.0000000 0.0000000 0 -0.0000000
-999.0000000   40.0000000  0.0000058 -0.0000000 0.0000000 0 -0.0000000
-999.0000000   15.0000000  0.0000074 -0.0000000 0.0000000 0 -0.0000000
 271.625  45   1006.85  day,levels,pres0
-999.0000000 1115.0000000  0.0000125  0.0000000 0.0000000 0 -0.0011784
-999.0000000 1090.0000000  0.0000125  0.0000000 0.0000000 0 -0.0012054
-999.0000000 1065.0000000  0.0000125  0.0000000 0.0000000 0 -0.0012337
-999.0000000 1040.0000000  0.0000125  0.0000000 0.0000000 0 -0.0012634
-999.0000000 1015.0000000  0.0000125  0.0000000 0.0000000 0 -0.0012945
-999.0000000  990.0000000  0.0000125  0.0000000 0.0000000 0 -0.0013272
-999.0000000  965.0000000 -0.0000177  0.0000000 0.0000000 0 -0.0037977
-999.0000000  940.0000000 -0.0000303  0.0000000 0.0000000 0 -0.0066953
-999.0000000  915.0000000 -0.0000291 -0.0000000 0.0000000 0 -0.0095485
-999.0000000  890.0000000 -0.0000194 -0.0000000 0.0000000 0 -0.0119785
-999.0000000  865.0000000 -0.0000117 -0.0000000 0.0000000 0 -0.0137351
-999.0000000  840.0000000 -0.0000034 -0.0000000 0.0000000 0 -0.0148716
-999.0000000  815.0000000  0.0000027 -0.0000000 0.0000000 0 -0.0156189
-999.0000000  790.0000000  0.0000039 -0.0000000 0.0000000 0 -0.0161528
-999.0000000  765.0000000  0.0000018 -0.0000000 0.0000000 0 -0.0165327
-999.0000000  740.0000000 -0.0000023 -0.0000000 0.0000000 0 -0.0167027
-999.0000000  715.0000000 -0.0000068 -0.0000000 0.0000000 0 -0.0164876
-999.0000000  690.0000000 -0.0000094 -0.0000000 0.0000000 0 -0.0156002
-999.0000000  665.0000000 -0.0000092  0.0000000 0.0000000 0 -0.0136734
-999.0000000  640.0000000 -0.0000079  0.0000000 0.0000000 0 -0.0106383
-999.0000000  615.0000000 -0.0000064  0.0000000 0.0000000 0 -0.0069197
-999.0000000  590.0000000 -0.0000062  0.0000000 0.0000000 0 -0.0030985
-999.0000000  565.0000000 -0.0000081  0.0000000 0.0000000 0  0.0002309
-999.0000000  540.0000000 -0.0000114  0.0000000 0.0000000 0  0.0026764
-999.0000000  515.0000000 -0.0000158  0.0000000 0.0000000 0  0.0041829
-999.0000000  490.0000000 -0.0000189  0.0000000 0.0000000 0  0.0049365
-999.0000000  465.0000000 -0.0000190 -0.0000000 0.0000000 0  0.0053250
-999.0000000  440.0000000 -0.0000202 -0.0000000 0.0000000 0  0.0056059
-999.0000000  415.0000000 -0.0000244 -0.0000000 0.0000000 0  0.0057610
-999.0000000  390.0000000 -0.0000254 -0.0000000 0.0000000 0  0.0057006
-999.0000000  365.0000000 -0.0000209 -0.0000000 0.0000000 0  0.0054071
-999.0000000  340.0000000 -0.0000165 -0.0000000 0.0000000 0  0.0051606
-999.0000000  315.0000000 -0.0000140 -0.0000000 0.0000000 0  0.0056062
-999.0000000  290.0000000 -0.0000116 -0.0000000 0.0000000 0  0.0074176
-999.0000000  265.0000000 -0.0000075 -0.0000000 0.0000000 0  0.0108042
-999.0000000  240.0000000 -0.0000022 -0.0000000 0.0000000 0  0.0144592
-999.0000000  215.0000000  0.0000015  0.0000000 0.0000000 0  0.0153041
-999.0000000  190.0000000  0.0000065  0.0000000 0.0000000 0  0.0116747
-999.0000000  165.0000000  0.0000105 -0.0000000 0.0000000 0  0.0064999
-999.0000000  140.0000000  0.0000100 -0.0000000 0.0000000 0  0.0022627
-999.0000000  115.0000000  0.0000107 -0.0000000 0.0000000 0 -0.0000286
-999.0000000   90.0000000  0.0000127 -0.0000000 0.0000000 0  0.0000007
-999.0000000   65.0000000  0.0000123 -0.0000000 0.0000000 0 -0.0000000
-999.0000000   40.0000000  0.0000144 -0.0000000 0.0000000 0 -0.0000000
-999.0000000   15.0000000  0.0000079 -0.0000000 0.0000000 0 -0.0000000
 271.750  45   1002.96  day,levels,pres0
-999.0000000 1115.0000000  0.0000098  0.0000000 0.0000000 0 -0.0008296
-999.0000000 1090.0000000  0.0000098  0.0000000 0.0000000 0 -0.0008486
-999.0000000 1065.0000000  0.0000098  0.0000000 0.0000000 0 -0.0008686
-999.0000000 1040.0000000  0.0000098  0.0000000 0.0000000 0 -0.0008894
-999.0000000 1015.0000000  0.0000098  0.0000000 0.0000000 0 -0.0009114
-999.0000000  990.0000000  0.0000098  0.0000000 0.0000000 0 -0.0009344
-999.0000000  965.0000000 -0.0000030 -0.0000000 0.0000000 0 -0.0031573
-999.0000000  940.0000000 -0.0000169 -0.0000000 0.0000000 0 -0.0062654
-999.0000000  915.0000000 -0.0000216 -0.0000000 0.0000000 0 -0.0101046
-999.0000000  890.0000000 -0.0000134 -0.0000000 0.0000000 0 -0.0139355
-999.0000000  865.0000000 -0.0000072 -0.0000000 0.0000000 0 -0.0169593
-999.0000000  840.0000000  0.0000003 -0.0000000 0.0000000 0 -0.0188306
-999.0000000  815.0000000  0.0000060 -0.0000000 0.0000000 0 -0.0196367
-999.0000000  790.0000000  0.0000050 -0.0000000 0.0000000 0 -0.0195539
-999.0000000  765.0000000 -0.0000004 -0.0000000 0.0000000 0 -0.0186341
-999.0000000  740.0000000 -0.0000068 -0.0000000 0.0000000 0 -0.0168414
-999.0000000  715.0000000 -0.0000123 -0.0000000 0.0000000 0 -0.0141506
-999.0000000  690.0000000 -0.0000153 -0.0000000 0.0000000 0 -0.0106031
-999.0000000  665.0000000 -0.0000151 -0.0000000 0.0000000 0 -0.0063598
-999.0000000  640.0000000 -0.0000150 -0.0000000 0.0000000 0 -0.0017167
-999.0000000  615.0000000 -0.0000159 -0.0000000 0.0000000 0  0.0028873
-999.0000000  590.0000000 -0.0000166 -0.0000000 0.0000000 0  0.0070415
-999.0000000  565.0000000 -0.0000169 -0.0000000 0.0000000 0  0.0104677
-999.0000000  540.0000000 -0.0000172 -0.0000000 0.0000000 0  0.0130402
-999.0000000  515.0000000 -0.0000174 -0.0000000 0.0000000 0  0.0148292
-999.0000000  490.0000000 -0.0000177 -0.0000000 0.0000000 0  0.0159120
-999.0000000  465.0000000 -0.0000183 -0.0000000 0.0000000 0  0.0162885
-999.0000000  440.0000000 -0.0000213 -0.0000000 0.0000000 0  0.0158961
-999.0000000  415.0000000 -0.0000275 -0.0000000 0.0000000 0  0.0146398
-999.0000000  390.0000000 -0.0000310 -0.0000000 0.0000000 0  0.0126085
-999.0000000  365.0000000 -0.0000292 -0.0000000 0.0000000 0  0.0101425
-999.0000000  340.0000000 -0.0000264 -0.0000000 0.0000000 0  0.0076008
-999.0000000  315.0000000 -0.0000244 -0.0000000 0.0000000 0  0.0053194
-999.0000000  290.0000000 -0.0000220 -0.0000000 0.0000000 0  0.0038358
-999.0000000  265.0000000 -0.0000182 -0.0000000 0.0000000 0  0.0037430
-999.0000000  240.0000000 -0.0000137 -0.0000000 0.0000000 0  0.0045555
-999.0000000  215.0000000 -0.0000106 -0.0000000 0.0000000 0  0.0042836
-999.0000000  190.0000000 -0.0000066 -0.0000000 0.0000000 0  0.0021072
-999.0000000  165.0000000 -0.0000048  0.0000000 0.0000000 0  0.0007941
-999.0000000  140.0000000 -0.0000024 -0.0000000 0.0000000 0  0.0003924
-999.0000000  115.0000000 -0.0000004 -0.0000000 0.0000000 0 -0.0001572
-999.0000000   90.0000000  0.0000003 -0.0000000 0.0000000 0  0.0000002
-999.0000000   65.0000000 -0.0000004 -0.0000000 0.0000000 0 -0.0000000
-999.0000000   40.0000000  0.0000025 -0.0000000 0.0000000 0 -0.0000000
-999.0000000   15.0000000  0.0000003 -0.0000000 0.0000000 0 -0.0000000
 271.875  45   1001.79  day,levels,pres0
-999.0000000 1115.0000000 -0.0000067  0.0000000 0.0000000 0 -0.0003414
-999.0000000 1090.0000000 -0.0000067  0.0000000 0.0000000 0 -0.0003492
-999.0000000 1065.0000000 -0.0000067  0.0000000 0.0000000 0 -0.0003574
-999.0000000 1040.0000000 -0.0000067  0.0000000 0.0000000 0 -0.0003660
-999.0000000 1015.0000000 -0.0000067  0.0000000 0.0000000 0 -0.0003750
-999.0000000  990.0000000 -0.0000067  0.0000000 0.0000000 0 -0.0003845
-999.0000000  965.0000000 -0.0000134  0.0000000 0.0000000 0 -0.0015762
-999.0000000  940.0000000 -0.0000199  0.0000000 0.0000000 0 -0.0036518
-999.0000000  915.0000000 -0.0000226  0.0000000 0.0000000 0 -0.0064220
-999.0000000  890.0000000 -0.0000217  0.0000000 0.0000000 0 -0.0091854
-999.0000000  865.0000000 -0.0000244  0.0000000 0.0000000 0 -0.0114137
-999.0000000  840.0000000 -0.0000243  0.0000000 0.0000000 0 -0.0129751
-999.0000000  815.0000000 -0.0000198  0.0000000 0.0000000 0 -0.0139032
-999.0000000  790.0000000 -0.0000171 -0.0000000 0.0000000 0 -0.0142724
-999.0000000  765.0000000 -0.0000184 -0.0000000 0.0000000 0 -0.0141879
-999.0000000  740.0000000 -0.0000214 -0.0000000 0.0000000 0 -0.0137409
-999.0000000  715.0000000 -0.0000235 -0.0000000 0.0000000 0 -0.0129925
-999.0000000  690.0000000 -0.0000228 -0.0000000 0.0000000 0 -0.0120227
-999.0000000  665.0000000 -0.0000187 -0.0000000 0.0000000 0 -0.0109810
-999.0000000  640.0000000 -0.0000151 -0.0000000 0.0000000 0 -0.0100102
-999.0000000  615.0000000 -0.0000134 -0.0000000 0.0000000 0 -0.0092100
-999.0000000  590.0000000 -0.0000141 -0.0000000 0.0000000 0 -0.0086709
-999.0000000  565.0000000 -0.0000174 -0.0000000 0.0000000 0 -0.0084633
-999.0000000  540.0000000 -0.0000216 -0.0000000 0.0000000 0 -0.0086051
-999.0000000  515.0000000 -0.0000261 -0.0000000 0.0000000 0 -0.0090547
-999.0000000  490.0000000 -0.0000298 -0.0000000 0.0000000 0 -0.0097684
-999.0000000  465.0000000 -0.0000316 -0.0000000 0.0000000 0 -0.0107206
-999.0000000  440.0000000 -0.0000326 -0.0000000 0.0000000 0 -0.0119160
-999.0000000  415.0000000 -0.0000328 -0.0000000 0.0000000 0 -0.0133938
-999.0000000  390.0000000 -0.0000305 -0.0000000 0.0000000 0 -0.0151800
-999.0000000  365.0000000 -0.0000261  0.0000000 0.0000000 0 -0.0171689
-999.0000000  340.0000000 -0.0000243  0.0000000 0.0000000 0 -0.0187947
-999.0000000  315.0000000 -0.0000261  0.0000000 0.0000000 0 -0.0190566
-999.0000000  290.0000000 -0.0000283 -0.0000000 0.0000000 0 -0.0173153
-999.0000000  265.0000000 -0.0000280 -0.0000000 0.0000000 0 -0.0138993
-999.0000000  240.0000000 -0.0000243 -0.0000000 0.0000000 0 -0.0103771
-999.0000000  215.0000000 -0.0000207 -0.0000000 0.0000000 0 -0.0088642
-999.0000000  190.0000000 -0.0000177 -0.0000000 0.0000000 0 -0.0093277
-999.0000000  165.0000000 -0.0000170 -0.0000000 0.0000000 0 -0.0084800
-999.0000000  140.0000000 -0.0000168 -0.0000000 0.0000000 0 -0.0045453
-999.0000000  115.0000000 -0.0000130  0.0000000 0.0000000 0 -0.0008254
-999.0000000   90.0000000 -0.0000107 -0.0000000 0.0000000 0 -0.0000000
-999.0000000   65.0000000 -0.0000131 -0.0000000 0.0000000 0 -0.0000000
-999.0000000   40.0000000 -0.0000093 -0.0000000 0.0000000 0 -0.0000000
-999.0000000   15.0000000 -0.0000075 -0.0000000 0.0000000 0 -0.0000000
 272.000  45   1004.29  day,levels,pres0
-999.0000000 1115.0000000 -0.0000137  0.0000000 0.0000000 0  0.0004683
-999.0000000 1090.0000000 -0.0000137  0.0000000 0.0000000 0  0.0004791
-999.0000000 1065.0000000 -0.0000137  0.0000000 0.0000000 0  0.0004903
-999.0000000 1040.0000000 -0.0000137  0.0000000 0.0000000 0  0.0005021
-999.0000000 1015.0000000 -0.0000137  0.0000000 0.0000000 0  0.0005145
-999.0000000  990.0000000 -0.0000137  0.0000000 0.0000000 0  0.0005274
-999.0000000  965.0000000 -0.0000150  0.0000000 0.0000000 0  0.0011457
-999.0000000  940.0000000 -0.0000119  0.0000000 0.0000000 0  0.0009556
-999.0000000  915.0000000 -0.0000119  0.0000000 0.0000000 0  0.0001110
-999.0000000  890.0000000 -0.0000182  0.0000000 0.0000000 0 -0.0007975
-999.0000000  865.0000000 -0.0000307  0.0000001 0.0000000 0 -0.0015509
-999.0000000  840.0000000 -0.0000401  0.0000001 0.0000000 0 -0.0021975
-999.0000000  815.0000000 -0.0000376  0.0000000 0.0000000 0 -0.0026934
-999.0000000  790.0000000 -0.0000309  0.0000000 0.0000000 0 -0.0029964
-999.0000000  765.0000000 -0.0000274  0.0000000 0.0000000 0 -0.0032245
-999.0000000  740.0000000 -0.0000266  0.0000000 0.0000000 0 -0.0035694
-999.0000000  715.0000000 -0.0000253 -0.0000000 0.0000000 0 -0.0041835
-999.0000000  690.0000000 -0.0000208 -0.0000000 0.0000000 0 -0.0052072
-999.0000000  665.0000000 -0.0000130 -0.0000000 0.0000000 0 -0.0068071
-999.0000000  640.0000000 -0.0000058 -0.0000000 0.0000000 0 -0.0089790
-999.0000000  615.0000000 -0.0000010 -0.0000000 0.0000000 0 -0.0114708
-999.0000000  590.0000000 -0.0000013 -0.0000000 0.0000000 0 -0.0140418
-999.0000000  565.0000000 -0.0000072 -0.0000000 0.0000000 0 -0.0165501
-999.0000000  540.0000000 -0.0000148 -0.0000000 0.0000000 0 -0.0189119
-999.0000000  515.0000000 -0.0000231 -0.0000000 0.0000000 0 -0.0211092
-999.0000000  490.0000000 -0.0000298 -0.0000000 0.0000000 0 -0.0231271
-999.0000000  465.0000000 -0.0000328 -0.0000000 0.0000000 0 -0.0249275
-999.0000000  440.0000000 -0.0000319 -0.0000000 0.0000000 0 -0.0264812
-999.0000000  415.0000000 -0.0000259  0.0000000 0.0000000 0 -0.0278046
-999.0000000  390.0000000 -0.0000178  0.0000000 0.0000000 0 -0.0290758
-999.0000000  365.0000000 -0.0000110  0.0000000 0.0000000 0 -0.0304632
-999.0000000  340.0000000 -0.0000086  0.0000000 0.0000000 0 -0.0312162
-999.0000000  315.0000000 -0.0000115  0.0000000 0.0000000 0 -0.0296525
-999.0000000  290.0000000 -0.0000159  0.0000000 0.0000000 0 -0.0250387
-999.0000000  265.0000000 -0.0000176  0.0000000 0.0000000 0 -0.0186856
-999.0000000  240.0000000 -0.0000137 -0.0000000 0.0000000 0 -0.0133316
-999.0000000  215.0000000 -0.0000085 -0.0000000 0.0000000 0 -0.0112946
-999.0000000  190.0000000 -0.0000050 -0.0000000 0.0000000 0 -0.0117435
-999.0000000  165.0000000 -0.0000052 -0.0000000 0.0000000 0 -0.0110602
-999.0000000  140.0000000 -0.0000069 -0.0000000 0.0000000 0 -0.0061349
-999.0000000  115.0000000 -0.0000006  0.0000000 0.0000000 0 -0.0008233
-999.0000000   90.0000000  0.0000036 -0.0000000 0.0000000 0 -0.0000020
-999.0000000   65.0000000 -0.0000026 -0.0000000 0.0000000 0 -0.0000000
-999.0000000   40.0000000 -0.0000036 -0.0000000 0.0000000 0 -0.0000000
-999.0000000   15.0000000 -0.0000046 -0.0000000 0.0000000 0 -0.0000000
 272.125  45   1006.03  day,levels,pres0
-999.0000000 1115.0000000 -0.0000182  0.0000000 0.0000000 0  0.0004305
-999.0000000 1090.0000000 -0.0000182  0.0000000 0.0000000 0  0.0004404
-999.0000000 1065.0000000 -0.0000182  0.0000000 0.0000000 0  0.0004507
-999.0000000 1040.0000000 -0.0000182  0.0000000 0.0000000 0  0.0004615
-999.0000000 1015.0000000 -0.0000182  0.0000000 0.0000000 0  0.0004729
-999.0000000  990.0000000 -0.0000182  0.0000000 0.0000000 0  0.0004849
-999.0000000  965.0000000 -0.0000301  0.0000000 0.0000000 0  0.0010919
-999.0000000  940.0000000 -0.0000217 -0.0000000 0.0000000 0  0.0014688
-999.0000000  915.0000000 -0.0000163 -0.0000000 0.0000000 0  0.0019433
-999.0000000  890.0000000 -0.0000211  0.0000000 0.0000000 0  0.0028096
-999.0000000  865.0000000 -0.0000314  0.0000000 0.0000000 0  0.0039925
-999.0000000  840.0000000 -0.0000382  0.0000000 0.0000000 0  0.0052911
-999.0000000  815.0000000 -0.0000373  0.0000000 0.0000000 0  0.0065175
-999.0000000  790.0000000 -0.0000310  0.0000000 0.0000000 0  0.0074200
-999.0000000  765.0000000 -0.0000229 -0.0000000 0.0000000 0  0.0077044
-999.0000000  740.0000000 -0.0000170 -0.0000000 0.0000000 0  0.0071945
-999.0000000  715.0000000 -0.0000139 -0.0000000 0.0000000 0  0.0059140
-999.0000000  690.0000000 -0.0000110 -0.0000000 0.0000000 0  0.0039817
-999.0000000  665.0000000 -0.0000078 -0.0000000 0.0000000 0  0.0015731
-999.0000000  640.0000000 -0.0000046 -0.0000000 0.0000000 0 -0.0010850
-999.0000000  615.0000000 -0.0000023 -0.0000000 0.0000000 0 -0.0037490
-999.0000000  590.0000000 -0.0000031 -0.0000000 0.0000000 0 -0.0062513
-999.0000000  565.0000000 -0.0000075 -0.0000000 0.0000000 0 -0.0085524
-999.0000000  540.0000000 -0.0000126 -0.0000000 0.0000000 0 -0.0106415
-999.0000000  515.0000000 -0.0000176  0.0000000 0.0000000 0 -0.0125076
-999.0000000  490.0000000 -0.0000200  0.0000000 0.0000000 0 -0.0141656
-999.0000000  465.0000000 -0.0000181 -0.0000000 0.0000000 0 -0.0156565
-999.0000000  440.0000000 -0.0000138  0.0000000 0.0000000 0 -0.0169798
-999.0000000  415.0000000 -0.0000082  0.0000000 0.0000000 0 -0.0181035
-999.0000000  390.0000000 -0.0000034  0.0000000 0.0000000 0 -0.0191728
-999.0000000  365.0000000 -0.0000011  0.0000000 0.0000000 0 -0.0204388
-999.0000000  340.0000000 -0.0000000  0.0000000 0.0000000 0 -0.0215341
-999.0000000  315.0000000 -0.0000009  0.0000000 0.0000000 0 -0.0213629
-999.0000000  290.0000000 -0.0000040  0.0000000 0.0000000 0 -0.0192415
-999.0000000  265.0000000 -0.0000055  0.0000000 0.0000000 0 -0.0157461
-999.0000000  240.0000000 -0.0000015  0.0000000 0.0000000 0 -0.0127449
-999.0000000  215.0000000  0.0000028 -0.0000000 0.0000000 0 -0.0118576
-999.0000000  190.0000000  0.0000033 -0.0000000 0.0000000 0 -0.0119261
-999.0000000  165.0000000  0.0000021 -0.0000000 0.0000000 0 -0.0100247
-999.0000000  140.0000000  0.0000041  0.0000000 0.0000000 0 -0.0047103
-999.0000000  115.0000000  0.0000118  0.0000000 0.0000000 0 -0.0001820
-999.0000000   90.0000000  0.0000167 -0.0000000 0.0000000 0  0.0000004
-999.0000000   65.0000000  0.0000079 -0.0000000 0.0000000 0 -0.0000000
-999.0000000   40.0000000  0.0000022 -0.0000000 0.0000000 0 -0.0000000
-999.0000000   15.0000000 -0.0000017 -0.0000000 0.0000000 0 -0.0000000
 272.250  45   1004.90  day,levels,pres0
-999.0000000 1115.0000000 -0.0000290 -0.0000000 0.0000000 0 -0.0000932
-999.0000000 1090.0000000 -0.0000290 -0.0000000 0.0000000 0 -0.0000954
-999.0000000 1065.0000000 -0.0000290 -0.0000000 0.0000000 0 -0.0000976
-999.0000000 1040.0000000 -0.0000290 -0.0000000 0.0000000 0 -0.0001000
-999.0000000 1015.0000000 -0.0000290 -0.0000000 0.0000000 0 -0.0001024
-999.0000000  990.0000000 -0.0000290 -0.0000000 0.0000000 0 -0.0001050
-999.0000000  965.0000000 -0.0000551 -0.0000000 0.0000000 0 -0.0003283
-999.0000000  940.0000000 -0.0000389 -0.0000000 0.0000000 0 -0.0002688
-999.0000000  915.0000000 -0.0000268 -0.0000000 0.0000000 0  0.0006051
-999.0000000  890.0000000 -0.0000293 -0.0000000 0.0000000 0  0.0023213
-999.0000000  865.0000000 -0.0000355  0.0000000 0.0000000 0  0.0045531
-999.0000000  840.0000000 -0.0000386  0.0000000 0.0000000 0  0.0069701
-999.0000000  815.0000000 -0.0000391  0.0000000 0.0000000 0  0.0091566
-999.0000000  790.0000000 -0.0000332  0.0000000 0.0000000 0  0.0105731
-999.0000000  765.0000000 -0.0000202 -0.0000000 0.0000000 0  0.0107488
-999.0000000  740.0000000 -0.0000089 -0.0000000 0.0000000 0  0.0095092
-999.0000000  715.0000000 -0.0000044 -0.0000000 0.0000000 0  0.0070346
-999.0000000  690.0000000 -0.0000038 -0.0000000 0.0000000 0  0.0036966
-999.0000000  665.0000000 -0.0000057 -0.0000000 0.0000000 0  0.0000170
-999.0000000  640.0000000 -0.0000067 -0.0000000 0.0000000 0 -0.0035518
-999.0000000  615.0000000 -0.0000072 -0.0000000 0.0000000 0 -0.0067645
-999.0000000  590.0000000 -0.0000092  0.0000000 0.0000000 0 -0.0095207
-999.0000000  565.0000000 -0.0000130  0.0000000 0.0000000 0 -0.0118881
-999.0000000  540.0000000 -0.0000167  0.0000000 0.0000000 0 -0.0139291
-999.0000000  515.0000000 -0.0000193  0.0000000 0.0000000 0 -0.0156412
-999.0000000  490.0000000 -0.0000188  0.0000000 0.0000000 0 -0.0170749
-999.0000000  465.0000000 -0.0000131  0.0000000 0.0000000 0 -0.0183493
-999.0000000  440.0000000 -0.0000061  0.0000000 0.0000000 0 -0.0194915
-999.0000000  415.0000000 -0.0000012 -0.0000000 0.0000000 0 -0.0204155
-999.0000000  390.0000000 -0.0000009 -0.0000000 0.0000000 0 -0.0212216
-999.0000000  365.0000000 -0.0000047 -0.0000000 0.0000000 0 -0.0222207
-999.0000000  340.0000000 -0.0000059 -0.0000000 0.0000000 0 -0.0233986
-999.0000000  315.0000000 -0.0000055 -0.0000000 0.0000000 0 -0.0242328
-999.0000000  290.0000000 -0.0000079 -0.0000000 0.0000000 0 -0.0240938
-999.0000000  265.0000000 -0.0000102  0.0000000 0.0000000 0 -0.0227985
-999.0000000  240.0000000 -0.0000067  0.0000000 0.0000000 0 -0.0212926
-999.0000000  215.0000000 -0.0000027  0.0000000 0.0000000 0 -0.0204322
-999.0000000  190.0000000 -0.0000032  0.0000000 0.0000000 0 -0.0186517
-999.0000000  165.0000000 -0.0000048  0.0000000 0.0000000 0 -0.0136217
-999.0000000  140.0000000 -0.0000008  0.0000000 0.0000000 0 -0.0054679
-999.0000000  115.0000000  0.0000060 -0.0000000 0.0000000 0  0.0000688
-999.0000000   90.0000000  0.0000101 -0.0000000 0.0000000 0 -0.0000024
-999.0000000   65.0000000  0.0000019 -0.0000000 0.0000000 0 -0.0000000
-999.0000000   40.0000000 -0.0000004 -0.0000000 0.0000000 0 -0.0000000
-999.0000000   15.0000000  0.0000021 -0.0000000 0.0000000 0 -0.0000000
 272.375  45   1005.16  day,levels,pres0
-999.0000000 1115.0000000 -0.0000190  0.0000000 0.0000000 0  0.0000813
-999.0000000 1090.0000000 -0.0000190  0.0000000 0.0000000 0  0.0000832
-999.0000000 1065.0000000 -0.0000190  0.0000000 0.0000000 0  0.0000851
-999.0000000 1040.0000000 -0.0000190  0.0000000 0.0000000 0  0.0000872
-999.0000000 1015.0000000 -0.0000190  0.0000000 0.0000000 0  0.0000893
-999.0000000  990.0000000 -0.0000190  0.0000000 0.0000000 0  0.0000916
-999.0000000  965.0000000 -0.0000387  0.0000000 0.0000000 0  0.0000234
-999.0000000  940.0000000 -0.0000374 -0.0000000 0.0000000 0  0.0000294
-999.0000000  915.0000000 -0.0000350 -0.0000000 0.0000000 0  0.0007482
-999.0000000  890.0000000 -0.0000386 -0.0000000 0.0000000 0  0.0022779
-999.0000000  865.0000000 -0.0000408  0.0000000 0.0000000 0  0.0043375
-999.0000000  840.0000000 -0.0000377  0.0000000 0.0000000 0  0.0065190
-999.0000000  815.0000000 -0.0000315  0.0000000 0.0000000 0  0.0083152
-999.0000000  790.0000000 -0.0000204 -0.0000000 0.0000000 0  0.0092755
-999.0000000  765.0000000 -0.0000052 -0.0000000 0.0000000 0  0.0090542
-999.0000000  740.0000000  0.0000079 -0.0000001 0.0000000 0  0.0074316
-999.0000000  715.0000000  0.0000146 -0.0000001 0.0000000 0  0.0044717
-999.0000000  690.0000000  0.0000154 -0.0000000 0.0000000 0  0.0005774
-999.0000000  665.0000000  0.0000115 -0.0000000 0.0000000 0 -0.0035156
-999.0000000  640.0000000  0.0000068 -0.0000000 0.0000000 0 -0.0072313
-999.0000000  615.0000000  0.0000012 -0.0000000 0.0000000 0 -0.0103613
-999.0000000  590.0000000 -0.0000054 -0.0000000 0.0000000 0 -0.0128416
-999.0000000  565.0000000 -0.0000129 -0.0000000 0.0000000 0 -0.0147506
-999.0000000  540.0000000 -0.0000194  0.0000000 0.0000000 0 -0.0161927
-999.0000000  515.0000000 -0.0000237  0.0000000 0.0000000 0 -0.0172468
-999.0000000  490.0000000 -0.0000249  0.0000000 0.0000000 0 -0.0180363
-999.0000000  465.0000000 -0.0000217  0.0000000 0.0000000 0 -0.0187321
-999.0000000  440.0000000 -0.0000180  0.0000000 0.0000000 0 -0.0194412
-999.0000000  415.0000000 -0.0000165  0.0000000 0.0000000 0 -0.0201646
-999.0000000  390.0000000 -0.0000157 -0.0000000 0.0000000 0 -0.0209172
-999.0000000  365.0000000 -0.0000142 -0.0000000 0.0000000 0 -0.0217185
-999.0000000  340.0000000 -0.0000113 -0.0000000 0.0000000 0 -0.0223735
-999.0000000  315.0000000 -0.0000089 -0.0000000 0.0000000 0 -0.0224858
-999.0000000  290.0000000 -0.0000104 -0.0000000 0.0000000 0 -0.0218272
-999.0000000  265.0000000 -0.0000124  0.0000000 0.0000000 0 -0.0206700
-999.0000000  240.0000000 -0.0000100  0.0000000 0.0000000 0 -0.0197563
-999.0000000  215.0000000 -0.0000073  0.0000000 0.0000000 0 -0.0190191
-999.0000000  190.0000000 -0.0000082  0.0000000 0.0000000 0 -0.0168160
-999.0000000  165.0000000 -0.0000092  0.0000000 0.0000000 0 -0.0120162
-999.0000000  140.0000000 -0.0000069  0.0000000 0.0000000 0 -0.0050520
-999.0000000  115.0000000 -0.0000026  0.0000000 0.0000000 0 -0.0002789
-999.0000000   90.0000000  0.0000003 -0.0000000 0.0000000 0 -0.0000013
-999.0000000   65.0000000 -0.0000041 -0.0000000 0.0000000 0 -0.0000000
-999.0000000   40.0000000 -0.0000029 -0.0000000 0.0000000 0 -0.0000000
-999.0000000   15.0000000  0.0000060 -0.0000000 0.0000000 0 -0.0000000
 272.500  45   1007.16  day,levels,pres0
-999.0000000 1115.0000000  0.0000072  0.0000000 0.0000000 0  0.0003894
-999.0000000 1090.0000000  0.0000072  0.0000000 0.0000000 0  0.0003984
-999.0000000 1065.0000000  0.0000072  0.0000000 0.0000000 0  0.0004077
-999.0000000 1040.0000000  0.0000072  0.0000000 0.0000000 0  0.0004175
-999.0000000 1015.0000000  0.0000072  0.0000000 0.0000000 0  0.0004278
-999.0000000  990.0000000  0.0000072  0.0000000 0.0000000 0  0.0004386
-999.0000000  965.0000000 -0.0000065  0.0000000 0.0000000 0  0.0006522
-999.0000000  940.0000000 -0.0000199  0.0000000 0.0000000 0  0.0007399
-999.0000000  915.0000000 -0.0000290  0.0000000 0.0000000 0  0.0014427
-999.0000000  890.0000000 -0.0000345  0.0000000 0.0000000 0  0.0029275
-999.0000000  865.0000000 -0.0000328 -0.0000000 0.0000000 0  0.0049578
-999.0000000  840.0000000 -0.0000242  0.0000000 0.0000000 0  0.0070447
-999.0000000  815.0000000 -0.0000126 -0.0000000 0.0000000 0  0.0085825
-999.0000000  790.0000000  0.0000023 -0.0000000 0.0000000 0  0.0092021
-999.0000000  765.0000000  0.0000185 -0.0000000 0.0000000 0  0.0086750
-999.0000000  740.0000000  0.0000326 -0.0000001 0.0000000 0  0.0067328
-999.0000000  715.0000000  0.0000404 -0.0000001 0.0000000 0  0.0033228
-999.0000000  690.0000000  0.0000407 -0.0000001 0.0000000 0 -0.0011188
-999.0000000  665.0000000  0.0000351 -0.0000000 0.0000000 0 -0.0056359
-999.0000000  640.0000000  0.0000278 -0.0000000 0.0000000 0 -0.0095228
-999.0000000  615.0000000  0.0000186 -0.0000000 0.0000000 0 -0.0126090
-999.0000000  590.0000000  0.0000083 -0.0000000 0.0000000 0 -0.0148640
-999.0000000  565.0000000 -0.0000025 -0.0000000 0.0000000 0 -0.0163692
-999.0000000  540.0000000 -0.0000118 -0.0000000 0.0000000 0 -0.0172683
-999.0000000  515.0000000 -0.0000179 -0.0000000 0.0000000 0 -0.0177239
-999.0000000  490.0000000 -0.0000210  0.0000000 0.0000000 0 -0.0179316
-999.0000000  465.0000000 -0.0000201  0.0000000 0.0000000 0 -0.0181137
-999.0000000  440.0000000 -0.0000193  0.0000000 0.0000000 0 -0.0184563
-999.0000000  415.0000000 -0.0000208  0.0000000 0.0000000 0 -0.0190459
-999.0000000  390.0000000 -0.0000187  0.0000000 0.0000000 0 -0.0198114
-999.0000000  365.0000000 -0.0000112  0.0000000 0.0000000 0 -0.0204790
-999.0000000  340.0000000 -0.0000040  0.0000000 0.0000000 0 -0.0206728
-999.0000000  315.0000000 -0.0000003 -0.0000000 0.0000000 0 -0.0201259
-999.0000000  290.0000000 -0.0000011 -0.0000000 0.0000000 0 -0.0190158
-999.0000000  265.0000000 -0.0000030  0.0000000 0.0000000 0 -0.0180714
-999.0000000  240.0000000 -0.0000014  0.0000000 0.0000000 0 -0.0178316
-999.0000000  215.0000000  0.0000000  0.0000000 0.0000000 0 -0.0173081
-999.0000000  190.0000000 -0.0000014  0.0000000 0.0000000 0 -0.0147779
-999.0000000  165.0000000 -0.0000022  0.0000000 0.0000000 0 -0.0103000
-999.0000000  140.0000000 -0.0000018  0.0000000 0.0000000 0 -0.0046025
-999.0000000  115.0000000  0.0000003 -0.0000000 0.0000000 0 -0.0006288
-999.0000000   90.0000000  0.0000032  0.0000000 0.0000000 0  0.0000005
-999.0000000   65.0000000  0.0000030 -0.0000000 0.0000000 0 -0.0000000
-999.0000000   40.0000000  0.0000052 -0.0000000 0.0000000 0 -0.0000000
-999.0000000   15.0000000  0.0000118 -0.0000000 0.0000000 0 -0.0000000
 272.625  45   1006.37  day,levels,pres0
-999.0000000 1115.0000000  0.0000500  0.0000000 0.0000000 0 -0.0003669
-999.0000000 1090.0000000  0.0000500  0.0000000 0.0000000 0 -0.0003753
-999.0000000 1065.0000000  0.0000500  0.0000000 0.0000000 0 -0.0003841
-999.0000000 1040.0000000  0.0000500  0.0000000 0.0000000 0 -0.0003933
-999.0000000 1015.0000000  0.0000500  0.0000000 0.0000000 0 -0.0004030
-999.0000000  990.0000000  0.0000500  0.0000000 0.0000000 0 -0.0004132
-999.0000000  965.0000000  0.0000516 -0.0000000 0.0000000 0 -0.0013138
-999.0000000  940.0000000  0.0000421 -0.0000000 0.0000000 0 -0.0024575
-999.0000000  915.0000000  0.0000250 -0.0000000 0.0000000 0 -0.0035093
-999.0000000  890.0000000  0.0000067 -0.0000000 0.0000000 0 -0.0041175
-999.0000000  865.0000000 -0.0000056 -0.0000000 0.0000000 0 -0.0042055
-999.0000000  840.0000000 -0.0000052 -0.0000000 0.0000000 0 -0.0042082
-999.0000000  815.0000000 -0.0000035  0.0000000 0.0000000 0 -0.0046185
-999.0000000  790.0000000 -0.0000017  0.0000000 0.0000000 0 -0.0053455
-999.0000000  765.0000000  0.0000085 -0.0000000 0.0000000 0 -0.0060302
-999.0000000  740.0000000  0.0000211 -0.0000000 0.0000000 0 -0.0066172
-999.0000000  715.0000000  0.0000288 -0.0000001 0.0000000 0 -0.0072209
-999.0000000  690.0000000  0.0000297 -0.0000001 0.0000000 0 -0.0077710
-999.0000000  665.0000000  0.0000248 -0.0000000 0.0000000 0 -0.0079479
-999.0000000  640.0000000  0.0000186 -0.0000000 0.0000000 0 -0.0076216
-999.0000000  615.0000000  0.0000113 -0.0000000 0.0000000 0 -0.0069985
-999.0000000  590.0000000  0.0000043 -0.0000000 0.0000000 0 -0.0063186
-999.0000000  565.0000000 -0.0000019 -0.0000000 0.0000000 0 -0.0057309
-999.0000000  540.0000000 -0.0000077 -0.0000000 0.0000000 0 -0.0051601
-999.0000000  515.0000000 -0.0000128 -0.0000000 0.0000000 0 -0.0042582
-999.0000000  490.0000000 -0.0000187  0.0000000 0.0000000 0 -0.0027628
-999.0000000  465.0000000 -0.0000259  0.0000000 0.0000000 0 -0.0006493
-999.0000000  440.0000000 -0.0000329 -0.0000000 0.0000000 0  0.0019503
-999.0000000  415.0000000 -0.0000370 -0.0000000 0.0000000 0  0.0047236
-999.0000000  390.0000000 -0.0000331 -0.0000000 0.0000000 0  0.0071232
-999.0000000  365.0000000 -0.0000213 -0.0000000 0.0000000 0  0.0084614
-999.0000000  340.0000000 -0.0000082 -0.0000000 0.0000000 0  0.0084616
-999.0000000  315.0000000  0.0000010 -0.0000000 0.0000000 0  0.0074945
-999.0000000  290.0000000  0.0000030 -0.0000000 0.0000000 0  0.0059471
-999.0000000  265.0000000  0.0000021  0.0000000 0.0000000 0  0.0038964
-999.0000000  240.0000000  0.0000029  0.0000000 0.0000000 0  0.0017719
-999.0000000  215.0000000  0.0000037  0.0000000 0.0000000 0  0.0010528
-999.0000000  190.0000000  0.0000035  0.0000000 0.0000000 0  0.0026445
-999.0000000  165.0000000  0.0000035  0.0000000 0.0000000 0  0.0046326
-999.0000000  140.0000000  0.0000045  0.0000000 0.0000000 0  0.0032572
-999.0000000  115.0000000  0.0000086  0.0000000 0.0000000 0  0.0004121
-999.0000000   90.0000000  0.0000120 -0.0000000 0.0000000 0 -0.0000004
-999.0000000   65.0000000  0.0000103 -0.0000000 0.0000000 0 -0.0000000
-999.0000000   40.0000000  0.0000133 -0.0000000 0.0000000 0 -0.0000000
-999.0000000   15.0000000  0.0000178 -0.0000000 0.0000000 0 -0.0000000
 272.750  45   1002.32  day,levels,pres0
-999.0000000 1115.0000000  0.0000645 -0.0000000 0.0000000 0 -0.0001572
-999.0000000 1090.0000000  0.0000645 -0.0000000 0.0000000 0 -0.0001608
-999.0000000 1065.0000000  0.0000645 -0.0000000 0.0000000 0 -0.0001645
-999.0000000 1040.0000000  0.0000645 -0.0000000 0.0000000 0 -0.0001685
-999.0000000 1015.0000000  0.0000645 -0.0000000 0.0000000 0 -0.0001726
-999.0000000  990.0000000  0.0000645 -0.0000000 0.0000000 0 -0.0001770
-999.0000000  965.0000000  0.0000724 -0.0000000 0.0000000 0 -0.0006386
-999.0000000  940.0000000  0.0000611 -0.0000000 0.0000000 0 -0.0015406
-999.0000000  915.0000000  0.0000398 -0.0000000 0.0000000 0 -0.0029756
-999.0000000  890.0000000  0.0000163 -0.0000000 0.0000000 0 -0.0043806
-999.0000000  865.0000000 -0.0000013 -0.0000000 0.0000000 0 -0.0053298
-999.0000000  840.0000000 -0.0000047 -0.0000000 0.0000000 0 -0.0061846
-999.0000000  815.0000000 -0.0000080  0.0000000 0.0000000 0 -0.0074132
-999.0000000  790.0000000 -0.0000141  0.0000000 0.0000000 0 -0.0086513
-999.0000000  765.0000000 -0.0000106  0.0000000 0.0000000 0 -0.0091482
-999.0000000  740.0000000 -0.0000028 -0.0000000 0.0000000 0 -0.0085918
-999.0000000  715.0000000  0.0000023 -0.0000000 0.0000000 0 -0.0070633
-999.0000000  690.0000000  0.0000019 -0.0000000 0.0000000 0 -0.0047426
-999.0000000  665.0000000 -0.0000044 -0.0000000 0.0000000 0 -0.0018533
-999.0000000  640.0000000 -0.0000106 -0.0000000 0.0000000 0  0.0011893
-999.0000000  615.0000000 -0.0000150 -0.0000000 0.0000000 0  0.0037372
-999.0000000  590.0000000 -0.0000169 -0.0000000 0.0000000 0  0.0052977
-999.0000000  565.0000000 -0.0000165 -0.0000000 0.0000000 0  0.0057836
-999.0000000  540.0000000 -0.0000172 -0.0000000 0.0000000 0  0.0055578
-999.0000000  515.0000000 -0.0000200 -0.0000000 0.0000000 0  0.0054789
-999.0000000  490.0000000 -0.0000272  0.0000000 0.0000000 0  0.0062880
-999.0000000  465.0000000 -0.0000399 -0.0000000 0.0000000 0  0.0083083
-999.0000000  440.0000000 -0.0000499 -0.0000000 0.0000000 0  0.0115361
-999.0000000  415.0000000 -0.0000517 -0.0000000 0.0000000 0  0.0155169
-999.0000000  390.0000000 -0.0000445 -0.0000000 0.0000000 0  0.0191699
-999.0000000  365.0000000 -0.0000301 -0.0000000 0.0000000 0  0.0209241
-999.0000000  340.0000000 -0.0000146 -0.0000000 0.0000000 0  0.0199284
-999.0000000  315.0000000 -0.0000041 -0.0000000 0.0000000 0  0.0166714
-999.0000000  290.0000000 -0.0000025 -0.0000000 0.0000000 0  0.0120451
-999.0000000  265.0000000 -0.0000043 -0.0000000 0.0000000 0  0.0068912
-999.0000000  240.0000000 -0.0000056 -0.0000000 0.0000000 0  0.0026524
-999.0000000  215.0000000 -0.0000060 -0.0000000 0.0000000 0  0.0015409
-999.0000000  190.0000000 -0.0000062  0.0000000 0.0000000 0  0.0040807
-999.0000000  165.0000000 -0.0000081  0.0000000 0.0000000 0  0.0070442
-999.0000000  140.0000000 -0.0000074  0.0000000 0.0000000 0  0.0044496
-999.0000000  115.0000000 -0.0000008  0.0000000 0.0000000 0 -0.0000729
-999.0000000   90.0000000  0.0000031 -0.0000000 0.0000000 0  0.0000005
-999.0000000   65.0000000  0.0000009 -0.0000000 0.0000000 0 -0.0000000
-999.0000000   40.0000000  0.0000031 -0.0000000 0.0000000 0 -0.0000000
-999.0000000   15.0000000  0.0000035 -0.0000000 0.0000000 0 -0.0000000
 272.875  45   1001.38  day,levels,pres0
-999.0000000 1115.0000000  0.0000223 -0.0000000 0.0000000 0  0.0005870
-999.0000000 1090.0000000  0.0000223 -0.0000000 0.0000000 0  0.0006004
-999.0000000 1065.0000000  0.0000223 -0.0000000 0.0000000 0  0.0006145
-999.0000000 1040.0000000  0.0000223 -0.0000000 0.0000000 0  0.0006293
-999.0000000 1015.0000000  0.0000223 -0.0000000 0.0000000 0  0.0006448
-999.0000000  990.0000000  0.0000223 -0.0000000 0.0000000 0  0.0006611
-999.0000000  965.0000000  0.0000423 -0.0000000 0.0000000 0  0.0018757
-999.0000000  940.0000000  0.0000390 -0.0000000 0.0000000 0  0.0022685
-999.0000000  915.0000000  0.0000242 -0.0000000 0.0000000 0  0.0016440
-999.0000000  890.0000000  0.0000058 -0.0000000 0.0000000 0  0.0004380
-999.0000000  865.0000000 -0.0000111 -0.0000000 0.0000000 0 -0.0008898
-999.0000000  840.0000000 -0.0000202  0.0000000 0.0000000 0 -0.0024355
-999.0000000  815.0000000 -0.0000258  0.0000000 0.0000000 0 -0.0044902
-999.0000000  790.0000000 -0.0000322  0.0000000 0.0000000 0 -0.0066377
-999.0000000  765.0000000 -0.0000330  0.0000000 0.0000000 0 -0.0080474
-999.0000000  740.0000000 -0.0000281  0.0000000 0.0000000 0 -0.0083666
-999.0000000  715.0000000 -0.0000217 -0.0000000 0.0000000 0 -0.0077483
-999.0000000  690.0000000 -0.0000200 -0.0000000 0.0000000 0 -0.0064911
-999.0000000  665.0000000 -0.0000231 -0.0000000 0.0000000 0 -0.0049363
-999.0000000  640.0000000 -0.0000248 -0.0000000 0.0000000 0 -0.0034620
-999.0000000  615.0000000 -0.0000233 -0.0000000 0.0000000 0 -0.0024497
-999.0000000  590.0000000 -0.0000211 -0.0000000 0.0000000 0 -0.0021390
-999.0000000  565.0000000 -0.0000193 -0.0000000 0.0000000 0 -0.0025074
-999.0000000  540.0000000 -0.0000206 -0.0000000 0.0000000 0 -0.0033122
-999.0000000  515.0000000 -0.0000257 -0.0000000 0.0000000 0 -0.0040853
-999.0000000  490.0000000 -0.0000326 -0.0000000 0.0000000 0 -0.0043931
-999.0000000  465.0000000 -0.0000396 -0.0000000 0.0000000 0 -0.0039821
-999.0000000  440.0000000 -0.0000419 -0.0000000 0.0000000 0 -0.0028134
-999.0000000  415.0000000 -0.0000373 -0.0000000 0.0000000 0 -0.0011563
-999.0000000  390.0000000 -0.0000282 -0.0000000 0.0000000 0  0.0003459
-999.0000000  365.0000000 -0.0000174 -0.0000000 0.0000000 0  0.0007550
-999.0000000  340.0000000 -0.0000083 -0.0000000 0.0000000 0 -0.0005250
-999.0000000  315.0000000 -0.0000043 -0.0000000 0.0000000 0 -0.0033286
-999.0000000  290.0000000 -0.0000066 -0.0000000 0.0000000 0 -0.0068817
-999.0000000  265.0000000 -0.0000107 -0.0000000 0.0000000 0 -0.0099717
-999.0000000  240.0000000 -0.0000147 -0.0000000 0.0000000 0 -0.0112133
-999.0000000  215.0000000 -0.0000174 -0.0000000 0.0000000 0 -0.0094636
-999.0000000  190.0000000 -0.0000182  0.0000000 0.0000000 0 -0.0051242
-999.0000000  165.0000000 -0.0000187  0.0000000 0.0000000 0 -0.0007937
-999.0000000  140.0000000 -0.0000166  0.0000000 0.0000000 0  0.0007076
-999.0000000  115.0000000 -0.0000109  0.0000000 0.0000000 0  0.0002654
-999.0000000   90.0000000 -0.0000061 -0.0000000 0.0000000 0  0.0000003
-999.0000000   65.0000000 -0.0000087 -0.0000000 0.0000000 0 -0.0000000
-999.0000000   40.0000000 -0.0000072 -0.0000000 0.0000000 0 -0.0000000
-999.0000000   15.0000000 -0.0000110 -0.0000000 0.0000000 0 -0.0000000
 273.000  45   1004.20  day,levels,pres0
-999.0000000 1115.0000000 -0.0000034  0.0000000 0.0000000 0  0.0018915
-999.0000000 1090.0000000 -0.0000034  0.0000000 0.0000000 0  0.0019349
-999.0000000 1065.0000000 -0.0000034  0.0000000 0.0000000 0  0.0019803
-999.0000000 1040.0000000 -0.0000034  0.0000000 0.0000000 0  0.0020279
-999.0000000 1015.0000000 -0.0000034  0.0000000 0.0000000 0  0.0020778
-999.0000000  990.0000000 -0.0000034  0.0000000 0.0000000 0  0.0021303
-999.0000000  965.0000000  0.0000265 -0.0000000 0.0000000 0  0.0054699
-999.0000000  940.0000000  0.0000317 -0.0000000 0.0000000 0  0.0075523
-999.0000000  915.0000000  0.0000246 -0.0000000 0.0000000 0  0.0080673
-999.0000000  890.0000000  0.0000118 -0.0000000 0.0000000 0  0.0073358
-999.0000000  865.0000000 -0.0000045 -0.0000000 0.0000000 0  0.0059166
-999.0000000  840.0000000 -0.0000210  0.0000000 0.0000000 0  0.0040369
-999.0000000  815.0000000 -0.0000293  0.0000001 0.0000000 0  0.0015343
-999.0000000  790.0000000 -0.0000360  0.0000001 0.0000000 0 -0.0012129
-999.0000000  765.0000000 -0.0000430  0.0000001 0.0000000 0 -0.0033516
-999.0000000  740.0000000 -0.0000425  0.0000001 0.0000000 0 -0.0045079
-999.0000000  715.0000000 -0.0000339  0.0000000 0.0000000 0 -0.0048879
-999.0000000  690.0000000 -0.0000291  0.0000000 0.0000000 0 -0.0048790
-999.0000000  665.0000000 -0.0000287  0.0000000 0.0000000 0 -0.0048768
-999.0000000  640.0000000 -0.0000254  0.0000000 0.0000000 0 -0.0052044
-999.0000000  615.0000000 -0.0000182  0.0000000 0.0000000 0 -0.0060203
-999.0000000  590.0000000 -0.0000123  0.0000000 0.0000000 0 -0.0073126
-999.0000000  565.0000000 -0.0000093 -0.0000000 0.0000000 0 -0.0089087
-999.0000000  540.0000000 -0.0000109 -0.0000000 0.0000000 0 -0.0106591
-999.0000000  515.0000000 -0.0000176 -0.0000000 0.0000000 0 -0.0124919
-999.0000000  490.0000000 -0.0000236 -0.0000000 0.0000000 0 -0.0142995
-999.0000000  465.0000000 -0.0000242  0.0000000 0.0000000 0 -0.0159177
-999.0000000  440.0000000 -0.0000178  0.0000000 0.0000000 0 -0.0172587
-999.0000000  415.0000000 -0.0000062  0.0000000 0.0000000 0 -0.0183628
-999.0000000  390.0000000  0.0000043 -0.0000000 0.0000000 0 -0.0194019
-999.0000000  365.0000000  0.0000100 -0.0000000 0.0000000 0 -0.0206873
-999.0000000  340.0000000  0.0000121 -0.0000000 0.0000000 0 -0.0225639
-999.0000000  315.0000000  0.0000103 -0.0000000 0.0000000 0 -0.0251772
-999.0000000  290.0000000  0.0000054 -0.0000000 0.0000000 0 -0.0278519
-999.0000000  265.0000000  0.0000003 -0.0000000 0.0000000 0 -0.0289566
-999.0000000  240.0000000 -0.0000051 -0.0000000 0.0000000 0 -0.0271081
-999.0000000  215.0000000 -0.0000091 -0.0000000 0.0000000 0 -0.0222510
-999.0000000  190.0000000 -0.0000095  0.0000000 0.0000000 0 -0.0157873
-999.0000000  165.0000000 -0.0000071  0.0000000 0.0000000 0 -0.0096988
-999.0000000  140.0000000 -0.0000030  0.0000000 0.0000000 0 -0.0035610
-999.0000000  115.0000000  0.0000005  0.0000000 0.0000000 0  0.0005002
-999.0000000   90.0000000  0.0000038 -0.0000000 0.0000000 0  0.0000001
-999.0000000   65.0000000 -0.0000018 -0.0000000 0.0000000 0 -0.0000000
-999.0000000   40.0000000 -0.0000029 -0.0000000 0.0000000 0 -0.0000000
-999.0000000   15.0000000 -0.0000065 -0.0000000 0.0000000 0 -0.0000000
 273.125  45   1006.10  day,levels,pres0
-999.0000000 1115.0000000  0.0000012  0.0000000 0.0000000 0  0.0018272
-999.0000000 1090.0000000  0.0000012  0.0000000 0.0000000 0  0.0018691
-999.0000000 1065.0000000  0.0000012  0.0000000 0.0000000 0  0.0019130
-999.0000000 1040.0000000  0.0000012  0.0000000 0.0000000 0  0.0019590
-999.0000000 1015.0000000  0.0000012  0.0000000 0.0000000 0  0.0020072
-999.0000000  990.0000000  0.0000012  0.0000000 0.0000000 0  0.0020579
-999.0000000  965.0000000  0.0000151 -0.0000000 0.0000000 0  0.0052545
-999.0000000  940.0000000  0.0000168 -0.0000000 0.0000000 0  0.0077675
-999.0000000  915.0000000  0.0000115 -0.0000000 0.0000000 0  0.0090117
-999.0000000  890.0000000  0.0000059 -0.0000000 0.0000000 0  0.0089941
-999.0000000  865.0000000 -0.0000017 -0.0000000 0.0000000 0  0.0080650
-999.0000000  840.0000000 -0.0000130  0.0000000 0.0000000 0  0.0066264
-999.0000000  815.0000000 -0.0000227  0.0000000 0.0000000 0  0.0048435
-999.0000000  790.0000000 -0.0000309  0.0000001 0.0000000 0  0.0029314
-999.0000000  765.0000000 -0.0000408  0.0000001 0.0000000 0  0.0013009
-999.0000000  740.0000000 -0.0000442  0.0000001 0.0000000 0  0.0002052
-999.0000000  715.0000000 -0.0000384  0.0000001 0.0000000 0 -0.0003726
-999.0000000  690.0000000 -0.0000328  0.0000000 0.0000000 0 -0.0005541
-999.0000000  665.0000000 -0.0000274  0.0000000 0.0000000 0 -0.0004684
-999.0000000  640.0000000 -0.0000196  0.0000000 0.0000000 0 -0.0002900
-999.0000000  615.0000000 -0.0000100  0.0000000 0.0000000 0 -0.0002228
-999.0000000  590.0000000 -0.0000032  0.0000000 0.0000000 0 -0.0004216
-999.0000000  565.0000000 -0.0000002  0.0000000 0.0000000 0 -0.0010104
-999.0000000  540.0000000 -0.0000015 -0.0000000 0.0000000 0 -0.0021149
-999.0000000  515.0000000 -0.0000076 -0.0000000 0.0000000 0 -0.0038186
-999.0000000  490.0000000 -0.0000130 -0.0000000 0.0000000 0 -0.0060724
-999.0000000  465.0000000 -0.0000147  0.0000000 0.0000000 0 -0.0086418
-999.0000000  440.0000000 -0.0000157  0.0000000 0.0000000 0 -0.0112576
-999.0000000  415.0000000 -0.0000173  0.0000000 0.0000000 0 -0.0136931
-999.0000000  390.0000000 -0.0000133  0.0000000 0.0000000 0 -0.0158285
-999.0000000  365.0000000 -0.0000033 -0.0000000 0.0000000 0 -0.0177371
-999.0000000  340.0000000  0.0000058 -0.0000000 0.0000000 0 -0.0197223
-999.0000000  315.0000000  0.0000096 -0.0000000 0.0000000 0 -0.0221333
-999.0000000  290.0000000  0.0000069 -0.0000000 0.0000000 0 -0.0244237
-999.0000000  265.0000000  0.0000023  0.0000000 0.0000000 0 -0.0248982
-999.0000000  240.0000000 -0.0000009  0.0000000 0.0000000 0 -0.0223779
-999.0000000  215.0000000 -0.0000011  0.0000000 0.0000000 0 -0.0176035
-999.0000000  190.0000000  0.0000018  0.0000000 0.0000000 0 -0.0126501
-999.0000000  165.0000000  0.0000071  0.0000000 0.0000000 0 -0.0087296
-999.0000000  140.0000000  0.0000112  0.0000000 0.0000000 0 -0.0044805
-999.0000000  115.0000000  0.0000133  0.0000000 0.0000000 0 -0.0008656
-999.0000000   90.0000000  0.0000133 -0.0000000 0.0000000 0  0.0000009
-999.0000000   65.0000000  0.0000051 -0.0000000 0.0000000 0 -0.0000000
-999.0000000   40.0000000  0.0000014 -0.0000000 0.0000000 0 -0.0000000
-999.0000000   15.0000000 -0.0000019 -0.0000000 0.0000000 0 -0.0000000
 273.250  45   1004.65  day,levels,pres0
-999.0000000 1115.0000000 -0.0000100 -0.0000000 0.0000000 0  0.0008095
-999.0000000 1090.0000000 -0.0000100 -0.0000000 0.0000000 0  0.0008281
-999.0000000 1065.0000000 -0.0000100 -0.0000000 0.0000000 0  0.0008475
-999.0000000 1040.0000000 -0.0000100 -0.0000000 0.0000000 0  0.0008679
-999.0000000 1015.0000000 -0.0000100 -0.0000000 0.0000000 0  0.0008893
-999.0000000  990.0000000 -0.0000100 -0.0000000 0.0000000 0  0.0009117
-999.0000000  965.0000000 -0.0000132 -0.0000000 0.0000000 0  0.0027815
-999.0000000  940.0000000 -0.0000113 -0.0000000 0.0000000 0  0.0044752
-999.0000000  915.0000000 -0.0000114 -0.0000000 0.0000000 0  0.0051373
-999.0000000  890.0000000 -0.0000072 -0.0000001 0.0000000 0  0.0044798
-999.0000000  865.0000000 -0.0000044 -0.0000000 0.0000000 0  0.0026501
-999.0000000  840.0000000 -0.0000093 -0.0000000 0.0000000 0  0.0002234
-999.0000000  815.0000000 -0.0000193  0.0000000 0.0000000 0 -0.0022777
-999.0000000  790.0000000 -0.0000283  0.0000000 0.0000000 0 -0.0047039
-999.0000000  765.0000000 -0.0000425  0.0000001 0.0000000 0 -0.0069616
-999.0000000  740.0000000 -0.0000549  0.0000001 0.0000000 0 -0.0088304
-999.0000000  715.0000000 -0.0000572  0.0000001 0.0000000 0 -0.0101146
-999.0000000  690.0000000 -0.0000527  0.0000001 0.0000000 0 -0.0107300
-999.0000000  665.0000000 -0.0000394  0.0000001 0.0000000 0 -0.0106873
-999.0000000  640.0000000 -0.0000253  0.0000001 0.0000000 0 -0.0100628
-999.0000000  615.0000000 -0.0000130  0.0000000 0.0000000 0 -0.0090018
-999.0000000  590.0000000 -0.0000051  0.0000000 0.0000000 0 -0.0077734
-999.0000000  565.0000000 -0.0000020  0.0000000 0.0000000 0 -0.0068102
-999.0000000  540.0000000 -0.0000031  0.0000000 0.0000000 0 -0.0065357
-999.0000000  515.0000000 -0.0000088  0.0000000 0.0000000 0 -0.0072477
-999.0000000  490.0000000 -0.0000144  0.0000000 0.0000000 0 -0.0090043
-999.0000000  465.0000000 -0.0000185  0.0000000 0.0000000 0 -0.0115287
-999.0000000  440.0000000 -0.0000283  0.0000000 0.0000000 0 -0.0143999
-999.0000000  415.0000000 -0.0000442  0.0000000 0.0000000 0 -0.0171434
-999.0000000  390.0000000 -0.0000471  0.0000000 0.0000000 0 -0.0193763
-999.0000000  365.0000000 -0.0000317  0.0000000 0.0000000 0 -0.0209631
-999.0000000  340.0000000 -0.0000144  0.0000000 0.0000000 0 -0.0221781
-999.0000000  315.0000000 -0.0000045 -0.0000000 0.0000000 0 -0.0235589
-999.0000000  290.0000000 -0.0000047  0.0000000 0.0000000 0 -0.0246530
-999.0000000  265.0000000 -0.0000090  0.0000000 0.0000000 0 -0.0236702
-999.0000000  240.0000000 -0.0000105  0.0000000 0.0000000 0 -0.0196377
-999.0000000  215.0000000 -0.0000076  0.0000000 0.0000000 0 -0.0141161
-999.0000000  190.0000000 -0.0000017  0.0000000 0.0000000 0 -0.0098795
-999.0000000  165.0000000  0.0000062  0.0000000 0.0000000 0 -0.0074576
-999.0000000  140.0000000  0.0000084  0.0000000 0.0000000 0 -0.0048779
-999.0000000  115.0000000  0.0000085  0.0000000 0.0000000 0 -0.0019777
-999.0000000   90.0000000  0.0000083 -0.0000000 0.0000000 0  0.0000005
-999.0000000   65.0000000  0.0000016 -0.0000000 0.0000000 0 -0.0000000
-999.0000000   40.0000000 -0.0000005 -0.0000000 0.0000000 0 -0.0000000
-999.0000000   15.0000000 -0.0000026 -0.0000000 0.0000000 0 -0.0000000
 273.375  45   1004.86  day,levels,pres0
-999.0000000 1115.0000000 -0.0000102 -0.0000000 0.0000000 0  0.0007531
-999.0000000 1090.0000000 -0.0000102 -0.0000000 0.0000000 0  0.0007703
-999.0000000 1065.0000000 -0.0000102 -0.0000000 0.0000000 0  0.0007884
-999.0000000 1040.0000000 -0.0000102 -0.0000000 0.0000000 0  0.0008074
-999.0000000 1015.0000000 -0.0000102 -0.0000000 0.0000000 0  0.0008273
-999.0000000  990.0000000 -0.0000102 -0.0000000 0.0000000 0  0.0008482
-999.0000000  965.0000000 -0.0000248 -0.0000000 0.0000000 0  0.0022794
-999.0000000  940.0000000 -0.0000244 -0.0000000 0.0000000 0  0.0034319
-999.0000000  915.0000000 -0.0000217 -0.0000000 0.0000000 0  0.0039189
-999.0000000  890.0000000 -0.0000163 -0.0000000 0.0000000 0  0.0034661
-999.0000000  865.0000000 -0.0000129 -0.0000000 0.0000000 0  0.0020559
-999.0000000  840.0000000 -0.0000148 -0.0000000 0.0000000 0  0.0000581
-999.0000000  815.0000000 -0.0000195  0.0000000 0.0000000 0 -0.0021072
-999.0000000  790.0000000 -0.0000264  0.0000000 0.0000000 0 -0.0044112
-999.0000000  765.0000000 -0.0000404  0.0000001 0.0000000 0 -0.0069480
-999.0000000  740.0000000 -0.0000534  0.0000001 0.0000000 0 -0.0095228
-999.0000000  715.0000000 -0.0000557  0.0000001 0.0000000 0 -0.0117744
-999.0000000  690.0000000 -0.0000485  0.0000001 0.0000000 0 -0.0134276
-999.0000000  665.0000000 -0.0000303  0.0000000 0.0000000 0 -0.0143223
-999.0000000  640.0000000 -0.0000155  0.0000000 0.0000000 0 -0.0144208
-999.0000000  615.0000000 -0.0000075  0.0000000 0.0000000 0 -0.0138363
-999.0000000  590.0000000 -0.0000040  0.0000000 0.0000000 0 -0.0128188
-999.0000000  565.0000000 -0.0000039  0.0000000 0.0000000 0 -0.0117961
-999.0000000  540.0000000 -0.0000062  0.0000000 0.0000000 0 -0.0112102
-999.0000000  515.0000000 -0.0000112  0.0000000 0.0000000 0 -0.0114251
-999.0000000  490.0000000 -0.0000161  0.0000000 0.0000000 0 -0.0127031
-999.0000000  465.0000000 -0.0000195  0.0000000 0.0000000 0 -0.0150930
-999.0000000  440.0000000 -0.0000265  0.0000000 0.0000000 0 -0.0182914
-999.0000000  415.0000000 -0.0000374  0.0000000 0.0000000 0 -0.0215808
-999.0000000  390.0000000 -0.0000399  0.0000000 0.0000000 0 -0.0242078
-999.0000000  365.0000000 -0.0000303  0.0000000 0.0000000 0 -0.0256982
-999.0000000  340.0000000 -0.0000183  0.0000000 0.0000000 0 -0.0262348
-999.0000000  315.0000000 -0.0000113  0.0000000 0.0000000 0 -0.0266239
-999.0000000  290.0000000 -0.0000126  0.0000000 0.0000000 0 -0.0267037
-999.0000000  265.0000000 -0.0000168  0.0000000 0.0000000 0 -0.0248038
-999.0000000  240.0000000 -0.0000168  0.0000000 0.0000000 0 -0.0200504
-999.0000000  215.0000000 -0.0000121  0.0000000 0.0000000 0 -0.0140843
-999.0000000  190.0000000 -0.0000060  0.0000000 0.0000000 0 -0.0095661
-999.0000000  165.0000000 -0.0000006  0.0000000 0.0000000 0 -0.0069206
-999.0000000  140.0000000  0.0000017  0.0000000 0.0000000 0 -0.0037206
-999.0000000  115.0000000  0.0000018  0.0000000 0.0000000 0 -0.0007708
-999.0000000   90.0000000  0.0000018  0.0000000 0.0000000 0 -0.0000004
-999.0000000   65.0000000 -0.0000020 -0.0000000 0.0000000 0 -0.0000000
-999.0000000   40.0000000 -0.0000025 -0.0000000 0.0000000 0 -0.0000000
-999.0000000   15.0000000 -0.0000033 -0.0000000 0.0000000 0 -0.0000000
 273.500  45   1006.91  day,levels,pres0
-999.0000000 1115.0000000  0.0000068 -0.0000000 0.0000000 0  0.0015647
-999.0000000 1090.0000000  0.0000068 -0.0000000 0.0000000 0  0.0016006
-999.0000000 1065.0000000  0.0000068 -0.0000000 0.0000000 0  0.0016381
-999.0000000 1040.0000000  0.0000068 -0.0000000 0.0000000 0  0.0016775
-999.0000000 1015.0000000  0.0000068 -0.0000000 0.0000000 0  0.0017188
-999.0000000  990.0000000  0.0000068 -0.0000000 0.0000000 0  0.0017622
-999.0000000  965.0000000 -0.0000191 -0.0000000 0.0000000 0  0.0039290
-999.0000000  940.0000000 -0.0000205 -0.0000000 0.0000000 0  0.0055703
-999.0000000  915.0000000 -0.0000153 -0.0000000 0.0000000 0  0.0068782
-999.0000000  890.0000000 -0.0000092 -0.0000000 0.0000000 0  0.0076234
-999.0000000  865.0000000 -0.0000057 -0.0000000 0.0000000 0  0.0076380
-999.0000000  840.0000000 -0.0000043 -0.0000000 0.0000000 0  0.0071281
-999.0000000  815.0000000 -0.0000031  0.0000000 0.0000000 0  0.0064374
-999.0000000  790.0000000 -0.0000070  0.0000000 0.0000000 0  0.0054064
-999.0000000  765.0000000 -0.0000207  0.0000000 0.0000000 0  0.0036047
-999.0000000  740.0000000 -0.0000349  0.0000001 0.0000000 0  0.0010533
-999.0000000  715.0000000 -0.0000379  0.0000000 0.0000000 0 -0.0018241
-999.0000000  690.0000000 -0.0000283  0.0000000 0.0000000 0 -0.0045466
-999.0000000  665.0000000 -0.0000056 -0.0000000 0.0000000 0 -0.0066553
-999.0000000  640.0000000  0.0000096 -0.0000000 0.0000000 0 -0.0079453
-999.0000000  615.0000000  0.0000129  0.0000000 0.0000000 0 -0.0085444
-999.0000000  590.0000000  0.0000118  0.0000000 0.0000000 0 -0.0087136
-999.0000000  565.0000000  0.0000086  0.0000000 0.0000000 0 -0.0088855
-999.0000000  540.0000000  0.0000053  0.0000000 0.0000000 0 -0.0094992
-999.0000000  515.0000000  0.0000016  0.0000000 0.0000000 0 -0.0109144
-999.0000000  490.0000000 -0.0000014 -0.0000000 0.0000000 0 -0.0135187
-999.0000000  465.0000000 -0.0000023  0.0000000 0.0000000 0 -0.0176046
-999.0000000  440.0000000 -0.0000047  0.0000000 0.0000000 0 -0.0229155
-999.0000000  415.0000000 -0.0000103  0.0000000 0.0000000 0 -0.0284328
-999.0000000  390.0000000 -0.0000145  0.0000000 0.0000000 0 -0.0329773
-999.0000000  365.0000000 -0.0000139  0.0000000 0.0000000 0 -0.0356969
-999.0000000  340.0000000 -0.0000093  0.0000000 0.0000000 0 -0.0366426
-999.0000000  315.0000000 -0.0000059  0.0000000 0.0000000 0 -0.0368871
-999.0000000  290.0000000 -0.0000080  0.0000000 0.0000000 0 -0.0366087
-999.0000000  265.0000000 -0.0000115  0.0000000 0.0000000 0 -0.0342631
-999.0000000  240.0000000 -0.0000097  0.0000000 0.0000000 0 -0.0290131
-999.0000000  215.0000000 -0.0000033  0.0000000 0.0000000 0 -0.0224692
-999.0000000  190.0000000  0.0000028  0.0000000 0.0000000 0 -0.0170533
-999.0000000  165.0000000  0.0000055  0.0000000 0.0000000 0 -0.0128245
-999.0000000  140.0000000  0.0000073  0.0000000 0.0000000 0 -0.0062332
-999.0000000  115.0000000  0.0000050  0.0000000 0.0000000 0 -0.0004986
-999.0000000   90.0000000  0.0000030 -0.0000000 0.0000000 0 -0.0000005
-999.0000000   65.0000000  0.0000010 -0.0000000 0.0000000 0 -0.0000000
-999.0000000   40.0000000  0.0000024 -0.0000000 0.0000000 0 -0.0000000
-999.0000000   15.0000000  0.0000046 -0.0000000 0.0000000 0 -0.0000000
 273.625  45   1006.63  day,levels,pres0
-999.0000000 1115.0000000  0.0000085 -0.0000000 0.0000000 0  0.0001791
-999.0000000 1090.0000000  0.0000085 -0.0000000 0.0000000 0  0.0001832
-999.0000000 1065.0000000  0.0000085 -0.0000000 0.0000000 0  0.0001875
-999.0000000 1040.0000000  0.0000085 -0.0000000 0.0000000 0  0.0001920
-999.0000000 1015.0000000  0.0000085 -0.0000000 0.0000000 0  0.0001968
-999.0000000  990.0000000  0.0000085 -0.0000000 0.0000000 0  0.0002017
-999.0000000  965.0000000 -0.0000040 -0.0000000 0.0000000 0  0.0003510
-999.0000000  940.0000000  0.0000002 -0.0000000 0.0000000 0  0.0002301
-999.0000000  915.0000000  0.0000064 -0.0000000 0.0000000 0 -0.0002201
-999.0000000  890.0000000  0.0000074 -0.0000000 0.0000000 0 -0.0010747
-999.0000000  865.0000000  0.0000066 -0.0000000 0.0000000 0 -0.0023074
-999.0000000  840.0000000  0.0000070  0.0000000 0.0000000 0 -0.0037364
-999.0000000  815.0000000  0.0000043  0.0000000 0.0000000 0 -0.0051778
-999.0000000  790.0000000  0.0000034  0.0000000 0.0000000 0 -0.0065442
-999.0000000  765.0000000 -0.0000010  0.0000000 0.0000000 0 -0.0077106
-999.0000000  740.0000000 -0.0000106  0.0000000 0.0000000 0 -0.0084916
-999.0000000  715.0000000 -0.0000227  0.0000000 0.0000000 0 -0.0087538
-999.0000000  690.0000000 -0.0000267  0.0000000 0.0000000 0 -0.0083974
-999.0000000  665.0000000 -0.0000185  0.0000000 0.0000000 0 -0.0073300
-999.0000000  640.0000000 -0.0000111  0.0000000 0.0000000 0 -0.0056409
-999.0000000  615.0000000 -0.0000073  0.0000000 0.0000000 0 -0.0036914
-999.0000000  590.0000000 -0.0000044  0.0000000 0.0000000 0 -0.0018658
-999.0000000  565.0000000 -0.0000018  0.0000000 0.0000000 0 -0.0004794
-999.0000000  540.0000000 -0.0000005  0.0000000 0.0000000 0  0.0002205
-999.0000000  515.0000000 -0.0000014  0.0000000 0.0000000 0  0.0000873
-999.0000000  490.0000000 -0.0000037  0.0000000 0.0000000 0 -0.0009873
-999.0000000  465.0000000 -0.0000071  0.0000000 0.0000000 0 -0.0030299
-999.0000000  440.0000000 -0.0000125  0.0000000 0.0000000 0 -0.0057735
-999.0000000  415.0000000 -0.0000198  0.0000000 0.0000000 0 -0.0085612
-999.0000000  390.0000000 -0.0000229  0.0000000 0.0000000 0 -0.0106084
-999.0000000  365.0000000 -0.0000186  0.0000000 0.0000000 0 -0.0112664
-999.0000000  340.0000000 -0.0000105  0.0000000 0.0000000 0 -0.0105129
-999.0000000  315.0000000 -0.0000056 -0.0000000 0.0000000 0 -0.0090319
-999.0000000  290.0000000 -0.0000071  0.0000000 0.0000000 0 -0.0070193
-999.0000000  265.0000000 -0.0000084  0.0000000 0.0000000 0 -0.0038297
-999.0000000  240.0000000 -0.0000039  0.0000000 0.0000000 0  0.0004249
-999.0000000  215.0000000  0.0000030  0.0000000 0.0000000 0  0.0040625
-999.0000000  190.0000000  0.0000083  0.0000000 0.0000000 0  0.0053671
-999.0000000  165.0000000  0.0000103  0.0000000 0.0000000 0  0.0042630
-999.0000000  140.0000000  0.0000122 -0.0000000 0.0000000 0  0.0019238
-999.0000000  115.0000000  0.0000099 -0.0000000 0.0000000 0  0.0002674
-999.0000000   90.0000000  0.0000067 -0.0000000 0.0000000 0  0.0000004
-999.0000000   65.0000000  0.0000043 -0.0000000 0.0000000 0 -0.0000000
-999.0000000   40.0000000  0.0000074 -0.0000000 0.0000000 0 -0.0000000
-999.0000000   15.0000000  0.0000127 -0.0000000 0.0000000 0 -0.0000000
 273.750  45   1002.61  day,levels,pres0
-999.0000000 1115.0000000 -0.0000064  0.0000000 0.0000000 0 -0.0003922
-999.0000000 1090.0000000 -0.0000064  0.0000000 0.0000000 0 -0.0004012
-999.0000000 1065.0000000 -0.0000064  0.0000000 0.0000000 0 -0.0004106
-999.0000000 1040.0000000 -0.0000064  0.0000000 0.0000000 0 -0.0004204
-999.0000000 1015.0000000 -0.0000064  0.0000000 0.0000000 0 -0.0004308
-999.0000000  990.0000000 -0.0000064  0.0000000 0.0000000 0 -0.0004417
-999.0000000  965.0000000 -0.0000040  0.0000000 0.0000000 0 -0.0013876
-999.0000000  940.0000000  0.0000010  0.0000000 0.0000000 0 -0.0026430
-999.0000000  915.0000000  0.0000057 -0.0000000 0.0000000 0 -0.0043718
-999.0000000  890.0000000  0.0000023 -0.0000000 0.0000000 0 -0.0064598
-999.0000000  865.0000000 -0.0000006  0.0000000 0.0000000 0 -0.0086394
-999.0000000  840.0000000 -0.0000001  0.0000000 0.0000000 0 -0.0106462
-999.0000000  815.0000000 -0.0000064  0.0000000 0.0000000 0 -0.0123735
-999.0000000  790.0000000 -0.0000029 -0.0000000 0.0000000 0 -0.0135130
-999.0000000  765.0000000  0.0000043 -0.0000000 0.0000000 0 -0.0135394
-999.0000000  740.0000000  0.0000019 -0.0000000 0.0000000 0 -0.0122763
-999.0000000  715.0000000 -0.0000162  0.0000000 0.0000000 0 -0.0099530
-999.0000000  690.0000000 -0.0000321  0.0000000 0.0000000 0 -0.0067547
-999.0000000  665.0000000 -0.0000396  0.0000000 0.0000000 0 -0.0026977
-999.0000000  640.0000000 -0.0000419  0.0000000 0.0000000 0  0.0018865
-999.0000000  615.0000000 -0.0000387  0.0000000 0.0000000 0  0.0061464
-999.0000000  590.0000000 -0.0000324  0.0000000 0.0000000 0  0.0094955
-999.0000000  565.0000000 -0.0000240  0.0000000 0.0000000 0  0.0118859
-999.0000000  540.0000000 -0.0000181  0.0000000 0.0000000 0  0.0133577
-999.0000000  515.0000000 -0.0000158  0.0000000 0.0000000 0  0.0140190
-999.0000000  490.0000000 -0.0000167  0.0000000 0.0000000 0  0.0140345
-999.0000000  465.0000000 -0.0000209  0.0000000 0.0000000 0  0.0135726
-999.0000000  440.0000000 -0.0000273  0.0000000 0.0000000 0  0.0128617
-999.0000000  415.0000000 -0.0000348  0.0000000 0.0000000 0  0.0121929
-999.0000000  390.0000000 -0.0000375  0.0000000 0.0000000 0  0.0119799
-999.0000000  365.0000000 -0.0000323  0.0000000 0.0000000 0  0.0127360
-999.0000000  340.0000000 -0.0000235  0.0000000 0.0000000 0  0.0146610
-999.0000000  315.0000000 -0.0000184 -0.0000000 0.0000000 0  0.0175136
-999.0000000  290.0000000 -0.0000197  0.0000000 0.0000000 0  0.0210327
-999.0000000  265.0000000 -0.0000190  0.0000000 0.0000000 0  0.0248865
-999.0000000  240.0000000 -0.0000126  0.0000000 0.0000000 0  0.0280247
-999.0000000  215.0000000 -0.0000064  0.0000000 0.0000000 0  0.0288276
-999.0000000  190.0000000 -0.0000033  0.0000000 0.0000000 0  0.0263475
-999.0000000  165.0000000 -0.0000026  0.0000000 0.0000000 0  0.0203795
-999.0000000  140.0000000  0.0000008 -0.0000000 0.0000000 0  0.0096092
-999.0000000  115.0000000  0.0000015 -0.0000000 0.0000000 0  0.0009053
-999.0000000   90.0000000  0.0000005 -0.0000000 0.0000000 0 -0.0000010
-999.0000000   65.0000000 -0.0000009 -0.0000000 0.0000000 0 -0.0000000
-999.0000000   40.0000000  0.0000013 -0.0000000 0.0000000 0 -0.0000000
-999.0000000   15.0000000  0.0000015 -0.0000000 0.0000000 0 -0.0000000
 273.875  45   1001.71  day,levels,pres0
-999.0000000 1115.0000000 -0.0000305  0.0000000 0.0000000 0  0.0002591
-999.0000000 1090.0000000 -0.0000305  0.0000000 0.0000000 0  0.0002651
-999.0000000 1065.0000000 -0.0000305  0.0000000 0.0000000 0  0.0002713
-999.0000000 1040.0000000 -0.0000305  0.0000000 0.0000000 0  0.0002778
-999.0000000 1015.0000000 -0.0000305  0.0000000 0.0000000 0  0.0002847
-999.0000000  990.0000000 -0.0000305  0.0000000 0.0000000 0  0.0002919
-999.0000000  965.0000000 -0.0000282  0.0000000 0.0000000 0  0.0007569
-999.0000000  940.0000000 -0.0000181  0.0000000 0.0000000 0  0.0007170
-999.0000000  915.0000000 -0.0000080  0.0000000 0.0000000 0  0.0001942
-999.0000000  890.0000000 -0.0000025  0.0000000 0.0000000 0 -0.0003908
-999.0000000  865.0000000 -0.0000019  0.0000000 0.0000000 0 -0.0007713
-999.0000000  840.0000000 -0.0000087  0.0000000 0.0000000 0 -0.0010261
-999.0000000  815.0000000 -0.0000185 -0.0000000 0.0000000 0 -0.0012762
-999.0000000  790.0000000 -0.0000150 -0.0000000 0.0000000 0 -0.0013467
-999.0000000  765.0000000 -0.0000086 -0.0000000 0.0000000 0 -0.0009880
-999.0000000  740.0000000 -0.0000092 -0.0000000 0.0000000 0 -0.0002350
-999.0000000  715.0000000 -0.0000198  0.0000000 0.0000000 0  0.0006582
-999.0000000  690.0000000 -0.0000313  0.0000000 0.0000000 0  0.0015738
-999.0000000  665.0000000 -0.0000402  0.0000000 0.0000000 0  0.0026153
-999.0000000  640.0000000 -0.0000424  0.0000000 0.0000000 0  0.0038386
-999.0000000  615.0000000 -0.0000362  0.0000000 0.0000000 0  0.0051589
-999.0000000  590.0000000 -0.0000282  0.0000000 0.0000000 0  0.0063969
-999.0000000  565.0000000 -0.0000201  0.0000000 0.0000000 0  0.0072768
-999.0000000  540.0000000 -0.0000148  0.0000000 0.0000000 0  0.0075385
-999.0000000  515.0000000 -0.0000129  0.0000000 0.0000000 0  0.0070176
-999.0000000  490.0000000 -0.0000136  0.0000000 0.0000000 0  0.0056685
-999.0000000  465.0000000 -0.0000174  0.0000000 0.0000000 0  0.0036053
-999.0000000  440.0000000 -0.0000229  0.0000000 0.0000000 0  0.0011099
-999.0000000  415.0000000 -0.0000290  0.0000000 0.0000000 0 -0.0013495
-999.0000000  390.0000000 -0.0000312  0.0000000 0.0000000 0 -0.0031810
-999.0000000  365.0000000 -0.0000283  0.0000000 0.0000000 0 -0.0038017
-999.0000000  340.0000000 -0.0000238  0.0000000 0.0000000 0 -0.0030393
-999.0000000  315.0000000 -0.0000222  0.0000000 0.0000000 0 -0.0012859
-999.0000000  290.0000000 -0.0000230  0.0000000 0.0000000 0  0.0010415
-999.0000000  265.0000000 -0.0000202  0.0000000 0.0000000 0  0.0037055
-999.0000000  240.0000000 -0.0000140  0.0000000 0.0000000 0  0.0062442
-999.0000000  215.0000000 -0.0000085  0.0000000 0.0000000 0  0.0079919
-999.0000000  190.0000000 -0.0000037  0.0000000 0.0000000 0  0.0086081
-999.0000000  165.0000000 -0.0000017  0.0000000 0.0000000 0  0.0079444
-999.0000000  140.0000000 -0.0000046 -0.0000000 0.0000000 0  0.0053309
-999.0000000  115.0000000 -0.0000079 -0.0000000 0.0000000 0  0.0022380
-999.0000000   90.0000000 -0.0000074 -0.0000000 0.0000000 0  0.0000001
-999.0000000   65.0000000 -0.0000062 -0.0000000 0.0000000 0 -0.0000000
-999.0000000   40.0000000 -0.0000049 -0.0000000 0.0000000 0 -0.0000000
-999.0000000   15.0000000 -0.0000097 -0.0000000 0.0000000 0 -0.0000000
 274.000  45   1004.45  day,levels,pres0
-999.0000000 1115.0000000 -0.0000360  0.0000000 0.0000000 0  0.0009602
-999.0000000 1090.0000000 -0.0000360  0.0000000 0.0000000 0  0.0009822
-999.0000000 1065.0000000 -0.0000360  0.0000000 0.0000000 0  0.0010053
-999.0000000 1040.0000000 -0.0000360  0.0000000 0.0000000 0  0.0010295
-999.0000000 1015.0000000 -0.0000360  0.0000000 0.0000000 0  0.0010548
-999.0000000  990.0000000 -0.0000360  0.0000000 0.0000000 0  0.0010814
-999.0000000  965.0000000 -0.0000359  0.0000000 0.0000000 0  0.0026766
-999.0000000  940.0000000 -0.0000220  0.0000000 0.0000000 0  0.0035167
-999.0000000  915.0000000 -0.0000070  0.0000000 0.0000000 0  0.0037865
-999.0000000  890.0000000  0.0000067  0.0000000 0.0000000 0  0.0042094
-999.0000000  865.0000000  0.0000107 -0.0000000 0.0000000 0  0.0050611
-999.0000000  840.0000000 -0.0000027 -0.0000000 0.0000000 0  0.0058973
-999.0000000  815.0000000 -0.0000152 -0.0000000 0.0000000 0  0.0063414
-999.0000000  790.0000000 -0.0000122 -0.0000000 0.0000000 0  0.0064792
-999.0000000  765.0000000 -0.0000073 -0.0000000 0.0000000 0  0.0063623
-999.0000000  740.0000000 -0.0000054 -0.0000000 0.0000000 0  0.0058051
-999.0000000  715.0000000 -0.0000067 -0.0000000 0.0000000 0  0.0045874
-999.0000000  690.0000000 -0.0000140  0.0000000 0.0000000 0  0.0026816
-999.0000000  665.0000000 -0.0000274  0.0000000 0.0000000 0  0.0002990
-999.0000000  640.0000000 -0.0000309  0.0000000 0.0000000 0 -0.0021389
-999.0000000  615.0000000 -0.0000219  0.0000000 0.0000000 0 -0.0040192
-999.0000000  590.0000000 -0.0000124  0.0000000 0.0000000 0 -0.0051155
-999.0000000  565.0000000 -0.0000046  0.0000000 0.0000000 0 -0.0058310
-999.0000000  540.0000000  0.0000004  0.0000000 0.0000000 0 -0.0066761
-999.0000000  515.0000000  0.0000025  0.0000000 0.0000000 0 -0.0081118
-999.0000000  490.0000000  0.0000024  0.0000000 0.0000000 0 -0.0104359
-999.0000000  465.0000000 -0.0000007  0.0000000 0.0000000 0 -0.0136410
-999.0000000  440.0000000 -0.0000057  0.0000000 0.0000000 0 -0.0174131
-999.0000000  415.0000000 -0.0000110  0.0000000 0.0000000 0 -0.0210979
-999.0000000  390.0000000 -0.0000130  0.0000000 0.0000000 0 -0.0239399
-999.0000000  365.0000000 -0.0000113  0.0000000 0.0000000 0 -0.0253381
-999.0000000  340.0000000 -0.0000092  0.0000000 0.0000000 0 -0.0251868
-999.0000000  315.0000000 -0.0000090  0.0000000 0.0000000 0 -0.0240195
-999.0000000  290.0000000 -0.0000084  0.0000000 0.0000000 0 -0.0223902
-999.0000000  265.0000000 -0.0000034  0.0000000 0.0000000 0 -0.0204350
-999.0000000  240.0000000  0.0000036  0.0000000 0.0000000 0 -0.0180293
-999.0000000  215.0000000  0.0000097  0.0000000 0.0000000 0 -0.0148651
-999.0000000  190.0000000  0.0000167  0.0000000 0.0000000 0 -0.0105899
-999.0000000  165.0000000  0.0000199  0.0000000 0.0000000 0 -0.0052275
-999.0000000  140.0000000  0.0000125 -0.0000000 0.0000000 0  0.0009746
-999.0000000  115.0000000  0.0000048 -0.0000000 0.0000000 0  0.0036680
-999.0000000   90.0000000  0.0000017  0.0000000 0.0000000 0  0.0000010
-999.0000000   65.0000000  0.0000002 -0.0000000 0.0000000 0 -0.0000000
-999.0000000   40.0000000 -0.0000013 -0.0000000 0.0000000 0 -0.0000000
-999.0000000   15.0000000 -0.0000065 -0.0000000 0.0000000 0 -0.0000000
 274.125  45   1006.30  day,levels,pres0
-999.0000000 1115.0000000 -0.0000295  0.0000000 0.0000000 0  0.0006210
-999.0000000 1090.0000000 -0.0000295  0.0000000 0.0000000 0  0.0006352
-999.0000000 1065.0000000 -0.0000295  0.0000000 0.0000000 0  0.0006501
-999.0000000 1040.0000000 -0.0000295  0.0000000 0.0000000 0  0.0006658
-999.0000000 1015.0000000 -0.0000295  0.0000000 0.0000000 0  0.0006822
-999.0000000  990.0000000 -0.0000295  0.0000000 0.0000000 0  0.0006994
-999.0000000  965.0000000 -0.0000379  0.0000000 0.0000000 0  0.0015608
-999.0000000  940.0000000 -0.0000223  0.0000000 0.0000000 0  0.0022853
-999.0000000  915.0000000 -0.0000081  0.0000000 0.0000000 0  0.0032483
-999.0000000  890.0000000  0.0000019 -0.0000000 0.0000000 0  0.0046532
-999.0000000  865.0000000  0.0000029 -0.0000000 0.0000000 0  0.0064075
-999.0000000  840.0000000 -0.0000073 -0.0000000 0.0000000 0  0.0081183
-999.0000000  815.0000000 -0.0000166 -0.0000000 0.0000000 0  0.0095685
-999.0000000  790.0000000 -0.0000171 -0.0000000 0.0000000 0  0.0108495
-999.0000000  765.0000000 -0.0000155 -0.0000000 0.0000000 0  0.0119011
-999.0000000  740.0000000 -0.0000135 -0.0000000 0.0000000 0  0.0123512
-999.0000000  715.0000000 -0.0000113 -0.0000000 0.0000000 0  0.0117816
-999.0000000  690.0000000 -0.0000125 -0.0000000 0.0000000 0  0.0100678
-999.0000000  665.0000000 -0.0000181 -0.0000000 0.0000000 0  0.0074319
-999.0000000  640.0000000 -0.0000200  0.0000000 0.0000000 0  0.0044361
-999.0000000  615.0000000 -0.0000159  0.0000000 0.0000000 0  0.0019940
-999.0000000  590.0000000 -0.0000096  0.0000000 0.0000000 0  0.0005532
-999.0000000  565.0000000 -0.0000015  0.0000000 0.0000000 0 -0.0002425
-999.0000000  540.0000000  0.0000059  0.0000000 0.0000000 0 -0.0009064
-999.0000000  515.0000000  0.0000125 -0.0000000 0.0000000 0 -0.0019287
-999.0000000  490.0000000  0.0000155 -0.0000000 0.0000000 0 -0.0036149
-999.0000000  465.0000000  0.0000124 -0.0000000 0.0000000 0 -0.0059319
-999.0000000  440.0000000  0.0000055 -0.0000000 0.0000000 0 -0.0085498
-999.0000000  415.0000000 -0.0000026 -0.0000000 0.0000000 0 -0.0108350
-999.0000000  390.0000000 -0.0000053  0.0000000 0.0000000 0 -0.0121884
-999.0000000  365.0000000 -0.0000015  0.0000000 0.0000000 0 -0.0123051
-999.0000000  340.0000000  0.0000030  0.0000000 0.0000000 0 -0.0113060
-999.0000000  315.0000000  0.0000048  0.0000000 0.0000000 0 -0.0098001
-999.0000000  290.0000000  0.0000056  0.0000000 0.0000000 0 -0.0084338
-999.0000000  265.0000000  0.0000098  0.0000000 0.0000000 0 -0.0074951
-999.0000000  240.0000000  0.0000155  0.0000000 0.0000000 0 -0.0067366
-999.0000000  215.0000000  0.0000199  0.0000000 0.0000000 0 -0.0053955
-999.0000000  190.0000000  0.0000257  0.0000000 0.0000000 0 -0.0031667
-999.0000000  165.0000000  0.0000315  0.0000000 0.0000000 0 -0.0010046
-999.0000000  140.0000000  0.0000280  0.0000000 0.0000000 0  0.0012621
-999.0000000  115.0000000  0.0000194 -0.0000000 0.0000000 0  0.0022428
-999.0000000   90.0000000  0.0000124  0.0000000 0.0000000 0 -0.0000018
-999.0000000   65.0000000  0.0000065 -0.0000000 0.0000000 0 -0.0000000
-999.0000000   40.0000000  0.0000022 -0.0000000 0.0000000 0 -0.0000000
-999.0000000   15.0000000 -0.0000034 -0.0000000 0.0000000 0 -0.0000000
 274.250  45   1004.68  day,levels,pres0
-999.0000000 1115.0000000 -0.0000295  0.0000000 0.0000000 0 -0.0003118
-999.0000000 1090.0000000 -0.0000295  0.0000000 0.0000000 0 -0.0003190
-999.0000000 1065.0000000 -0.0000295  0.0000000 0.0000000 0 -0.0003265
-999.0000000 1040.0000000 -0.0000295  0.0000000 0.0000000 0 -0.0003343
-999.0000000 1015.0000000 -0.0000295  0.0000000 0.0000000 0 -0.0003426
-999.0000000  990.0000000 -0.0000295  0.0000000 0.0000000 0 -0.0003512
-999.0000000  965.0000000 -0.0000464  0.0000000 0.0000000 0 -0.0011247
-999.0000000  940.0000000 -0.0000278  0.0000000 0.0000000 0 -0.0014829
-999.0000000  915.0000000 -0.0000148 -0.0000000 0.0000000 0 -0.0008457
-999.0000000  890.0000000 -0.0000091 -0.0000000 0.0000000 0  0.0004780
-999.0000000  865.0000000 -0.0000114 -0.0000000 0.0000000 0  0.0020395
-999.0000000  840.0000000 -0.0000188 -0.0000000 0.0000000 0  0.0035222
-999.0000000  815.0000000 -0.0000253 -0.0000000 0.0000000 0  0.0048939
-999.0000000  790.0000000 -0.0000300 -0.0000000 0.0000000 0  0.0062710
-999.0000000  765.0000000 -0.0000320 -0.0000000 0.0000000 0  0.0074970
-999.0000000  740.0000000 -0.0000296 -0.0000000 0.0000000 0  0.0080286
-999.0000000  715.0000000 -0.0000241 -0.0000000 0.0000000 0  0.0072575
-999.0000000  690.0000000 -0.0000197 -0.0000000 0.0000000 0  0.0049588
-999.0000000  665.0000000 -0.0000182 -0.0000000 0.0000000 0  0.0013573
-999.0000000  640.0000000 -0.0000187 -0.0000000 0.0000000 0 -0.0028498
-999.0000000  615.0000000 -0.0000196 -0.0000000 0.0000000 0 -0.0064576
-999.0000000  590.0000000 -0.0000167 -0.0000000 0.0000000 0 -0.0088005
-999.0000000  565.0000000 -0.0000091 -0.0000000 0.0000000 0 -0.0101679
-999.0000000  540.0000000  0.0000001 -0.0000000 0.0000000 0 -0.0110580
-999.0000000  515.0000000  0.0000108 -0.0000000 0.0000000 0 -0.0119871
-999.0000000  490.0000000  0.0000169 -0.0000000 0.0000000 0 -0.0132703
-999.0000000  465.0000000  0.0000136 -0.0000000 0.0000000 0 -0.0148552
-999.0000000  440.0000000  0.0000045 -0.0000000 0.0000000 0 -0.0163965
-999.0000000  415.0000000 -0.0000074 -0.0000000 0.0000000 0 -0.0172747
-999.0000000  390.0000000 -0.0000124 -0.0000000 0.0000000 0 -0.0170284
-999.0000000  365.0000000 -0.0000081  0.0000000 0.0000000 0 -0.0156188
-999.0000000  340.0000000 -0.0000020  0.0000000 0.0000000 0 -0.0133735
-999.0000000  315.0000000  0.0000013  0.0000000 0.0000000 0 -0.0109808
-999.0000000  290.0000000  0.0000027  0.0000000 0.0000000 0 -0.0091796
-999.0000000  265.0000000  0.0000060  0.0000000 0.0000000 0 -0.0083559
-999.0000000  240.0000000  0.0000105  0.0000000 0.0000000 0 -0.0080482
-999.0000000  215.0000000  0.0000136  0.0000000 0.0000000 0 -0.0069524
-999.0000000  190.0000000  0.0000186  0.0000000 0.0000000 0 -0.0047426
-999.0000000  165.0000000  0.0000273  0.0000000 0.0000000 0 -0.0031827
-999.0000000  140.0000000  0.0000252  0.0000000 0.0000000 0 -0.0014813
-999.0000000  115.0000000  0.0000148  0.0000000 0.0000000 0  0.0002743
-999.0000000   90.0000000  0.0000064 -0.0000000 0.0000000 0 -0.0000012
-999.0000000   65.0000000  0.0000000 -0.0000000 0.0000000 0 -0.0000000
-999.0000000   40.0000000 -0.0000027 -0.0000000 0.0000000 0 -0.0000000
-999.0000000   15.0000000 -0.0000016 -0.0000000 0.0000000 0 -0.0000000
 274.375  45   1004.85  day,levels,pres0
-999.0000000 1115.0000000 -0.0000267  0.0000000 0.0000000 0 -0.0006372
-999.0000000 1090.0000000 -0.0000267  0.0000000 0.0000000 0 -0.0006518
-999.0000000 1065.0000000 -0.0000267  0.0000000 0.0000000 0 -0.0006671
-999.0000000 1040.0000000 -0.0000267  0.0000000 0.0000000 0 -0.0006831
-999.0000000 1015.0000000 -0.0000267  0.0000000 0.0000000 0 -0.0007000
-999.0000000  990.0000000 -0.0000267  0.0000000 0.0000000 0 -0.0007177
-999.0000000  965.0000000 -0.0000506  0.0000000 0.0000000 0 -0.0024674
-999.0000000  940.0000000 -0.0000359  0.0000000 0.0000000 0 -0.0042095
-999.0000000  915.0000000 -0.0000240 -0.0000000 0.0000000 0 -0.0051420
-999.0000000  890.0000000 -0.0000197 -0.0000000 0.0000000 0 -0.0055516
-999.0000000  865.0000000 -0.0000216 -0.0000000 0.0000000 0 -0.0058307
-999.0000000  840.0000000 -0.0000265 -0.0000000 0.0000000 0 -0.0061594
-999.0000000  815.0000000 -0.0000301 -0.0000000 0.0000000 0 -0.0064993
-999.0000000  790.0000000 -0.0000318 -0.0000000 0.0000000 0 -0.0067842
-999.0000000  765.0000000 -0.0000314 -0.0000000 0.0000000 0 -0.0071748
-999.0000000  740.0000000 -0.0000279 -0.0000000 0.0000000 0 -0.0080417
-999.0000000  715.0000000 -0.0000227 -0.0000000 0.0000000 0 -0.0097257
-999.0000000  690.0000000 -0.0000207 -0.0000000 0.0000000 0 -0.0122353
-999.0000000  665.0000000 -0.0000223 -0.0000000 0.0000000 0 -0.0151928
-999.0000000  640.0000000 -0.0000248 -0.0000000 0.0000000 0 -0.0179653
-999.0000000  615.0000000 -0.0000263 -0.0000000 0.0000000 0 -0.0197078
-999.0000000  590.0000000 -0.0000248 -0.0000000 0.0000000 0 -0.0200127
-999.0000000  565.0000000 -0.0000200 -0.0000000 0.0000000 0 -0.0191953
-999.0000000  540.0000000 -0.0000151 -0.0000000 0.0000000 0 -0.0177645
-999.0000000  515.0000000 -0.0000109 -0.0000000 0.0000000 0 -0.0162807
-999.0000000  490.0000000 -0.0000095 -0.0000000 0.0000000 0 -0.0151682
-999.0000000  465.0000000 -0.0000124 -0.0000000 0.0000000 0 -0.0145711
-999.0000000  440.0000000 -0.0000166 -0.0000000 0.0000000 0 -0.0143825
-999.0000000  415.0000000 -0.0000205 -0.0000000 0.0000000 0 -0.0142256
-999.0000000  390.0000000 -0.0000198  0.0000000 0.0000000 0 -0.0137113
-999.0000000  365.0000000 -0.0000144  0.0000000 0.0000000 0 -0.0125985
-999.0000000  340.0000000 -0.0000084  0.0000000 0.0000000 0 -0.0108684
-999.0000000  315.0000000 -0.0000042  0.0000000 0.0000000 0 -0.0088301
-999.0000000  290.0000000 -0.0000023  0.0000000 0.0000000 0 -0.0070939
-999.0000000  265.0000000 -0.0000003  0.0000000 0.0000000 0 -0.0063724
-999.0000000  240.0000000  0.0000029  0.0000000 0.0000000 0 -0.0068120
-999.0000000  215.0000000  0.0000071  0.0000000 0.0000000 0 -0.0074914
-999.0000000  190.0000000  0.0000129  0.0000000 0.0000000 0 -0.0073291
-999.0000000  165.0000000  0.0000185 -0.0000000 0.0000000 0 -0.0062611
-999.0000000  140.0000000  0.0000149  0.0000000 0.0000000 0 -0.0040124
-999.0000000  115.0000000  0.0000062  0.0000000 0.0000000 0 -0.0014910
-999.0000000   90.0000000 -0.0000015 -0.0000000 0.0000000 0 -0.0000006
-999.0000000   65.0000000 -0.0000065 -0.0000000 0.0000000 0 -0.0000000
-999.0000000   40.0000000 -0.0000076 -0.0000000 0.0000000 0 -0.0000000
-999.0000000   15.0000000  0.0000002 -0.0000000 0.0000000 0 -0.0000000
 274.500  45   1006.47  day,levels,pres0
-999.0000000 1115.0000000 -0.0000071  0.0000000 0.0000000 0  0.0003110
-999.0000000 1090.0000000 -0.0000071  0.0000000 0.0000000 0  0.0003181
-999.0000000 1065.0000000 -0.0000071  0.0000000 0.0000000 0  0.0003256
-999.0000000 1040.0000000 -0.0000071  0.0000000 0.0000000 0  0.0003334
-999.0000000 1015.0000000 -0.0000071  0.0000000 0.0000000 0  0.0003416
-999.0000000  990.0000000 -0.0000071  0.0000000 0.0000000 0  0.0003502
-999.0000000  965.0000000 -0.0000350  0.0000000 0.0000000 0  0.0000368
-999.0000000  940.0000000 -0.0000245  0.0000000 0.0000000 0 -0.0006394
-999.0000000  915.0000000 -0.0000154 -0.0000000 0.0000000 0 -0.0007900
-999.0000000  890.0000000 -0.0000134 -0.0000000 0.0000000 0 -0.0006784
-999.0000000  865.0000000 -0.0000148 -0.0000000 0.0000000 0 -0.0006207
-999.0000000  840.0000000 -0.0000167  0.0000000 0.0000000 0 -0.0006982
-999.0000000  815.0000000 -0.0000171  0.0000000 0.0000000 0 -0.0008969
-999.0000000  790.0000000 -0.0000152  0.0000000 0.0000000 0 -0.0013248
-999.0000000  765.0000000 -0.0000118 -0.0000000 0.0000000 0 -0.0022503
-999.0000000  740.0000000 -0.0000068 -0.0000000 0.0000000 0 -0.0039462
-999.0000000  715.0000000 -0.0000027 -0.0000000 0.0000000 0 -0.0065332
-999.0000000  690.0000000 -0.0000039 -0.0000000 0.0000000 0 -0.0097672
-999.0000000  665.0000000 -0.0000096 -0.0000000 0.0000000 0 -0.0130156
-999.0000000  640.0000000 -0.0000144 -0.0000000 0.0000000 0 -0.0156444
-999.0000000  615.0000000 -0.0000164 -0.0000000 0.0000000 0 -0.0171369
-999.0000000  590.0000000 -0.0000157 -0.0000000 0.0000000 0 -0.0173260
-999.0000000  565.0000000 -0.0000126 -0.0000000 0.0000000 0 -0.0165739
-999.0000000  540.0000000 -0.0000105 -0.0000000 0.0000000 0 -0.0154135
-999.0000000  515.0000000 -0.0000103  0.0000000 0.0000000 0 -0.0144566
-999.0000000  490.0000000 -0.0000108  0.0000000 0.0000000 0 -0.0141576
-999.0000000  465.0000000 -0.0000110  0.0000000 0.0000000 0 -0.0146540
-999.0000000  440.0000000 -0.0000099  0.0000000 0.0000000 0 -0.0159205
-999.0000000  415.0000000 -0.0000078  0.0000000 0.0000000 0 -0.0177245
-999.0000000  390.0000000 -0.0000047  0.0000000 0.0000000 0 -0.0196543
-999.0000000  365.0000000 -0.0000023  0.0000000 0.0000000 0 -0.0211993
-999.0000000  340.0000000 -0.0000012  0.0000000 0.0000000 0 -0.0219745
-999.0000000  315.0000000 -0.0000004  0.0000000 0.0000000 0 -0.0219729
-999.0000000  290.0000000 -0.0000003  0.0000000 0.0000000 0 -0.0216970
-999.0000000  265.0000000 -0.0000000  0.0000000 0.0000000 0 -0.0220789
-999.0000000  240.0000000  0.0000016  0.0000000 0.0000000 0 -0.0237172
-999.0000000  215.0000000  0.0000055  0.0000000 0.0000000 0 -0.0259327
-999.0000000  190.0000000  0.0000109  0.0000000 0.0000000 0 -0.0267382
-999.0000000  165.0000000  0.0000141  0.0000000 0.0000000 0 -0.0236141
-999.0000000  140.0000000  0.0000099  0.0000000 0.0000000 0 -0.0148897
-999.0000000  115.0000000  0.0000015 -0.0000000 0.0000000 0 -0.0054046
-999.0000000   90.0000000 -0.0000031 -0.0000000 0.0000000 0  0.0000000
-999.0000000   65.0000000 -0.0000036 -0.0000000 0.0000000 0 -0.0000000
-999.0000000   40.0000000 -0.0000030 -0.0000000 0.0000000 0 -0.0000000
-999.0000000   15.0000000  0.0000019 -0.0000000 0.0000000 0 -0.0000000
 274.625  45   1005.92  day,levels,pres0
-999.0000000 1115.0000000  0.0000121  0.0000000 0.0000000 0 -0.0000584
-999.0000000 1090.0000000  0.0000121  0.0000000 0.0000000 0 -0.0000598
-999.0000000 1065.0000000  0.0000121  0.0000000 0.0000000 0 -0.0000612
-999.0000000 1040.0000000  0.0000121  0.0000000 0.0000000 0 -0.0000626
-999.0000000 1015.0000000  0.0000121  0.0000000 0.0000000 0 -0.0000642
-999.0000000  990.0000000  0.0000121  0.0000000 0.0000000 0 -0.0000658
-999.0000000  965.0000000  0.0000030  0.0000000 0.0000000 0 -0.0002419
-999.0000000  940.0000000  0.0000024  0.0000000 0.0000000 0 -0.0000974
-999.0000000  915.0000000 -0.0000022 -0.0000000 0.0000000 0  0.0004716
-999.0000000  890.0000000 -0.0000051 -0.0000000 0.0000000 0  0.0008573
-999.0000000  865.0000000 -0.0000006 -0.0000000 0.0000000 0  0.0006493
-999.0000000  840.0000000  0.0000041 -0.0000000 0.0000000 0 -0.0000821
-999.0000000  815.0000000  0.0000061 -0.0000000 0.0000000 0 -0.0011258
-999.0000000  790.0000000  0.0000068 -0.0000000 0.0000000 0 -0.0024158
-999.0000000  765.0000000  0.0000067 -0.0000000 0.0000000 0 -0.0039565
-999.0000000  740.0000000  0.0000062 -0.0000000 0.0000000 0 -0.0057017
-999.0000000  715.0000000  0.0000047 -0.0000000 0.0000000 0 -0.0075464
-999.0000000  690.0000000  0.0000017 -0.0000000 0.0000000 0 -0.0093270
-999.0000000  665.0000000 -0.0000021 -0.0000000 0.0000000 0 -0.0107924
-999.0000000  640.0000000 -0.0000049 -0.0000000 0.0000000 0 -0.0116767
-999.0000000  615.0000000 -0.0000060  0.0000000 0.0000000 0 -0.0117493
-999.0000000  590.0000000 -0.0000051  0.0000000 0.0000000 0 -0.0109799
-999.0000000  565.0000000 -0.0000024  0.0000000 0.0000000 0 -0.0096251
-999.0000000  540.0000000 -0.0000008 -0.0000000 0.0000000 0 -0.0080299
-999.0000000  515.0000000 -0.0000017 -0.0000000 0.0000000 0 -0.0065768
-999.0000000  490.0000000 -0.0000048 -0.0000000 0.0000000 0 -0.0056043
-999.0000000  465.0000000 -0.0000101  0.0000000 0.0000000 0 -0.0053303
-999.0000000  440.0000000 -0.0000164  0.0000000 0.0000000 0 -0.0058350
-999.0000000  415.0000000 -0.0000222  0.0000000 0.0000000 0 -0.0070067
-999.0000000  390.0000000 -0.0000235  0.0000000 0.0000000 0 -0.0085707
-999.0000000  365.0000000 -0.0000197  0.0000000 0.0000000 0 -0.0101382
-999.0000000  340.0000000 -0.0000137  0.0000000 0.0000000 0 -0.0114279
-999.0000000  315.0000000 -0.0000076  0.0000000 0.0000000 0 -0.0124324
-999.0000000  290.0000000 -0.0000038  0.0000000 0.0000000 0 -0.0134013
-999.0000000  265.0000000 -0.0000013 -0.0000000 0.0000000 0 -0.0147374
-999.0000000  240.0000000  0.0000019  0.0000000 0.0000000 0 -0.0165740
-999.0000000  215.0000000  0.0000076 -0.0000000 0.0000000 0 -0.0182504
-999.0000000  190.0000000  0.0000137 -0.0000000 0.0000000 0 -0.0183309
-999.0000000  165.0000000  0.0000129 -0.0000000 0.0000000 0 -0.0151206
-999.0000000  140.0000000  0.0000059  0.0000000 0.0000000 0 -0.0089632
-999.0000000  115.0000000 -0.0000013 -0.0000000 0.0000000 0 -0.0033435
-999.0000000   90.0000000 -0.0000033 -0.0000000 0.0000000 0 -0.0000007
-999.0000000   65.0000000 -0.0000006 -0.0000000 0.0000000 0 -0.0000000
-999.0000000   40.0000000  0.0000016 -0.0000000 0.0000000 0 -0.0000000
-999.0000000   15.0000000  0.0000036 -0.0000000 0.0000000 0 -0.0000000
 274.750  45   1002.52  day,levels,pres0
-999.0000000 1115.0000000  0.0000047 -0.0000000 0.0000000 0 -0.0000663
-999.0000000 1090.0000000  0.0000047 -0.0000000 0.0000000 0 -0.0000678
-999.0000000 1065.0000000  0.0000047 -0.0000000 0.0000000 0 -0.0000694
-999.0000000 1040.0000000  0.0000047 -0.0000000 0.0000000 0 -0.0000711
-999.0000000 1015.0000000  0.0000047 -0.0000000 0.0000000 0 -0.0000729
-999.0000000  990.0000000  0.0000047 -0.0000000 0.0000000 0 -0.0000747
-999.0000000  965.0000000  0.0000058  0.0000000 0.0000000 0  0.0001498
-999.0000000  940.0000000  0.0000028  0.0000000 0.0000000 0  0.0007587
-999.0000000  915.0000000 -0.0000070  0.0000000 0.0000000 0  0.0010354
-999.0000000  890.0000000 -0.0000128 -0.0000000 0.0000000 0  0.0003321
-999.0000000  865.0000000 -0.0000043 -0.0000000 0.0000000 0 -0.0015566
-999.0000000  840.0000000  0.0000041 -0.0000000 0.0000000 0 -0.0040889
-999.0000000  815.0000000  0.0000068 -0.0000000 0.0000000 0 -0.0065830
-999.0000000  790.0000000  0.0000065 -0.0000000 0.0000000 0 -0.0087207
-999.0000000  765.0000000  0.0000045 -0.0000000 0.0000000 0 -0.0103318
-999.0000000  740.0000000  0.0000011 -0.0000000 0.0000000 0 -0.0112523
-999.0000000  715.0000000 -0.0000033 -0.0000000 0.0000000 0 -0.0113955
-999.0000000  690.0000000 -0.0000066 -0.0000000 0.0000000 0 -0.0107795
-999.0000000  665.0000000 -0.0000081  0.0000000 0.0000000 0 -0.0095169
-999.0000000  640.0000000 -0.0000091  0.0000000 0.0000000 0 -0.0076851
-999.0000000  615.0000000 -0.0000095  0.0000000 0.0000000 0 -0.0053121
-999.0000000  590.0000000 -0.0000088  0.0000000 0.0000000 0 -0.0025150
-999.0000000  565.0000000 -0.0000069  0.0000000 0.0000000 0  0.0004928
-999.0000000  540.0000000 -0.0000061  0.0000000 0.0000000 0  0.0034942
-999.0000000  515.0000000 -0.0000079 -0.0000000 0.0000000 0  0.0063056
-999.0000000  490.0000000 -0.0000130 -0.0000000 0.0000000 0  0.0087035
-999.0000000  465.0000000 -0.0000222 -0.0000000 0.0000000 0  0.0104044
-999.0000000  440.0000000 -0.0000344 -0.0000000 0.0000000 0  0.0112217
-999.0000000  415.0000000 -0.0000474 -0.0000000 0.0000000 0  0.0111388
-999.0000000  390.0000000 -0.0000534 -0.0000000 0.0000000 0  0.0102978
-999.0000000  365.0000000 -0.0000492 -0.0000000 0.0000000 0  0.0089911
-999.0000000  340.0000000 -0.0000380 -0.0000000 0.0000000 0  0.0074153
-999.0000000  315.0000000 -0.0000246  0.0000000 0.0000000 0  0.0055857
-999.0000000  290.0000000 -0.0000149 -0.0000000 0.0000000 0  0.0035177
-999.0000000  265.0000000 -0.0000088 -0.0000000 0.0000000 0  0.0013084
-999.0000000  240.0000000 -0.0000019  0.0000000 0.0000000 0 -0.0007815
-999.0000000  215.0000000  0.0000080 -0.0000000 0.0000000 0 -0.0021905
-999.0000000  190.0000000  0.0000143 -0.0000000 0.0000000 0 -0.0022136
-999.0000000  165.0000000  0.0000066 -0.0000000 0.0000000 0 -0.0004054
-999.0000000  140.0000000 -0.0000015 -0.0000000 0.0000000 0  0.0003013
-999.0000000  115.0000000 -0.0000069 -0.0000000 0.0000000 0 -0.0005423
-999.0000000   90.0000000 -0.0000086 -0.0000000 0.0000000 0  0.0000004
-999.0000000   65.0000000 -0.0000042 -0.0000000 0.0000000 0 -0.0000000
-999.0000000   40.0000000 -0.0000005 -0.0000000 0.0000000 0 -0.0000000
-999.0000000   15.0000000  0.0000004 -0.0000000 0.0000000 0 -0.0000000
 274.875  45   1001.81  day,levels,pres0
-999.0000000 1115.0000000 -0.0000033  0.0000000 0.0000000 0  0.0003411
-999.0000000 1090.0000000 -0.0000033  0.0000000 0.0000000 0  0.0003489
-999.0000000 1065.0000000 -0.0000033  0.0000000 0.0000000 0  0.0003571
-999.0000000 1040.0000000 -0.0000033  0.0000000 0.0000000 0  0.0003657
-999.0000000 1015.0000000 -0.0000033  0.0000000 0.0000000 0  0.0003747
-999.0000000  990.0000000 -0.0000033  0.0000000 0.0000000 0  0.0003841
-999.0000000  965.0000000 -0.0000030  0.0000000 0.0000000 0  0.0014810
-999.0000000  940.0000000 -0.0000055  0.0000000 0.0000000 0  0.0028962
-999.0000000  915.0000000 -0.0000109  0.0000000 0.0000000 0  0.0039859
-999.0000000  890.0000000 -0.0000132 -0.0000000 0.0000000 0  0.0041585
-999.0000000  865.0000000 -0.0000096 -0.0000000 0.0000000 0  0.0032830
-999.0000000  840.0000000 -0.0000066 -0.0000000 0.0000000 0  0.0017355
-999.0000000  815.0000000 -0.0000055 -0.0000000 0.0000000 0 -0.0000400
-999.0000000  790.0000000 -0.0000034 -0.0000000 0.0000000 0 -0.0018282
-999.0000000  765.0000000 -0.0000032 -0.0000000 0.0000000 0 -0.0035171
-999.0000000  740.0000000 -0.0000052 -0.0000000 0.0000000 0 -0.0049715
-999.0000000  715.0000000 -0.0000083 -0.0000000 0.0000000 0 -0.0060441
-999.0000000  690.0000000 -0.0000106  0.0000000 0.0000000 0 -0.0066700
-999.0000000  665.0000000 -0.0000113  0.0000000 0.0000000 0 -0.0068780
-999.0000000  640.0000000 -0.0000105  0.0000000 0.0000000 0 -0.0066578
-999.0000000  615.0000000 -0.0000081  0.0000000 0.0000000 0 -0.0059355
-999.0000000  590.0000000 -0.0000052  0.0000000 0.0000000 0 -0.0047211
-999.0000000  565.0000000 -0.0000021  0.0000000 0.0000000 0 -0.0031561
-999.0000000  540.0000000 -0.0000004  0.0000000 0.0000000 0 -0.0014688
-999.0000000  515.0000000 -0.0000014 -0.0000000 0.0000000 0  0.0000267
-999.0000000  490.0000000 -0.0000055 -0.0000000 0.0000000 0  0.0010007
-999.0000000  465.0000000 -0.0000133 -0.0000000 0.0000000 0  0.0011685
-999.0000000  440.0000000 -0.0000228 -0.0000000 0.0000000 0  0.0004012
-999.0000000  415.0000000 -0.0000318 -0.0000000 0.0000000 0 -0.0011827
-999.0000000  390.0000000 -0.0000348 -0.0000000 0.0000000 0 -0.0032232
-999.0000000  365.0000000 -0.0000305 -0.0000000 0.0000000 0 -0.0051368
-999.0000000  340.0000000 -0.0000232 -0.0000000 0.0000000 0 -0.0063726
-999.0000000  315.0000000 -0.0000167 -0.0000000 0.0000000 0 -0.0066119
-999.0000000  290.0000000 -0.0000126 -0.0000000 0.0000000 0 -0.0058388
-999.0000000  265.0000000 -0.0000083  0.0000000 0.0000000 0 -0.0044273
-999.0000000  240.0000000 -0.0000005  0.0000000 0.0000000 0 -0.0031316
-999.0000000  215.0000000  0.0000090  0.0000000 0.0000000 0 -0.0026473
-999.0000000  190.0000000  0.0000122  0.0000000 0.0000000 0 -0.0025384
-999.0000000  165.0000000  0.0000031  0.0000000 0.0000000 0 -0.0011710
-999.0000000  140.0000000 -0.0000052  0.0000000 0.0000000 0  0.0004016
-999.0000000  115.0000000 -0.0000111 -0.0000000 0.0000000 0  0.0006385
-999.0000000   90.0000000 -0.0000113 -0.0000000 0.0000000 0 -0.0000006
-999.0000000   65.0000000 -0.0000078 -0.0000000 0.0000000 0 -0.0000000
-999.0000000   40.0000000 -0.0000027 -0.0000000 0.0000000 0 -0.0000000
-999.0000000   15.0000000 -0.0000029 -0.0000000 0.0000000 0 -0.0000000
 275.000  45   1004.26  day,levels,pres0
-999.0000000 1115.0000000 -0.0000002  0.0000000 0.0000000 0  0.0012082
-999.0000000 1090.0000000 -0.0000002  0.0000000 0.0000000 0  0.0012359
-999.0000000 1065.0000000 -0.0000002  0.0000000 0.0000000 0  0.0012649
-999.0000000 1040.0000000 -0.0000002  0.0000000 0.0000000 0  0.0012953
-999.0000000 1015.0000000 -0.0000002  0.0000000 0.0000000 0  0.0013272
-999.0000000  990.0000000 -0.0000002  0.0000000 0.0000000 0  0.0013607
-999.0000000  965.0000000 -0.0000038  0.0000000 0.0000000 0  0.0041022
-999.0000000  940.0000000 -0.0000094  0.0000000 0.0000000 0  0.0072765
-999.0000000  915.0000000 -0.0000093  0.0000000 0.0000000 0  0.0103090
-999.0000000  890.0000000 -0.0000059 -0.0000000 0.0000000 0  0.0125366
-999.0000000  865.0000000 -0.0000051 -0.0000000 0.0000000 0  0.0137206
-999.0000000  840.0000000 -0.0000068 -0.0000000 0.0000000 0  0.0139951
-999.0000000  815.0000000 -0.0000079 -0.0000000 0.0000000 0  0.0135859
-999.0000000  790.0000000 -0.0000039 -0.0000000 0.0000000 0  0.0126162
-999.0000000  765.0000000 -0.0000018 -0.0000000 0.0000000 0  0.0111244
-999.0000000  740.0000000 -0.0000027  0.0000000 0.0000000 0  0.0092311
-999.0000000  715.0000000 -0.0000047  0.0000000 0.0000000 0  0.0071849
-999.0000000  690.0000000 -0.0000061  0.0000000 0.0000000 0  0.0051629
-999.0000000  665.0000000 -0.0000057  0.0000000 0.0000000 0  0.0032416
-999.0000000  640.0000000 -0.0000027  0.0000000 0.0000000 0  0.0015343
-999.0000000  615.0000000  0.0000034  0.0000000 0.0000000 0  0.0002117
-999.0000000  590.0000000  0.0000094  0.0000000 0.0000000 0 -0.0006155
-999.0000000  565.0000000  0.0000145  0.0000000 0.0000000 0 -0.0009875
-999.0000000  540.0000000  0.0000179  0.0000000 0.0000000 0 -0.0011324
-999.0000000  515.0000000  0.0000185  0.0000000 0.0000000 0 -0.0014952
-999.0000000  490.0000000  0.0000161 -0.0000000 0.0000000 0 -0.0025210
-999.0000000  465.0000000  0.0000104 -0.0000000 0.0000000 0 -0.0045171
-999.0000000  440.0000000  0.0000036 -0.0000000 0.0000000 0 -0.0075547
-999.0000000  415.0000000 -0.0000025 -0.0000000 0.0000000 0 -0.0113474
-999.0000000  390.0000000 -0.0000050 -0.0000000 0.0000000 0 -0.0152796
-999.0000000  365.0000000 -0.0000039 -0.0000000 0.0000000 0 -0.0184499
-999.0000000  340.0000000 -0.0000024 -0.0000000 0.0000000 0 -0.0199431
-999.0000000  315.0000000 -0.0000019 -0.0000000 0.0000000 0 -0.0191535
-999.0000000  290.0000000 -0.0000007 -0.0000000 0.0000000 0 -0.0160860
-999.0000000  265.0000000  0.0000047  0.0000000 0.0000000 0 -0.0115808
-999.0000000  240.0000000  0.0000152  0.0000000 0.0000000 0 -0.0073785
-999.0000000  215.0000000  0.0000263  0.0000000 0.0000000 0 -0.0053388
-999.0000000  190.0000000  0.0000292  0.0000000 0.0000000 0 -0.0051236
-999.0000000  165.0000000  0.0000216  0.0000000 0.0000000 0 -0.0037921
-999.0000000  140.0000000  0.0000143  0.0000000 0.0000000 0 -0.0004996
-999.0000000  115.0000000  0.0000064 -0.0000000 0.0000000 0  0.0015758
-999.0000000   90.0000000  0.0000050 -0.0000000 0.0000000 0  0.0000004
-999.0000000   65.0000000  0.0000018 -0.0000000 0.0000000 0 -0.0000000
-999.0000000   40.0000000  0.0000004 -0.0000000 0.0000000 0 -0.0000000
-999.0000000   15.0000000 -0.0000041 -0.0000000 0.0000000 0 -0.0000000
 275.125  45   1005.85  day,levels,pres0
-999.0000000 1115.0000000  0.0000030  0.0000000 0.0000000 0  0.0004957
-999.0000000 1090.0000000  0.0000030  0.0000000 0.0000000 0  0.0005070
-999.0000000 1065.0000000  0.0000030  0.0000000 0.0000000 0  0.0005189
-999.0000000 1040.0000000  0.0000030  0.0000000 0.0000000 0  0.0005314
-999.0000000 1015.0000000  0.0000030  0.0000000 0.0000000 0  0.0005445
-999.0000000  990.0000000  0.0000030  0.0000000 0.0000000 0  0.0005583
-999.0000000  965.0000000  0.0000043  0.0000000 0.0000000 0  0.0018505
-999.0000000  940.0000000 -0.0000004  0.0000000 0.0000000 0  0.0038625
-999.0000000  915.0000000 -0.0000050  0.0000000 0.0000000 0  0.0062979
-999.0000000  890.0000000 -0.0000073 -0.0000000 0.0000000 0  0.0085193
-999.0000000  865.0000000 -0.0000076 -0.0000000 0.0000000 0  0.0101386
-999.0000000  840.0000000 -0.0000098 -0.0000000 0.0000000 0  0.0112070
-999.0000000  815.0000000 -0.0000131 -0.0000000 0.0000000 0  0.0120134
-999.0000000  790.0000000 -0.0000139 -0.0000000 0.0000000 0  0.0127935
-999.0000000  765.0000000 -0.0000144  0.0000000 0.0000000 0  0.0136154
-999.0000000  740.0000000 -0.0000144  0.0000000 0.0000000 0  0.0144282
-999.0000000  715.0000000 -0.0000136  0.0000000 0.0000000 0  0.0151542
-999.0000000  690.0000000 -0.0000120  0.0000000 0.0000000 0  0.0157045
-999.0000000  665.0000000 -0.0000093  0.0000000 0.0000000 0  0.0159754
-999.0000000  640.0000000 -0.0000060  0.0000000 0.0000000 0  0.0159367
-999.0000000  615.0000000 -0.0000019  0.0000000 0.0000000 0  0.0156545
-999.0000000  590.0000000  0.0000020  0.0000000 0.0000000 0  0.0152134
-999.0000000  565.0000000  0.0000053  0.0000000 0.0000000 0  0.0146644
-999.0000000  540.0000000  0.0000081  0.0000000 0.0000000 0  0.0139184
-999.0000000  515.0000000  0.0000100  0.0000000 0.0000000 0  0.0127280
-999.0000000  490.0000000  0.0000100  0.0000000 0.0000000 0  0.0108617
-999.0000000  465.0000000  0.0000076  0.0000000 0.0000000 0  0.0081952
-999.0000000  440.0000000  0.0000042 -0.0000000 0.0000000 0  0.0047657
-999.0000000  415.0000000  0.0000005 -0.0000000 0.0000000 0  0.0008258
-999.0000000  390.0000000 -0.0000013 -0.0000000 0.0000000 0 -0.0031941
-999.0000000  365.0000000 -0.0000006 -0.0000000 0.0000000 0 -0.0067386
-999.0000000  340.0000000  0.0000019 -0.0000000 0.0000000 0 -0.0093316
-999.0000000  315.0000000  0.0000051 -0.0000000 0.0000000 0 -0.0107494
-999.0000000  290.0000000  0.0000097 -0.0000000 0.0000000 0 -0.0110584
-999.0000000  265.0000000  0.0000175 -0.0000000 0.0000000 0 -0.0107320
-999.0000000  240.0000000  0.0000285 -0.0000000 0.0000000 0 -0.0107792
-999.0000000  215.0000000  0.0000384 -0.0000000 0.0000000 0 -0.0119156
-999.0000000  190.0000000  0.0000383  0.0000000 0.0000000 0 -0.0126837
-999.0000000  165.0000000  0.0000294  0.0000000 0.0000000 0 -0.0101827
-999.0000000  140.0000000  0.0000300  0.0000000 0.0000000 0 -0.0042502
-999.0000000  115.0000000  0.0000239 -0.0000000 0.0000000 0  0.0000599
-999.0000000   90.0000000  0.0000214 -0.0000000 0.0000000 0 -0.0000001
-999.0000000   65.0000000  0.0000116 -0.0000000 0.0000000 0 -0.0000000
-999.0000000   40.0000000  0.0000037 -0.0000000 0.0000000 0 -0.0000000
-999.0000000   15.0000000 -0.0000053 -0.0000000 0.0000000 0 -0.0000000
 275.250  45   1005.49  day,levels,pres0
-999.0000000 1115.0000000  0.0000018 -0.0000000 0.0000000 0 -0.0009260
-999.0000000 1090.0000000  0.0000018 -0.0000000 0.0000000 0 -0.0009473
-999.0000000 1065.0000000  0.0000018 -0.0000000 0.0000000 0 -0.0009695
-999.0000000 1040.0000000  0.0000018 -0.0000000 0.0000000 0 -0.0009928
-999.0000000 1015.0000000  0.0000018 -0.0000000 0.0000000 0 -0.0010173
-999.0000000  990.0000000  0.0000018 -0.0000000 0.0000000 0 -0.0010429
-999.0000000  965.0000000  0.0000076 -0.0000000 0.0000000 0 -0.0022994
-999.0000000  940.0000000  0.0000026 -0.0000000 0.0000000 0 -0.0026745
-999.0000000  915.0000000 -0.0000050 -0.0000000 0.0000000 0 -0.0024058
-999.0000000  890.0000000 -0.0000098 -0.0000000 0.0000000 0 -0.0021022
-999.0000000  865.0000000 -0.0000101 -0.0000000 0.0000000 0 -0.0021137
-999.0000000  840.0000000 -0.0000121 -0.0000000 0.0000000 0 -0.0022599
-999.0000000  815.0000000 -0.0000172 -0.0000000 0.0000000 0 -0.0020683
-999.0000000  790.0000000 -0.0000231 -0.0000000 0.0000000 0 -0.0011565
-999.0000000  765.0000000 -0.0000272 -0.0000000 0.0000000 0  0.0005782
-999.0000000  740.0000000 -0.0000277  0.0000000 0.0000000 0  0.0029121
-999.0000000  715.0000000 -0.0000254  0.0000000 0.0000000 0  0.0054368
-999.0000000  690.0000000 -0.0000214  0.0000000 0.0000000 0  0.0077894
-999.0000000  665.0000000 -0.0000167  0.0000000 0.0000000 0  0.0096752
-999.0000000  640.0000000 -0.0000134  0.0000000 0.0000000 0  0.0109027
-999.0000000  615.0000000 -0.0000121  0.0000000 0.0000000 0  0.0114172
-999.0000000  590.0000000 -0.0000115  0.0000000 0.0000000 0  0.0112525
-999.0000000  565.0000000 -0.0000113  0.0000000 0.0000000 0  0.0105261
-999.0000000  540.0000000 -0.0000102  0.0000000 0.0000000 0  0.0092912
-999.0000000  515.0000000 -0.0000077  0.0000000 0.0000000 0  0.0075077
-999.0000000  490.0000000 -0.0000062  0.0000000 0.0000000 0  0.0051802
-999.0000000  465.0000000 -0.0000064  0.0000000 0.0000000 0  0.0024100
-999.0000000  440.0000000 -0.0000079 -0.0000000 0.0000000 0 -0.0006529
-999.0000000  415.0000000 -0.0000109 -0.0000000 0.0000000 0 -0.0038281
-999.0000000  390.0000000 -0.0000136 -0.0000000 0.0000000 0 -0.0069269
-999.0000000  365.0000000 -0.0000141 -0.0000000 0.0000000 0 -0.0098072
-999.0000000  340.0000000 -0.0000109 -0.0000000 0.0000000 0 -0.0124547
-999.0000000  315.0000000 -0.0000047 -0.0000000 0.0000000 0 -0.0150067
-999.0000000  290.0000000  0.0000030 -0.0000000 0.0000000 0 -0.0175589
-999.0000000  265.0000000  0.0000125 -0.0000000 0.0000000 0 -0.0201591
-999.0000000  240.0000000  0.0000232 -0.0000000 0.0000000 0 -0.0230265
-999.0000000  215.0000000  0.0000306 -0.0000000 0.0000000 0 -0.0256822
-999.0000000  190.0000000  0.0000242 -0.0000000 0.0000000 0 -0.0255160
-999.0000000  165.0000000  0.0000101 -0.0000000 0.0000000 0 -0.0197235
-999.0000000  140.0000000  0.0000192 -0.0000000 0.0000000 0 -0.0090852
-999.0000000  115.0000000  0.0000146 -0.0000000 0.0000000 0 -0.0014711
-999.0000000   90.0000000  0.0000120 -0.0000000 0.0000000 0  0.0000002
-999.0000000   65.0000000  0.0000018 -0.0000000 0.0000000 0 -0.0000000
-999.0000000   40.0000000 -0.0000022 -0.0000000 0.0000000 0 -0.0000000
-999.0000000   15.0000000 -0.0000035 -0.0000000 0.0000000 0 -0.0000000
 275.375  45   1005.72  day,levels,pres0
-999.0000000 1115.0000000  0.0000036  0.0000000 0.0000000 0 -0.0002533
-999.0000000 1090.0000000  0.0000036  0.0000000 0.0000000 0 -0.0002591
-999.0000000 1065.0000000  0.0000036  0.0000000 0.0000000 0 -0.0002652
-999.0000000 1040.0000000  0.0000036  0.0000000 0.0000000 0 -0.0002716
-999.0000000 1015.0000000  0.0000036  0.0000000 0.0000000 0 -0.0002783
-999.0000000  990.0000000  0.0000036  0.0000000 0.0000000 0 -0.0002853
-999.0000000  965.0000000  0.0000130  0.0000000 0.0000000 0 -0.0003244
-999.0000000  940.0000000  0.0000114  0.0000000 0.0000000 0  0.0007175
-999.0000000  915.0000000  0.0000052 -0.0000000 0.0000000 0  0.0028551
-999.0000000  890.0000000 -0.0000012 -0.0000000 0.0000000 0  0.0053832
-999.0000000  865.0000000 -0.0000128 -0.0000000 0.0000000 0  0.0077221
-999.0000000  840.0000000 -0.0000215 -0.0000000 0.0000000 0  0.0097482
-999.0000000  815.0000000 -0.0000247 -0.0000000 0.0000000 0  0.0116547
-999.0000000  790.0000000 -0.0000242 -0.0000000 0.0000000 0  0.0136677
-999.0000000  765.0000000 -0.0000225 -0.0000000 0.0000000 0  0.0158624
-999.0000000  740.0000000 -0.0000192 -0.0000000 0.0000000 0  0.0181496
-999.0000000  715.0000000 -0.0000148 -0.0000000 0.0000000 0  0.0203472
-999.0000000  690.0000000 -0.0000092 -0.0000000 0.0000000 0  0.0222561
-999.0000000  665.0000000 -0.0000032 -0.0000000 0.0000000 0  0.0236771
-999.0000000  640.0000000  0.0000005 -0.0000000 0.0000000 0  0.0245252
-999.0000000  615.0000000  0.0000013 -0.0000000 0.0000000 0  0.0248598
-999.0000000  590.0000000  0.0000011 -0.0000000 0.0000000 0  0.0247782
-999.0000000  565.0000000  0.0000006 -0.0000000 0.0000000 0  0.0243702
-999.0000000  540.0000000  0.0000009 -0.0000000 0.0000000 0  0.0236487
-999.0000000  515.0000000  0.0000020 -0.0000000 0.0000000 0  0.0225549
-999.0000000  490.0000000  0.0000015 -0.0000000 0.0000000 0  0.0210147
-999.0000000  465.0000000 -0.0000012 -0.0000000 0.0000000 0  0.0189867
-999.0000000  440.0000000 -0.0000049 -0.0000000 0.0000000 0  0.0165959
-999.0000000  415.0000000 -0.0000095 -0.0000000 0.0000000 0  0.0141774
-999.0000000  390.0000000 -0.0000131 -0.0000000 0.0000000 0  0.0121237
-999.0000000  365.0000000 -0.0000139 -0.0000000 0.0000000 0  0.0107152
-999.0000000  340.0000000 -0.0000117 -0.0000000 0.0000000 0  0.0098262
-999.0000000  315.0000000 -0.0000071 -0.0000000 0.0000000 0  0.0088324
-999.0000000  290.0000000 -0.0000013 -0.0000000 0.0000000 0  0.0070805
-999.0000000  265.0000000  0.0000049 -0.0000000 0.0000000 0  0.0042339
-999.0000000  240.0000000  0.0000125 -0.0000000 0.0000000 0  0.0004550
-999.0000000  215.0000000  0.0000212 -0.0000000 0.0000000 0 -0.0033847
-999.0000000  190.0000000  0.0000198 -0.0000000 0.0000000 0 -0.0060309
-999.0000000  165.0000000  0.0000060 -0.0000000 0.0000000 0 -0.0066093
-999.0000000  140.0000000  0.0000091 -0.0000000 0.0000000 0 -0.0042844
-999.0000000  115.0000000  0.0000028 -0.0000000 0.0000000 0 -0.0014537
-999.0000000   90.0000000  0.0000004  0.0000000 0.0000000 0 -0.0000004
-999.0000000   65.0000000 -0.0000081 -0.0000000 0.0000000 0 -0.0000000
-999.0000000   40.0000000 -0.0000082 -0.0000000 0.0000000 0 -0.0000000
-999.0000000   15.0000000 -0.0000019 -0.0000000 0.0000000 0 -0.0000000
 275.500  45   1007.35  day,levels,pres0
-999.0000000 1115.0000000  0.0000082  0.0000000 0.0000000 0  0.0002254
-999.0000000 1090.0000000  0.0000082  0.0000000 0.0000000 0  0.0002305
-999.0000000 1065.0000000  0.0000082  0.0000000 0.0000000 0  0.0002359
-999.0000000 1040.0000000  0.0000082  0.0000000 0.0000000 0  0.0002416
-999.0000000 1015.0000000  0.0000082  0.0000000 0.0000000 0  0.0002476
-999.0000000  990.0000000  0.0000082  0.0000000 0.0000000 0  0.0002538
-999.0000000  965.0000000  0.0000176  0.0000000 0.0000000 0  0.0008640
-999.0000000  940.0000000  0.0000203  0.0000000 0.0000000 0  0.0027060
-999.0000000  915.0000000  0.0000207 -0.0000000 0.0000000 0  0.0061844
-999.0000000  890.0000000  0.0000174 -0.0000000 0.0000000 0  0.0103714
-999.0000000  865.0000000 -0.0000038 -0.0000000 0.0000000 0  0.0143650
-999.0000000  840.0000000 -0.0000187 -0.0000000 0.0000000 0  0.0177177
-999.0000000  815.0000000 -0.0000192 -0.0000000 0.0000000 0  0.0203927
-999.0000000  790.0000000 -0.0000123 -0.0000000 0.0000000 0  0.0224645
-999.0000000  765.0000000 -0.0000055 -0.0000000 0.0000000 0  0.0239337
-999.0000000  740.0000000  0.0000005 -0.0000000 0.0000000 0  0.0248358
-999.0000000  715.0000000  0.0000060 -0.0000000 0.0000000 0  0.0252286
-999.0000000  690.0000000  0.0000123 -0.0000000 0.0000000 0  0.0250609
-999.0000000  665.0000000  0.0000190 -0.0000000 0.0000000 0  0.0241766
-999.0000000  640.0000000  0.0000229 -0.0000000 0.0000000 0  0.0225706
-999.0000000  615.0000000  0.0000238 -0.0000000 0.0000000 0  0.0204397
-999.0000000  590.0000000  0.0000241 -0.0000001 0.0000000 0  0.0180021
-999.0000000  565.0000000  0.0000243 -0.0000001 0.0000000 0  0.0154249
-999.0000000  540.0000000  0.0000249 -0.0000001 0.0000000 0  0.0127836
-999.0000000  515.0000000  0.0000255 -0.0000001 0.0000000 0  0.0100555
-999.0000000  490.0000000  0.0000233 -0.0000000 0.0000000 0  0.0071162
-999.0000000  465.0000000  0.0000186 -0.0000000 0.0000000 0  0.0037790
-999.0000000  440.0000000  0.0000130 -0.0000000 0.0000000 0  0.0001559
-999.0000000  415.0000000  0.0000069 -0.0000000 0.0000000 0 -0.0032038
-999.0000000  390.0000000  0.0000021 -0.0000000 0.0000000 0 -0.0056321
-999.0000000  365.0000000 -0.0000003 -0.0000000 0.0000000 0 -0.0066163
-999.0000000  340.0000000 -0.0000010 -0.0000000 0.0000000 0 -0.0063475
-999.0000000  315.0000000 -0.0000004 -0.0000000 0.0000000 0 -0.0058936
-999.0000000  290.0000000  0.0000019 -0.0000000 0.0000000 0 -0.0063922
-999.0000000  265.0000000  0.0000059 -0.0000000 0.0000000 0 -0.0083098
-999.0000000  240.0000000  0.0000141 -0.0000000 0.0000000 0 -0.0108509
-999.0000000  215.0000000  0.0000283 -0.0000000 0.0000000 0 -0.0125033
-999.0000000  190.0000000  0.0000342 -0.0000000 0.0000000 0 -0.0132066
-999.0000000  165.0000000  0.0000193 -0.0000000 0.0000000 0 -0.0136081
-999.0000000  140.0000000  0.0000120  0.0000000 0.0000000 0 -0.0099128
-999.0000000  115.0000000  0.0000011 -0.0000000 0.0000000 0 -0.0037103
-999.0000000   90.0000000 -0.0000002  0.0000000 0.0000000 0  0.0000004
-999.0000000   65.0000000 -0.0000057 -0.0000000 0.0000000 0 -0.0000000
-999.0000000   40.0000000 -0.0000031 -0.0000000 0.0000000 0 -0.0000000
-999.0000000   15.0000000  0.0000030 -0.0000000 0.0000000 0 -0.0000000
 275.625  45   1007.08  day,levels,pres0
-999.0000000 1115.0000000  0.0000182  0.0000000 0.0000000 0 -0.0005820
-999.0000000 1090.0000000  0.0000182  0.0000000 0.0000000 0 -0.0005954
-999.0000000 1065.0000000  0.0000182  0.0000000 0.0000000 0 -0.0006093
-999.0000000 1040.0000000  0.0000182  0.0000000 0.0000000 0 -0.0006240
-999.0000000 1015.0000000  0.0000182  0.0000000 0.0000000 0 -0.0006394
-999.0000000  990.0000000  0.0000182  0.0000000 0.0000000 0 -0.0006555
-999.0000000  965.0000000  0.0000214  0.0000000 0.0000000 0 -0.0015448
-999.0000000  940.0000000  0.0000248  0.0000000 0.0000000 0 -0.0020555
-999.0000000  915.0000000  0.0000268 -0.0000000 0.0000000 0 -0.0020235
-999.0000000  890.0000000  0.0000216 -0.0000000 0.0000000 0 -0.0015239
-999.0000000  865.0000000  0.0000086 -0.0000000 0.0000000 0 -0.0007327
-999.0000000  840.0000000  0.0000000 -0.0000000 0.0000000 0  0.0002277
-999.0000000  815.0000000  0.0000009 -0.0000000 0.0000000 0  0.0014746
-999.0000000  790.0000000  0.0000053 -0.0000000 0.0000000 0  0.0030271
-999.0000000  765.0000000  0.0000098 -0.0000000 0.0000000 0  0.0047100
-999.0000000  740.0000000  0.0000139 -0.0000000 0.0000000 0  0.0064000
-999.0000000  715.0000000  0.0000176 -0.0000000 0.0000000 0  0.0080531
-999.0000000  690.0000000  0.0000207 -0.0000000 0.0000000 0  0.0096418
-999.0000000  665.0000000  0.0000227 -0.0000000 0.0000000 0  0.0111249
-999.0000000  640.0000000  0.0000219 -0.0000000 0.0000000 0  0.0125446
-999.0000000  615.0000000  0.0000176 -0.0000000 0.0000000 0  0.0140463
-999.0000000  590.0000000  0.0000128 -0.0000000 0.0000000 0  0.0157300
-999.0000000  565.0000000  0.0000087 -0.0000000 0.0000000 0  0.0175806
-999.0000000  540.0000000  0.0000055 -0.0000000 0.0000000 0  0.0194591
-999.0000000  515.0000000  0.0000032 -0.0000000 0.0000000 0  0.0211221
-999.0000000  490.0000000  0.0000013 -0.0000000 0.0000000 0  0.0223466
-999.0000000  465.0000000 -0.0000002 -0.0000000 0.0000000 0  0.0230241
-999.0000000  440.0000000 -0.0000021 -0.0000000 0.0000000 0  0.0232944
-999.0000000  415.0000000 -0.0000046 -0.0000000 0.0000000 0  0.0235830
-999.0000000  390.0000000 -0.0000063 -0.0000000 0.0000000 0  0.0243466
-999.0000000  365.0000000 -0.0000063 -0.0000000 0.0000000 0  0.0258585
-999.0000000  340.0000000 -0.0000044 -0.0000000 0.0000000 0  0.0279724
-999.0000000  315.0000000 -0.0000009 -0.0000000 0.0000000 0  0.0300303
-999.0000000  290.0000000  0.0000036 -0.0000000 0.0000000 0  0.0312268
-999.0000000  265.0000000  0.0000082 -0.0000000 0.0000000 0  0.0310165
-999.0000000  240.0000000  0.0000133 -0.0000000 0.0000000 0  0.0295622
-999.0000000  215.0000000  0.0000193 -0.0000000 0.0000000 0  0.0270279
-999.0000000  190.0000000  0.0000207 -0.0000000 0.0000000 0  0.0217656
-999.0000000  165.0000000  0.0000133  0.0000000 0.0000000 0  0.0123427
-999.0000000  140.0000000  0.0000082  0.0000000 0.0000000 0  0.0026838
-999.0000000  115.0000000  0.0000019 -0.0000000 0.0000000 0 -0.0014075
-999.0000000   90.0000000  0.0000013  0.0000000 0.0000000 0  0.0000001
-999.0000000   65.0000000 -0.0000032 -0.0000000 0.0000000 0 -0.0000000
-999.0000000   40.0000000  0.0000022 -0.0000000 0.0000000 0 -0.0000000
-999.0000000   15.0000000  0.0000080 -0.0000000 0.0000000 0 -0.0000000
 275.750  45   1003.29  day,levels,pres0
-999.0000000 1115.0000000  0.0000062 -0.0000000 0.0000000 0 -0.0016864
-999.0000000 1090.0000000  0.0000062 -0.0000000 0.0000000 0 -0.0017251
-999.0000000 1065.0000000  0.0000062 -0.0000000 0.0000000 0 -0.0017656
-999.0000000 1040.0000000  0.0000062 -0.0000000 0.0000000 0 -0.0018080
-999.0000000 1015.0000000  0.0000062 -0.0000000 0.0000000 0 -0.0018525
-999.0000000  990.0000000  0.0000062 -0.0000000 0.0000000 0 -0.0018993
-999.0000000  965.0000000  0.0000038 -0.0000000 0.0000000 0 -0.0056947
-999.0000000  940.0000000  0.0000027 -0.0000000 0.0000000 0 -0.0097774
-999.0000000  915.0000000  0.0000047 -0.0000000 0.0000000 0 -0.0138458
-999.0000000  890.0000000  0.0000073 -0.0000000 0.0000000 0 -0.0173560
-999.0000000  865.0000000  0.0000047 -0.0000000 0.0000000 0 -0.0199545
-999.0000000  840.0000000  0.0000010 -0.0000000 0.0000000 0 -0.0215396
-999.0000000  815.0000000  0.0000030 -0.0000000 0.0000000 0 -0.0219579
-999.0000000  790.0000000  0.0000046 -0.0000000 0.0000000 0 -0.0213082
-999.0000000  765.0000000  0.0000062 -0.0000000 0.0000000 0 -0.0200001
-999.0000000  740.0000000  0.0000086 -0.0000000 0.0000000 0 -0.0183169
-999.0000000  715.0000000  0.0000121 -0.0000000 0.0000000 0 -0.0163656
-999.0000000  690.0000000  0.0000142 -0.0000000 0.0000000 0 -0.0141435
-999.0000000  665.0000000  0.0000131 -0.0000000 0.0000000 0 -0.0116032
-999.0000000  640.0000000  0.0000075 -0.0000000 0.0000000 0 -0.0086645
-999.0000000  615.0000000 -0.0000038 -0.0000000 0.0000000 0 -0.0052110
-999.0000000  590.0000000 -0.0000141 -0.0000000 0.0000000 0 -0.0012284
-999.0000000  565.0000000 -0.0000197 -0.0000000 0.0000000 0  0.0031255
-999.0000000  540.0000000 -0.0000229 -0.0000000 0.0000000 0  0.0075674
-999.0000000  515.0000000 -0.0000242 -0.0000000 0.0000000 0  0.0117071
-999.0000000  490.0000000 -0.0000232 -0.0000000 0.0000000 0  0.0152707
-999.0000000  465.0000000 -0.0000202 -0.0000000 0.0000000 0  0.0182434
-999.0000000  440.0000000 -0.0000180 -0.0000000 0.0000000 0  0.0207974
-999.0000000  415.0000000 -0.0000173 -0.0000000 0.0000000 0  0.0232632
-999.0000000  390.0000000 -0.0000167 -0.0000000 0.0000000 0  0.0259214
-999.0000000  365.0000000 -0.0000152 -0.0000000 0.0000000 0  0.0288494
-999.0000000  340.0000000 -0.0000116 -0.0000000 0.0000000 0  0.0320169
-999.0000000  315.0000000 -0.0000053  0.0000000 0.0000000 0  0.0352617
-999.0000000  290.0000000  0.0000021  0.0000000 0.0000000 0  0.0382129
-999.0000000  265.0000000  0.0000088  0.0000000 0.0000000 0  0.0404043
-999.0000000  240.0000000  0.0000133  0.0000000 0.0000000 0  0.0415957
-999.0000000  215.0000000  0.0000152  0.0000000 0.0000000 0  0.0408592
-999.0000000  190.0000000  0.0000155 -0.0000000 0.0000000 0  0.0350127
-999.0000000  165.0000000  0.0000135  0.0000000 0.0000000 0  0.0220916
-999.0000000  140.0000000  0.0000059  0.0000000 0.0000000 0  0.0069945
-999.0000000  115.0000000  0.0000016 -0.0000000 0.0000000 0 -0.0008865
-999.0000000   90.0000000  0.0000023  0.0000000 0.0000000 0  0.0000007
-999.0000000   65.0000000 -0.0000018 -0.0000000 0.0000000 0 -0.0000000
-999.0000000   40.0000000  0.0000032 -0.0000000 0.0000000 0 -0.0000000
-999.0000000   15.0000000  0.0000050 -0.0000000 0.0000000 0 -0.0000000
 275.875  45   1001.75  day,levels,pres0
-999.0000000 1115.0000000  0.0000020 -0.0000000 0.0000000 0 -0.0012204
-999.0000000 1090.0000000  0.0000020 -0.0000000 0.0000000 0 -0.0012484
-999.0000000 1065.0000000  0.0000020 -0.0000000 0.0000000 0 -0.0012777
-999.0000000 1040.0000000  0.0000020 -0.0000000 0.0000000 0 -0.0013084
-999.0000000 1015.0000000  0.0000020 -0.0000000 0.0000000 0 -0.0013407
-999.0000000  990.0000000  0.0000020 -0.0000000 0.0000000 0 -0.0013745
-999.0000000  965.0000000 -0.0000006 -0.0000000 0.0000000 0 -0.0048311
-999.0000000  940.0000000 -0.0000031 -0.0000000 0.0000000 0 -0.0086999
-999.0000000  915.0000000 -0.0000018 -0.0000000 0.0000000 0 -0.0119085
-999.0000000  890.0000000 -0.0000016  0.0000000 0.0000000 0 -0.0140620
-999.0000000  865.0000000 -0.0000069  0.0000000 0.0000000 0 -0.0152710
-999.0000000  840.0000000 -0.0000131  0.0000000 0.0000000 0 -0.0157734
-999.0000000  815.0000000 -0.0000142  0.0000000 0.0000000 0 -0.0156486
-999.0000000  790.0000000 -0.0000141  0.0000000 0.0000000 0 -0.0150177
-999.0000000  765.0000000 -0.0000129  0.0000000 0.0000000 0 -0.0141565
-999.0000000  740.0000000 -0.0000105  0.0000000 0.0000000 0 -0.0133098
-999.0000000  715.0000000 -0.0000079 -0.0000000 0.0000000 0 -0.0126457
-999.0000000  690.0000000 -0.0000066 -0.0000000 0.0000000 0 -0.0121722
-999.0000000  665.0000000 -0.0000078  0.0000000 0.0000000 0 -0.0117326
-999.0000000  640.0000000 -0.0000117  0.0000000 0.0000000 0 -0.0111109
-999.0000000  615.0000000 -0.0000185  0.0000000 0.0000000 0 -0.0100647
-999.0000000  590.0000000 -0.0000233  0.0000000 0.0000000 0 -0.0085330
-999.0000000  565.0000000 -0.0000239 -0.0000000 0.0000000 0 -0.0067219
-999.0000000  540.0000000 -0.0000221 -0.0000000 0.0000000 0 -0.0048856
-999.0000000  515.0000000 -0.0000186 -0.0000000 0.0000000 0 -0.0032661
-999.0000000  490.0000000 -0.0000151 -0.0000000 0.0000000 0 -0.0020206
-999.0000000  465.0000000 -0.0000126 -0.0000000 0.0000000 0 -0.0011297
-999.0000000  440.0000000 -0.0000127 -0.0000000 0.0000000 0 -0.0003947
-999.0000000  415.0000000 -0.0000151 -0.0000000 0.0000000 0  0.0005764
-999.0000000  390.0000000 -0.0000174 -0.0000000 0.0000000 0  0.0021950
-999.0000000  365.0000000 -0.0000180 -0.0000000 0.0000000 0  0.0047420
-999.0000000  340.0000000 -0.0000159 -0.0000000 0.0000000 0  0.0083189
-999.0000000  315.0000000 -0.0000110  0.0000000 0.0000000 0  0.0127690
-999.0000000  290.0000000 -0.0000054  0.0000000 0.0000000 0  0.0177533
-999.0000000  265.0000000 -0.0000001  0.0000000 0.0000000 0  0.0228313
-999.0000000  240.0000000  0.0000056  0.0000000 0.0000000 0  0.0273241
-999.0000000  215.0000000  0.0000114  0.0000000 0.0000000 0  0.0294525
-999.0000000  190.0000000  0.0000122  0.0000000 0.0000000 0  0.0261162
-999.0000000  165.0000000  0.0000065  0.0000000 0.0000000 0  0.0167629
-999.0000000  140.0000000  0.0000035  0.0000000 0.0000000 0  0.0062250
-999.0000000  115.0000000  0.0000011 -0.0000000 0.0000000 0  0.0007601
-999.0000000   90.0000000  0.0000021 -0.0000000 0.0000000 0  0.0000008
-999.0000000   65.0000000 -0.0000006 -0.0000000 0.0000000 0 -0.0000000
-999.0000000   40.0000000  0.0000040 -0.0000000 0.0000000 0 -0.0000000
-999.0000000   15.0000000  0.0000018 -0.0000000 0.0000000 0 -0.0000000
 276.000  45   1003.92  day,levels,pres0
-999.0000000 1115.0000000  0.0000001  0.0000000 0.0000000 0 -0.0001727
-999.0000000 1090.0000000  0.0000001  0.0000000 0.0000000 0 -0.0001766
-999.0000000 1065.0000000  0.0000001  0.0000000 0.0000000 0 -0.0001808
-999.0000000 1040.0000000  0.0000001  0.0000000 0.0000000 0 -0.0001851
-999.0000000 1015.0000000  0.0000001  0.0000000 0.0000000 0 -0.0001897
-999.0000000  990.0000000  0.0000001  0.0000000 0.0000000 0 -0.0001945
-999.0000000  965.0000000  0.0000021 -0.0000000 0.0000000 0 -0.0015856
-999.0000000  940.0000000 -0.0000006  0.0000000 0.0000000 0 -0.0034599
-999.0000000  915.0000000 -0.0000005  0.0000000 0.0000000 0 -0.0040209
-999.0000000  890.0000000 -0.0000032  0.0000000 0.0000000 0 -0.0031559
-999.0000000  865.0000000 -0.0000110  0.0000000 0.0000000 0 -0.0015882
-999.0000000  840.0000000 -0.0000184  0.0000000 0.0000000 0  0.0001038
-999.0000000  815.0000000 -0.0000210  0.0000000 0.0000000 0  0.0016391
-999.0000000  790.0000000 -0.0000213  0.0000000 0.0000000 0  0.0028551
-999.0000000  765.0000000 -0.0000207  0.0000000 0.0000000 0  0.0035946
-999.0000000  740.0000000 -0.0000196  0.0000000 0.0000000 0  0.0036587
-999.0000000  715.0000000 -0.0000184  0.0000000 0.0000000 0  0.0028419
-999.0000000  690.0000000 -0.0000175  0.0000000 0.0000000 0  0.0011462
-999.0000000  665.0000000 -0.0000172  0.0000000 0.0000000 0 -0.0011503
-999.0000000  640.0000000 -0.0000171  0.0000000 0.0000000 0 -0.0036895
-999.0000000  615.0000000 -0.0000170  0.0000000 0.0000000 0 -0.0061068
-999.0000000  590.0000000 -0.0000156  0.0000000 0.0000000 0 -0.0082662
-999.0000000  565.0000000 -0.0000118  0.0000000 0.0000000 0 -0.0103652
-999.0000000  540.0000000 -0.0000061 -0.0000000 0.0000000 0 -0.0125943
-999.0000000  515.0000000  0.0000010 -0.0000000 0.0000000 0 -0.0150353
-999.0000000  490.0000000  0.0000054 -0.0000000 0.0000000 0 -0.0177107
-999.0000000  465.0000000  0.0000057 -0.0000000 0.0000000 0 -0.0205508
-999.0000000  440.0000000  0.0000022 -0.0000000 0.0000000 0 -0.0232892
-999.0000000  415.0000000 -0.0000042 -0.0000000 0.0000000 0 -0.0254054
-999.0000000  390.0000000 -0.0000098 -0.0000000 0.0000000 0 -0.0262807
-999.0000000  365.0000000 -0.0000128 -0.0000000 0.0000000 0 -0.0253502
-999.0000000  340.0000000 -0.0000124  0.0000000 0.0000000 0 -0.0223659
-999.0000000  315.0000000 -0.0000091  0.0000000 0.0000000 0 -0.0175269
-999.0000000  290.0000000 -0.0000049  0.0000000 0.0000000 0 -0.0111963
-999.0000000  265.0000000 -0.0000002  0.0000000 0.0000000 0 -0.0038130
-999.0000000  240.0000000  0.0000073  0.0000000 0.0000000 0  0.0035541
-999.0000000  215.0000000  0.0000170  0.0000000 0.0000000 0  0.0083703
-999.0000000  190.0000000  0.0000186  0.0000000 0.0000000 0  0.0078180
-999.0000000  165.0000000  0.0000094  0.0000000 0.0000000 0  0.0033324
-999.0000000  140.0000000  0.0000109  0.0000000 0.0000000 0  0.0007920
-999.0000000  115.0000000  0.0000100 -0.0000000 0.0000000 0  0.0012671
-999.0000000   90.0000000  0.0000095 -0.0000000 0.0000000 0 -0.0000000
-999.0000000   65.0000000  0.0000029 -0.0000000 0.0000000 0 -0.0000000
-999.0000000   40.0000000  0.0000017 -0.0000000 0.0000000 0 -0.0000000
-999.0000000   15.0000000 -0.0000048 -0.0000000 0.0000000 0 -0.0000000
 276.125  45   1005.73  day,levels,pres0
-999.0000000 1115.0000000 -0.0000033  0.0000000 0.0000000 0  0.0004996
-999.0000000 1090.0000000 -0.0000033  0.0000000 0.0000000 0  0.0005110
-999.0000000 1065.0000000 -0.0000033  0.0000000 0.0000000 0  0.0005230
-999.0000000 1040.0000000 -0.0000033  0.0000000 0.0000000 0  0.0005356
-999.0000000 1015.0000000 -0.0000033  0.0000000 0.0000000 0  0.0005488
-999.0000000  990.0000000 -0.0000033  0.0000000 0.0000000 0  0.0005626
-999.0000000  965.0000000  0.0000025  0.0000000 0.0000000 0  0.0002939
-999.0000000  940.0000000  0.0000020  0.0000000 0.0000000 0 -0.0007961
-999.0000000  915.0000000 -0.0000009  0.0000000 0.0000000 0 -0.0012323
-999.0000000  890.0000000 -0.0000051  0.0000000 0.0000000 0 -0.0007349
-999.0000000  865.0000000 -0.0000112  0.0000000 0.0000000 0  0.0004280
-999.0000000  840.0000000 -0.0000168  0.0000000 0.0000000 0  0.0020802
-999.0000000  815.0000000 -0.0000186  0.0000000 0.0000000 0  0.0041946
-999.0000000  790.0000000 -0.0000167  0.0000000 0.0000000 0  0.0066889
-999.0000000  765.0000000 -0.0000133  0.0000000 0.0000000 0  0.0092505
-999.0000000  740.0000000 -0.0000107  0.0000000 0.0000000 0  0.0113002
-999.0000000  715.0000000 -0.0000096  0.0000000 0.0000000 0  0.0122099
-999.0000000  690.0000000 -0.0000085  0.0000000 0.0000000 0  0.0116873
-999.0000000  665.0000000 -0.0000077  0.0000000 0.0000000 0  0.0098222
-999.0000000  640.0000000 -0.0000069  0.0000000 0.0000000 0  0.0070710
-999.0000000  615.0000000 -0.0000059  0.0000000 0.0000000 0  0.0042656
-999.0000000  590.0000000 -0.0000045  0.0000000 0.0000000 0  0.0019037
-999.0000000  565.0000000 -0.0000025  0.0000000 0.0000000 0 -0.0001433
-999.0000000  540.0000000  0.0000003  0.0000000 0.0000000 0 -0.0021551
-999.0000000  515.0000000  0.0000037  0.0000000 0.0000000 0 -0.0044043
-999.0000000  490.0000000  0.0000065  0.0000000 0.0000000 0 -0.0069616
-999.0000000  465.0000000  0.0000081 -0.0000000 0.0000000 0 -0.0096048
-999.0000000  440.0000000  0.0000074 -0.0000000 0.0000000 0 -0.0120143
-999.0000000  415.0000000  0.0000045 -0.0000000 0.0000000 0 -0.0138505
-999.0000000  390.0000000  0.0000013 -0.0000000 0.0000000 0 -0.0147946
-999.0000000  365.0000000 -0.0000005 -0.0000000 0.0000000 0 -0.0146073
-999.0000000  340.0000000 -0.0000001  0.0000000 0.0000000 0 -0.0133220
-999.0000000  315.0000000  0.0000032  0.0000000 0.0000000 0 -0.0112750
-999.0000000  290.0000000  0.0000075  0.0000000 0.0000000 0 -0.0087607
-999.0000000  265.0000000  0.0000114  0.0000000 0.0000000 0 -0.0058770
-999.0000000  240.0000000  0.0000162  0.0000000 0.0000000 0 -0.0029145
-999.0000000  215.0000000  0.0000237  0.0000000 0.0000000 0 -0.0010932
-999.0000000  190.0000000  0.0000275  0.0000000 0.0000000 0 -0.0019240
-999.0000000  165.0000000  0.0000220  0.0000000 0.0000000 0 -0.0040988
-999.0000000  140.0000000  0.0000193  0.0000000 0.0000000 0 -0.0030884
-999.0000000  115.0000000  0.0000173 -0.0000000 0.0000000 0 -0.0000703
-999.0000000   90.0000000  0.0000166  0.0000000 0.0000000 0 -0.0000027
-999.0000000   65.0000000  0.0000064 -0.0000000 0.0000000 0 -0.0000000
-999.0000000   40.0000000 -0.0000005 -0.0000000 0.0000000 0 -0.0000000
-999.0000000   15.0000000 -0.0000115 -0.0000000 0.0000000 0 -0.0000000
 276.250  45   1004.58  day,levels,pres0
-999.0000000 1115.0000000 -0.0000078  0.0000000 0.0000000 0 -0.0000900
-999.0000000 1090.0000000 -0.0000078  0.0000000 0.0000000 0 -0.0000921
-999.0000000 1065.0000000 -0.0000078  0.0000000 0.0000000 0 -0.0000943
-999.0000000 1040.0000000 -0.0000078  0.0000000 0.0000000 0 -0.0000965
-999.0000000 1015.0000000 -0.0000078  0.0000000 0.0000000 0 -0.0000989
-999.0000000  990.0000000 -0.0000078  0.0000000 0.0000000 0 -0.0001014
-999.0000000  965.0000000  0.0000001  0.0000000 0.0000000 0 -0.0014665
-999.0000000  940.0000000  0.0000007  0.0000000 0.0000000 0 -0.0040882
-999.0000000  915.0000000 -0.0000068  0.0000000 0.0000000 0 -0.0067390
-999.0000000  890.0000000 -0.0000134  0.0000000 0.0000000 0 -0.0088076
-999.0000000  865.0000000 -0.0000194  0.0000000 0.0000000 0 -0.0099524
-999.0000000  840.0000000 -0.0000248  0.0000001 0.0000000 0 -0.0099298
-999.0000000  815.0000000 -0.0000281  0.0000001 0.0000000 0 -0.0085454
-999.0000000  790.0000000 -0.0000258  0.0000000 0.0000000 0 -0.0057841
-999.0000000  765.0000000 -0.0000186  0.0000000 0.0000000 0 -0.0020897
-999.0000000  740.0000000 -0.0000127  0.0000000 0.0000000 0  0.0015750
-999.0000000  715.0000000 -0.0000115  0.0000000 0.0000000 0  0.0041287
-999.0000000  690.0000000 -0.0000109  0.0000000 0.0000000 0  0.0049669
-999.0000000  665.0000000 -0.0000099  0.0000000 0.0000000 0  0.0039966
-999.0000000  640.0000000 -0.0000086  0.0000000 0.0000000 0  0.0017799
-999.0000000  615.0000000 -0.0000070  0.0000000 0.0000000 0 -0.0003719
-999.0000000  590.0000000 -0.0000062  0.0000000 0.0000000 0 -0.0016350
-999.0000000  565.0000000 -0.0000055  0.0000000 0.0000000 0 -0.0021500
-999.0000000  540.0000000 -0.0000046  0.0000000 0.0000000 0 -0.0023318
-999.0000000  515.0000000 -0.0000034  0.0000000 0.0000000 0 -0.0026488
-999.0000000  490.0000000 -0.0000014  0.0000000 0.0000000 0 -0.0032208
-999.0000000  465.0000000  0.0000016  0.0000000 0.0000000 0 -0.0036703
-999.0000000  440.0000000  0.0000033 -0.0000000 0.0000000 0 -0.0036680
-999.0000000  415.0000000  0.0000031 -0.0000000 0.0000000 0 -0.0031620
-999.0000000  390.0000000  0.0000020 -0.0000000 0.0000000 0 -0.0022459
-999.0000000  365.0000000  0.0000011  0.0000000 0.0000000 0 -0.0011179
-999.0000000  340.0000000  0.0000018  0.0000000 0.0000000 0 -0.0001248
-999.0000000  315.0000000  0.0000047  0.0000000 0.0000000 0  0.0003148
-999.0000000  290.0000000  0.0000085  0.0000000 0.0000000 0  0.0000488
-999.0000000  265.0000000  0.0000113  0.0000000 0.0000000 0 -0.0006331
-999.0000000  240.0000000  0.0000129  0.0000000 0.0000000 0 -0.0012849
-999.0000000  215.0000000  0.0000167  0.0000000 0.0000000 0 -0.0019002
-999.0000000  190.0000000  0.0000207  0.0000000 0.0000000 0 -0.0028633
-999.0000000  165.0000000  0.0000189  0.0000000 0.0000000 0 -0.0035612
-999.0000000  140.0000000  0.0000141 -0.0000000 0.0000000 0 -0.0021111
-999.0000000  115.0000000  0.0000121  0.0000000 0.0000000 0 -0.0001115
-999.0000000   90.0000000  0.0000120  0.0000000 0.0000000 0 -0.0000013
-999.0000000   65.0000000  0.0000037 -0.0000000 0.0000000 0 -0.0000000
-999.0000000   40.0000000  0.0000008 -0.0000000 0.0000000 0 -0.0000000
-999.0000000   15.0000000 -0.0000009 -0.0000000 0.0000000 0 -0.0000000
 276.375  45   1004.22  day,levels,pres0
-999.0000000 1115.0000000 -0.0000101  0.0000000 0.0000000 0  0.0004588
-999.0000000 1090.0000000 -0.0000101  0.0000000 0.0000000 0  0.0004693
-999.0000000 1065.0000000 -0.0000101  0.0000000 0.0000000 0  0.0004803
-999.0000000 1040.0000000 -0.0000101  0.0000000 0.0000000 0  0.0004919
-999.0000000 1015.0000000 -0.0000101  0.0000000 0.0000000 0  0.0005040
-999.0000000  990.0000000 -0.0000101  0.0000000 0.0000000 0  0.0005167
-999.0000000  965.0000000 -0.0000013  0.0000000 0.0000000 0  0.0008151
-999.0000000  940.0000000  0.0000014  0.0000000 0.0000000 0  0.0000597
-999.0000000  915.0000000 -0.0000050  0.0000000 0.0000000 0 -0.0012999
-999.0000000  890.0000000 -0.0000129  0.0000000 0.0000000 0 -0.0026137
-999.0000000  865.0000000 -0.0000197  0.0000000 0.0000000 0 -0.0033664
-999.0000000  840.0000000 -0.0000258  0.0000000 0.0000000 0 -0.0032005
-999.0000000  815.0000000 -0.0000295  0.0000000 0.0000000 0 -0.0018992
-999.0000000  790.0000000 -0.0000273  0.0000000 0.0000000 0  0.0005065
-999.0000000  765.0000000 -0.0000198  0.0000000 0.0000000 0  0.0034903
-999.0000000  740.0000000 -0.0000122  0.0000000 0.0000000 0  0.0061228
-999.0000000  715.0000000 -0.0000078  0.0000000 0.0000000 0  0.0075247
-999.0000000  690.0000000 -0.0000059  0.0000000 0.0000000 0  0.0072431
-999.0000000  665.0000000 -0.0000067 -0.0000000 0.0000000 0  0.0052095
-999.0000000  640.0000000 -0.0000110  0.0000000 0.0000000 0  0.0018907
-999.0000000  615.0000000 -0.0000182  0.0000000 0.0000000 0 -0.0016127
-999.0000000  590.0000000 -0.0000226  0.0000000 0.0000000 0 -0.0045150
-999.0000000  565.0000000 -0.0000220  0.0000000 0.0000000 0 -0.0067001
-999.0000000  540.0000000 -0.0000183  0.0000000 0.0000000 0 -0.0082368
-999.0000000  515.0000000 -0.0000125  0.0000000 0.0000000 0 -0.0092831
-999.0000000  490.0000000 -0.0000081  0.0000000 0.0000000 0 -0.0099585
-999.0000000  465.0000000 -0.0000054  0.0000000 0.0000000 0 -0.0103319
-999.0000000  440.0000000 -0.0000042 -0.0000000 0.0000000 0 -0.0106497
-999.0000000  415.0000000 -0.0000042  0.0000000 0.0000000 0 -0.0113385
-999.0000000  390.0000000 -0.0000041  0.0000000 0.0000000 0 -0.0125449
-999.0000000  365.0000000 -0.0000033  0.0000000 0.0000000 0 -0.0139504
-999.0000000  340.0000000 -0.0000014  0.0000000 0.0000000 0 -0.0152573
-999.0000000  315.0000000  0.0000016  0.0000000 0.0000000 0 -0.0164032
-999.0000000  290.0000000  0.0000048 -0.0000000 0.0000000 0 -0.0173422
-999.0000000  265.0000000  0.0000071 -0.0000000 0.0000000 0 -0.0178410
-999.0000000  240.0000000  0.0000087 -0.0000000 0.0000000 0 -0.0173380
-999.0000000  215.0000000  0.0000116 -0.0000000 0.0000000 0 -0.0155039
-999.0000000  190.0000000  0.0000130 -0.0000000 0.0000000 0 -0.0128884
-999.0000000  165.0000000  0.0000098 -0.0000000 0.0000000 0 -0.0094478
-999.0000000  140.0000000  0.0000069 -0.0000000 0.0000000 0 -0.0046524
-999.0000000  115.0000000  0.0000074  0.0000000 0.0000000 0 -0.0009071
-999.0000000   90.0000000  0.0000086  0.0000000 0.0000000 0 -0.0000003
-999.0000000   65.0000000  0.0000010 -0.0000000 0.0000000 0 -0.0000000
-999.0000000   40.0000000  0.0000020 -0.0000000 0.0000000 0 -0.0000000
-999.0000000   15.0000000  0.0000096 -0.0000000 0.0000000 0 -0.0000000
 276.500  45   1006.28  day,levels,pres0
-999.0000000 1115.0000000 -0.0000010  0.0000000 0.0000000 0  0.0006736
-999.0000000 1090.0000000 -0.0000010  0.0000000 0.0000000 0  0.0006891
-999.0000000 1065.0000000 -0.0000010  0.0000000 0.0000000 0  0.0007053
-999.0000000 1040.0000000 -0.0000010  0.0000000 0.0000000 0  0.0007222
-999.0000000 1015.0000000 -0.0000010  0.0000000 0.0000000 0  0.0007400
-999.0000000  990.0000000 -0.0000010  0.0000000 0.0000000 0  0.0007587
-999.0000000  965.0000000  0.0000074  0.0000000 0.0000000 0  0.0019060
-999.0000000  940.0000000  0.0000121  0.0000000 0.0000000 0  0.0022180
-999.0000000  915.0000000  0.0000069  0.0000000 0.0000000 0  0.0013590
-999.0000000  890.0000000 -0.0000022  0.0000000 0.0000000 0  0.0000638
-999.0000000  865.0000000 -0.0000106  0.0000000 0.0000000 0 -0.0009489
-999.0000000  840.0000000 -0.0000180  0.0000000 0.0000000 0 -0.0012066
-999.0000000  815.0000000 -0.0000227  0.0000000 0.0000000 0 -0.0004675
-999.0000000  790.0000000 -0.0000209  0.0000000 0.0000000 0  0.0012078
-999.0000000  765.0000000 -0.0000133 -0.0000000 0.0000000 0  0.0032324
-999.0000000  740.0000000 -0.0000048 -0.0000000 0.0000000 0  0.0047188
-999.0000000  715.0000000  0.0000009 -0.0000000 0.0000000 0  0.0049829
-999.0000000  690.0000000  0.0000019 -0.0000000 0.0000000 0  0.0037197
-999.0000000  665.0000000 -0.0000020 -0.0000000 0.0000000 0  0.0008951
-999.0000000  640.0000000 -0.0000124 -0.0000000 0.0000000 0 -0.0031372
-999.0000000  615.0000000 -0.0000277  0.0000000 0.0000000 0 -0.0075461
-999.0000000  590.0000000 -0.0000357  0.0000000 0.0000000 0 -0.0116160
-999.0000000  565.0000000 -0.0000334  0.0000000 0.0000000 0 -0.0149614
-999.0000000  540.0000000 -0.0000266  0.0000000 0.0000000 0 -0.0172619
-999.0000000  515.0000000 -0.0000176  0.0000000 0.0000000 0 -0.0182705
-999.0000000  490.0000000 -0.0000115  0.0000000 0.0000000 0 -0.0180777
-999.0000000  465.0000000 -0.0000085 -0.0000000 0.0000000 0 -0.0172763
-999.0000000  440.0000000 -0.0000070 -0.0000000 0.0000000 0 -0.0167765
-999.0000000  415.0000000 -0.0000066  0.0000000 0.0000000 0 -0.0175796
-999.0000000  390.0000000 -0.0000059  0.0000000 0.0000000 0 -0.0199591
-999.0000000  365.0000000 -0.0000039  0.0000000 0.0000000 0 -0.0231175
-999.0000000  340.0000000 -0.0000006  0.0000000 0.0000000 0 -0.0260972
-999.0000000  315.0000000  0.0000031  0.0000000 0.0000000 0 -0.0282905
-999.0000000  290.0000000  0.0000061 -0.0000000 0.0000000 0 -0.0294146
-999.0000000  265.0000000  0.0000078 -0.0000000 0.0000000 0 -0.0293022
-999.0000000  240.0000000  0.0000085 -0.0000000 0.0000000 0 -0.0273314
-999.0000000  215.0000000  0.0000095 -0.0000000 0.0000000 0 -0.0229436
-999.0000000  190.0000000  0.0000080 -0.0000000 0.0000000 0 -0.0169931
-999.0000000  165.0000000  0.0000042 -0.0000000 0.0000000 0 -0.0103023
-999.0000000  140.0000000  0.0000020 -0.0000000 0.0000000 0 -0.0042870
-999.0000000  115.0000000  0.0000029 -0.0000000 0.0000000 0 -0.0009634
-999.0000000   90.0000000  0.0000059 -0.0000000 0.0000000 0  0.0000004
-999.0000000   65.0000000 -0.0000016 -0.0000000 0.0000000 0 -0.0000000
-999.0000000   40.0000000 -0.0000002 -0.0000000 0.0000000 0 -0.0000000
-999.0000000   15.0000000  0.0000055 -0.0000000 0.0000000 0 -0.0000000
 276.625  45   1006.02  day,levels,pres0
-999.0000000 1115.0000000  0.0000170  0.0000000 0.0000000 0 -0.0008655
-999.0000000 1090.0000000  0.0000170  0.0000000 0.0000000 0 -0.0008853
-999.0000000 1065.0000000  0.0000170  0.0000000 0.0000000 0 -0.0009061
-999.0000000 1040.0000000  0.0000170  0.0000000 0.0000000 0 -0.0009279
-999.0000000 1015.0000000  0.0000170  0.0000000 0.0000000 0 -0.0009507
-999.0000000  990.0000000  0.0000170  0.0000000 0.0000000 0 -0.0009747
-999.0000000  965.0000000  0.0000168  0.0000000 0.0000000 0 -0.0028628
-999.0000000  940.0000000  0.0000139  0.0000000 0.0000000 0 -0.0056818
-999.0000000  915.0000000  0.0000135  0.0000000 0.0000000 0 -0.0092938
-999.0000000  890.0000000  0.0000136 -0.0000000 0.0000000 0 -0.0127823
-999.0000000  865.0000000  0.0000073  0.0000000 0.0000000 0 -0.0155305
-999.0000000  840.0000000  0.0000015  0.0000000 0.0000000 0 -0.0173437
-999.0000000  815.0000000 -0.0000032  0.0000000 0.0000000 0 -0.0182238
-999.0000000  790.0000000 -0.0000055 -0.0000000 0.0000000 0 -0.0183012
-999.0000000  765.0000000 -0.0000053 -0.0000000 0.0000000 0 -0.0179147
-999.0000000  740.0000000 -0.0000045 -0.0000000 0.0000000 0 -0.0175236
-999.0000000  715.0000000 -0.0000047 -0.0000000 0.0000000 0 -0.0174043
-999.0000000  690.0000000 -0.0000068 -0.0000000 0.0000000 0 -0.0175398
-999.0000000  665.0000000 -0.0000105 -0.0000000 0.0000000 0 -0.0176643
-999.0000000  640.0000000 -0.0000148 -0.0000000 0.0000000 0 -0.0174527
-999.0000000  615.0000000 -0.0000185 -0.0000000 0.0000000 0 -0.0165742
-999.0000000  590.0000000 -0.0000191 -0.0000000 0.0000000 0 -0.0148448
-999.0000000  565.0000000 -0.0000163  0.0000000 0.0000000 0 -0.0123061
-999.0000000  540.0000000 -0.0000128  0.0000000 0.0000000 0 -0.0089480
-999.0000000  515.0000000 -0.0000094 -0.0000000 0.0000000 0 -0.0046415
-999.0000000  490.0000000 -0.0000074 -0.0000000 0.0000000 0  0.0004574
-999.0000000  465.0000000 -0.0000064 -0.0000000 0.0000000 0  0.0057523
-999.0000000  440.0000000 -0.0000063 -0.0000000 0.0000000 0  0.0104853
-999.0000000  415.0000000 -0.0000067  0.0000000 0.0000000 0  0.0138778
-999.0000000  390.0000000 -0.0000065  0.0000000 0.0000000 0  0.0156635
-999.0000000  365.0000000 -0.0000052  0.0000000 0.0000000 0  0.0162892
-999.0000000  340.0000000 -0.0000034  0.0000000 0.0000000 0  0.0164112
-999.0000000  315.0000000 -0.0000024  0.0000000 0.0000000 0  0.0165937
-999.0000000  290.0000000 -0.0000030 -0.0000000 0.0000000 0  0.0170941
-999.0000000  265.0000000 -0.0000053 -0.0000000 0.0000000 0  0.0178501
-999.0000000  240.0000000 -0.0000073 -0.0000000 0.0000000 0  0.0187574
-999.0000000  215.0000000 -0.0000060 -0.0000000 0.0000000 0  0.0194715
-999.0000000  190.0000000 -0.0000023 -0.0000000 0.0000000 0  0.0189101
-999.0000000  165.0000000 -0.0000001  0.0000000 0.0000000 0  0.0159005
-999.0000000  140.0000000 -0.0000017 -0.0000000 0.0000000 0  0.0087675
-999.0000000  115.0000000  0.0000011 -0.0000000 0.0000000 0  0.0016752
-999.0000000   90.0000000  0.0000041  0.0000000 0.0000000 0 -0.0000017
-999.0000000   65.0000000 -0.0000042 -0.0000000 0.0000000 0 -0.0000000
-999.0000000   40.0000000 -0.0000023 -0.0000000 0.0000000 0 -0.0000000
-999.0000000   15.0000000  0.0000014 -0.0000000 0.0000000 0 -0.0000000
 276.750  45   1002.69  day,levels,pres0
-999.0000000 1115.0000000 -0.0000029 -0.0000000 0.0000000 0  0.0003235
-999.0000000 1090.0000000 -0.0000029 -0.0000000 0.0000000 0  0.0003310
-999.0000000 1065.0000000 -0.0000029 -0.0000000 0.0000000 0  0.0003387
-999.0000000 1040.0000000 -0.0000029 -0.0000000 0.0000000 0  0.0003469
-999.0000000 1015.0000000 -0.0000029 -0.0000000 0.0000000 0  0.0003554
-999.0000000  990.0000000 -0.0000029 -0.0000000 0.0000000 0  0.0003644
-999.0000000  965.0000000 -0.0000082  0.0000000 0.0000000 0  0.0007533
-999.0000000  940.0000000 -0.0000081  0.0000000 0.0000000 0  0.0005669
-999.0000000  915.0000000  0.0000006  0.0000000 0.0000000 0  0.0002863
-999.0000000  890.0000000  0.0000077 -0.0000000 0.0000000 0  0.0006084
-999.0000000  865.0000000  0.0000040 -0.0000000 0.0000000 0  0.0017516
-999.0000000  840.0000000 -0.0000001  0.0000000 0.0000000 0  0.0035132
-999.0000000  815.0000000 -0.0000046  0.0000000 0.0000000 0  0.0056118
-999.0000000  790.0000000 -0.0000096 -0.0000000 0.0000000 0  0.0077927
-999.0000000  765.0000000 -0.0000134 -0.0000000 0.0000000 0  0.0098834
-999.0000000  740.0000000 -0.0000158 -0.0000000 0.0000000 0  0.0118318
-999.0000000  715.0000000 -0.0000175 -0.0000000 0.0000000 0  0.0138193
-999.0000000  690.0000000 -0.0000192 -0.0000000 0.0000000 0  0.0162282
-999.0000000  665.0000000 -0.0000204 -0.0000000 0.0000000 0  0.0196001
-999.0000000  640.0000000 -0.0000186 -0.0000000 0.0000000 0  0.0242899
-999.0000000  615.0000000 -0.0000136 -0.0000000 0.0000000 0  0.0302862
-999.0000000  590.0000000 -0.0000092 -0.0000000 0.0000000 0  0.0373406
-999.0000000  565.0000000 -0.0000063 -0.0000000 0.0000000 0  0.0449686
-999.0000000  540.0000000 -0.0000051 -0.0000000 0.0000000 0  0.0526918
-999.0000000  515.0000000 -0.0000057 -0.0000000 0.0000000 0  0.0602133
-999.0000000  490.0000000 -0.0000066 -0.0000000 0.0000000 0  0.0672540
-999.0000000  465.0000000 -0.0000071 -0.0000000 0.0000000 0  0.0734658
-999.0000000  440.0000000 -0.0000078 -0.0000000 0.0000000 0  0.0785486
-999.0000000  415.0000000 -0.0000087  0.0000000 0.0000000 0  0.0822810
-999.0000000  390.0000000 -0.0000089  0.0000000 0.0000000 0  0.0846385
-999.0000000  365.0000000 -0.0000086  0.0000000 0.0000000 0  0.0858155
-999.0000000  340.0000000 -0.0000085  0.0000000 0.0000000 0  0.0860803
-999.0000000  315.0000000 -0.0000090  0.0000000 0.0000000 0  0.0856660
-999.0000000  290.0000000 -0.0000104  0.0000000 0.0000000 0  0.0845265
-999.0000000  265.0000000 -0.0000123  0.0000000 0.0000000 0  0.0821784
-999.0000000  240.0000000 -0.0000125  0.0000000 0.0000000 0  0.0777293
-999.0000000  215.0000000 -0.0000093  0.0000000 0.0000000 0  0.0700404
-999.0000000  190.0000000 -0.0000048  0.0000000 0.0000000 0  0.0581929
-999.0000000  165.0000000 -0.0000037  0.0000000 0.0000000 0  0.0414895
-999.0000000  140.0000000 -0.0000048  0.0000000 0.0000000 0  0.0196214
-999.0000000  115.0000000  0.0000006 -0.0000000 0.0000000 0  0.0031223
-999.0000000   90.0000000  0.0000054  0.0000000 0.0000000 0 -0.0000001
-999.0000000   65.0000000 -0.0000013 -0.0000000 0.0000000 0 -0.0000000
-999.0000000   40.0000000  0.0000023 -0.0000000 0.0000000 0 -0.0000000
-999.0000000   15.0000000  0.0000045 -0.0000000 0.0000000 0 -0.0000000
 276.875  45   1001.85  day,levels,pres0
-999.0000000 1115.0000000 -0.0000112  0.0000000 0.0000000 0  0.0008154
-999.0000000 1090.0000000 -0.0000112  0.0000000 0.0000000 0  0.0008341
-999.0000000 1065.0000000 -0.0000112  0.0000000 0.0000000 0  0.0008536
-999.0000000 1040.0000000 -0.0000112  0.0000000 0.0000000 0  0.0008742
-999.0000000 1015.0000000 -0.0000112  0.0000000 0.0000000 0  0.0008957
-999.0000000  990.0000000 -0.0000112  0.0000000 0.0000000 0  0.0009183
-999.0000000  965.0000000 -0.0000128  0.0000000 0.0000000 0  0.0026605
-999.0000000  940.0000000 -0.0000133  0.0000000 0.0000000 0  0.0042969
-999.0000000  915.0000000 -0.0000091  0.0000000 0.0000000 0  0.0063259
-999.0000000  890.0000000 -0.0000035 -0.0000000 0.0000000 0  0.0088413
-999.0000000  865.0000000 -0.0000057  0.0000000 0.0000000 0  0.0117333
-999.0000000  840.0000000 -0.0000099  0.0000000 0.0000000 0  0.0148058
-999.0000000  815.0000000 -0.0000148  0.0000000 0.0000000 0  0.0178394
-999.0000000  790.0000000 -0.0000201  0.0000000 0.0000000 0  0.0206421
-999.0000000  765.0000000 -0.0000249  0.0000000 0.0000000 0  0.0230632
-999.0000000  740.0000000 -0.0000285  0.0000000 0.0000000 0  0.0250578
-999.0000000  715.0000000 -0.0000310  0.0000000 0.0000000 0  0.0267692
-999.0000000  690.0000000 -0.0000321 -0.0000000 0.0000000 0  0.0285308
-999.0000000  665.0000000 -0.0000309 -0.0000000 0.0000000 0  0.0308466
-999.0000000  640.0000000 -0.0000269 -0.0000000 0.0000000 0  0.0340951
-999.0000000  615.0000000 -0.0000202 -0.0000000 0.0000000 0  0.0383535
-999.0000000  590.0000000 -0.0000144 -0.0000000 0.0000000 0  0.0433870
-999.0000000  565.0000000 -0.0000104 -0.0000000 0.0000000 0  0.0486039
-999.0000000  540.0000000 -0.0000090 -0.0000000 0.0000000 0  0.0534831
-999.0000000  515.0000000 -0.0000104 -0.0000000 0.0000000 0  0.0578189
-999.0000000  490.0000000 -0.0000122 -0.0000000 0.0000000 0  0.0615193
-999.0000000  465.0000000 -0.0000133 -0.0000000 0.0000000 0  0.0645221
-999.0000000  440.0000000 -0.0000142 -0.0000000 0.0000000 0  0.0668085
-999.0000000  415.0000000 -0.0000150 -0.0000000 0.0000000 0  0.0683677
-999.0000000  390.0000000 -0.0000151  0.0000000 0.0000000 0  0.0692312
-999.0000000  365.0000000 -0.0000144  0.0000000 0.0000000 0  0.0694680
-999.0000000  340.0000000 -0.0000134  0.0000000 0.0000000 0  0.0691100
-999.0000000  315.0000000 -0.0000120  0.0000000 0.0000000 0  0.0681056
-999.0000000  290.0000000 -0.0000108  0.0000000 0.0000000 0  0.0662595
-999.0000000  265.0000000 -0.0000100  0.0000000 0.0000000 0  0.0632270
-999.0000000  240.0000000 -0.0000086  0.0000000 0.0000000 0  0.0587289
-999.0000000  215.0000000 -0.0000065  0.0000000 0.0000000 0  0.0526108
-999.0000000  190.0000000 -0.0000053  0.0000000 0.0000000 0  0.0441520
-999.0000000  165.0000000 -0.0000054  0.0000000 0.0000000 0  0.0317594
-999.0000000  140.0000000 -0.0000037  0.0000000 0.0000000 0  0.0152102
-999.0000000  115.0000000  0.0000016 -0.0000000 0.0000000 0  0.0029004
-999.0000000   90.0000000  0.0000067  0.0000000 0.0000000 0 -0.0000009
-999.0000000   65.0000000  0.0000015 -0.0000000 0.0000000 0 -0.0000000
-999.0000000   40.0000000  0.0000068 -0.0000000 0.0000000 0 -0.0000000
-999.0000000   15.0000000  0.0000076 -0.0000000 0.0000000 0 -0.0000000
 277.000  45   1004.82  day,levels,pres0
-999.0000000 1115.0000000 -0.0000028  0.0000000 0.0000000 0  0.0008790
-999.0000000 1090.0000000 -0.0000028  0.0000000 0.0000000 0  0.0008992
-999.0000000 1065.0000000 -0.0000028  0.0000000 0.0000000 0  0.0009203
-999.0000000 1040.0000000 -0.0000028  0.0000000 0.0000000 0  0.0009424
-999.0000000 1015.0000000 -0.0000028  0.0000000 0.0000000 0  0.0009656
-999.0000000  990.0000000 -0.0000028  0.0000000 0.0000000 0  0.0009900
-999.0000000  965.0000000 -0.0000025  0.0000000 0.0000000 0  0.0023684
-999.0000000  940.0000000 -0.0000033  0.0000000 0.0000000 0  0.0039483
-999.0000000  915.0000000 -0.0000016  0.0000000 0.0000000 0  0.0062268
-999.0000000  890.0000000  0.0000036  0.0000000 0.0000000 0  0.0086793
-999.0000000  865.0000000  0.0000043  0.0000000 0.0000000 0  0.0109129
-999.0000000  840.0000000  0.0000012  0.0000000 0.0000000 0  0.0128036
-999.0000000  815.0000000 -0.0000026  0.0000000 0.0000000 0  0.0142107
-999.0000000  790.0000000 -0.0000068  0.0000000 0.0000000 0  0.0150108
-999.0000000  765.0000000 -0.0000119  0.0000000 0.0000000 0  0.0151129
-999.0000000  740.0000000 -0.0000167  0.0000000 0.0000000 0  0.0144913
-999.0000000  715.0000000 -0.0000203  0.0000000 0.0000000 0  0.0132205
-999.0000000  690.0000000 -0.0000211  0.0000000 0.0000000 0  0.0115395
-999.0000000  665.0000000 -0.0000179  0.0000000 0.0000000 0  0.0098668
-999.0000000  640.0000000 -0.0000118 -0.0000000 0.0000000 0  0.0085889
-999.0000000  615.0000000 -0.0000036 -0.0000000 0.0000000 0  0.0079295
-999.0000000  590.0000000  0.0000028 -0.0000000 0.0000000 0  0.0077458
-999.0000000  565.0000000  0.0000062 -0.0000000 0.0000000 0  0.0074554
-999.0000000  540.0000000  0.0000061 -0.0000000 0.0000000 0  0.0066099
-999.0000000  515.0000000  0.0000028 -0.0000000 0.0000000 0  0.0051240
-999.0000000  490.0000000 -0.0000006 -0.0000000 0.0000000 0  0.0030801
-999.0000000  465.0000000 -0.0000030 -0.0000000 0.0000000 0  0.0006611
-999.0000000  440.0000000 -0.0000048 -0.0000000 0.0000000 0 -0.0018784
-999.0000000  415.0000000 -0.0000061 -0.0000000 0.0000000 0 -0.0042388
-999.0000000  390.0000000 -0.0000066 -0.0000000 0.0000000 0 -0.0062163
-999.0000000  365.0000000 -0.0000060  0.0000000 0.0000000 0 -0.0077621
-999.0000000  340.0000000 -0.0000044  0.0000000 0.0000000 0 -0.0089992
-999.0000000  315.0000000 -0.0000018  0.0000000 0.0000000 0 -0.0102124
-999.0000000  290.0000000  0.0000010  0.0000000 0.0000000 0 -0.0116250
-999.0000000  265.0000000  0.0000032  0.0000000 0.0000000 0 -0.0131957
-999.0000000  240.0000000  0.0000049  0.0000000 0.0000000 0 -0.0142279
-999.0000000  215.0000000  0.0000057  0.0000000 0.0000000 0 -0.0134738
-999.0000000  190.0000000  0.0000050  0.0000000 0.0000000 0 -0.0109542
-999.0000000  165.0000000  0.0000049  0.0000000 0.0000000 0 -0.0082762
-999.0000000  140.0000000  0.0000090  0.0000000 0.0000000 0 -0.0041549
-999.0000000  115.0000000  0.0000127  0.0000000 0.0000000 0 -0.0002100
-999.0000000   90.0000000  0.0000155  0.0000000 0.0000000 0 -0.0000011
-999.0000000   65.0000000  0.0000057 -0.0000000 0.0000000 0 -0.0000000
-999.0000000   40.0000000  0.0000060 -0.0000000 0.0000000 0 -0.0000000
-999.0000000   15.0000000  0.0000051 -0.0000000 0.0000000 0 -0.0000000
