z[m] p[mb] tp[K] q[g/kg] u[m/s] v[m/s] 
256.0  45   1003.19  day,levels,pres0
-999.0000000 1115.000 290.056 15.894  -1.834  0.048
-999.0000000 1090.000 291.942 15.894  -1.834  0.048
-999.0000000 1065.000 293.883 15.894  -1.834  0.048
-999.0000000 1040.000 295.885 15.894  -1.834  0.048
-999.0000000 1015.000 297.949 15.894  -1.834  0.048
-999.0000000  990.000 300.079 15.894  -1.834  0.048
-999.0000000  965.000 301.271 15.221  -3.404 -0.563
-999.0000000  940.000 302.300 14.777  -5.010 -1.133
-999.0000000  915.000 303.598 13.792  -6.758 -1.592
-999.0000000  890.000 304.775 12.725  -8.372 -1.742
-999.0000000  865.000 305.756 11.736  -9.797 -1.513
-999.0000000  840.000 306.797 10.672 -11.043 -0.961
-999.0000000  815.000 307.876  9.540 -11.994 -0.195
-999.0000000  790.000 309.041  8.328 -12.383  0.597
-999.0000000  765.000 310.270  7.210 -11.964  1.177
-999.0000000  740.000 311.471  6.443 -10.858  1.354
-999.0000000  715.000 312.635  6.003  -9.416  1.211
-999.0000000  690.000 313.802  5.589  -7.947  1.038
-999.0000000  665.000 314.969  5.209  -6.527  0.853
-999.0000000  640.000 316.210  4.745  -5.348  0.468
-999.0000000  615.000 317.574  4.192  -4.490 -0.174
-999.0000000  590.000 319.250  3.726  -3.778 -0.855
-999.0000000  565.000 321.297  3.334  -3.190 -1.513
-999.0000000  540.000 323.496  2.961  -2.653 -2.078
-999.0000000  515.000 325.760  2.587  -2.211 -2.549
-999.0000000  490.000 328.017  2.175  -2.099 -3.105
-999.0000000  465.000 330.201  1.719  -2.365 -3.774
-999.0000000  440.000 332.299  1.326  -2.661 -4.388
-999.0000000  415.000 334.261  1.000  -2.738 -4.780
-999.0000000  390.000 336.087  0.790  -2.189 -4.652
-999.0000000  365.000 337.774  0.683  -0.897 -3.852
-999.0000000  340.000 339.433  0.613   0.762 -2.481
-999.0000000  315.000 341.090  0.569   2.534 -0.788
-999.0000000  290.000 342.707  0.455   4.154  0.577
-999.0000000  265.000 344.273  0.311   5.461  1.318
-999.0000000  240.000 345.722  0.190   6.388  1.585
-999.0000000  215.000 347.002  0.099   6.934  1.567
-999.0000000  190.000 348.382  0.046   7.161  1.278
-999.0000000  165.000 350.394  0.021   6.746  0.748
-999.0000000  140.000 354.501  0.010   4.025  0.209
-999.0000000  115.000 366.230  0.006   0.078  0.061
-999.0000000   90.000 393.702  0.005   0.590  0.630
-999.0000000   65.000 443.025  0.003  -3.023  0.520
-999.0000000   40.000 535.993  0.016 -14.021  0.140
-999.0000000   15.000 727.884  0.085 -24.809 -0.626
256.125  45   1003.84  day,levels,pres0
-999.0000000 1115.000 289.906 15.876  -2.325 -0.734
-999.0000000 1090.000 291.790 15.876  -2.325 -0.734
-999.0000000 1065.000 293.731 15.876  -2.325 -0.734
-999.0000000 1040.000 295.731 15.876  -2.325 -0.734
-999.0000000 1015.000 297.795 15.876  -2.325 -0.734
-999.0000000  990.000 299.924 15.876  -2.325 -0.734
-999.0000000  965.000 301.528 15.313  -4.222 -1.569
-999.0000000  940.000 302.655 15.019  -5.873 -2.143
-999.0000000  915.000 303.765 14.359  -7.493 -2.568
-999.0000000  890.000 304.708 13.593  -8.963 -2.749
-999.0000000  865.000 305.564 12.715 -10.303 -2.608
-999.0000000  840.000 306.508 11.584 -11.512 -2.114
-999.0000000  815.000 307.583 10.166 -12.390 -1.308
-999.0000000  790.000 308.841  8.550 -12.614 -0.423
-999.0000000  765.000 310.148  7.152 -12.008  0.206
-999.0000000  740.000 311.388  6.267 -10.780  0.427
-999.0000000  715.000 312.574  5.807  -9.300  0.347
-999.0000000  690.000 313.771  5.388  -7.880  0.172
-999.0000000  665.000 314.979  5.020  -6.615 -0.096
-999.0000000  640.000 316.259  4.589  -5.659 -0.476
-999.0000000  615.000 317.647  4.090  -5.078 -0.974
-999.0000000  590.000 319.275  3.644  -4.575 -1.424
-999.0000000  565.000 321.184  3.238  -4.087 -1.772
-999.0000000  540.000 323.225  2.875  -3.589 -2.027
-999.0000000  515.000 325.333  2.541  -3.132 -2.226
-999.0000000  490.000 327.455  2.208  -2.972 -2.599
-999.0000000  465.000 329.543  1.871  -3.168 -3.214
-999.0000000  440.000 331.595  1.526  -3.428 -3.904
-999.0000000  415.000 333.568  1.175  -3.513 -4.509
-999.0000000  390.000 335.428  0.929  -2.969 -4.674
-999.0000000  365.000 337.159  0.779  -1.613 -4.182
-999.0000000  340.000 338.881  0.685   0.311 -2.995
-999.0000000  315.000 340.634  0.633   2.518 -1.305
-999.0000000  290.000 342.415  0.507   4.444  0.188
-999.0000000  265.000 344.199  0.348   5.794  1.154
-999.0000000  240.000 345.797  0.213   6.571  1.753
-999.0000000  215.000 347.042  0.108   6.887  2.158
-999.0000000  190.000 348.273  0.047   6.920  2.151
-999.0000000  165.000 350.180  0.019   6.333  1.367
-999.0000000  140.000 354.296  0.009   3.307  0.116
-999.0000000  115.000 366.321  0.006  -0.812 -0.447
-999.0000000   90.000 394.409  0.005   0.030  0.165
-999.0000000   65.000 443.763  0.003  -3.205 -0.112
-999.0000000   40.000 535.667  0.016 -14.155  0.138
-999.0000000   15.000 726.062  0.080 -25.152 -0.435
256.25  45   1002.90  day,levels,pres0
-999.0000000 1115.000 289.757 15.852  -2.816 -1.509
-999.0000000 1090.000 291.640 15.852  -2.816 -1.509
-999.0000000 1065.000 293.580 15.852  -2.816 -1.509
-999.0000000 1040.000 295.579 15.852  -2.816 -1.509
-999.0000000 1015.000 297.641 15.852  -2.816 -1.509
-999.0000000  990.000 299.770 15.852  -2.816 -1.509
-999.0000000  965.000 301.785 15.395  -5.037 -2.567
-999.0000000  940.000 303.007 15.259  -6.728 -3.149
-999.0000000  915.000 303.931 14.932  -8.214 -3.548
-999.0000000  890.000 304.642 14.451  -9.534 -3.765
-999.0000000  865.000 305.371 13.667 -10.786 -3.714
-999.0000000  840.000 306.220 12.458 -11.960 -3.277
-999.0000000  815.000 307.292 10.763 -12.766 -2.426
-999.0000000  790.000 308.641  8.763 -12.830 -1.449
-999.0000000  765.000 310.027  7.093 -12.043 -0.771
-999.0000000  740.000 311.306  6.092 -10.697 -0.505
-999.0000000  715.000 312.515  5.612  -9.184 -0.517
-999.0000000  690.000 313.741  5.188  -7.815 -0.692
-999.0000000  665.000 314.990  4.831  -6.706 -1.040
-999.0000000  640.000 316.309  4.433  -5.975 -1.415
-999.0000000  615.000 317.720  3.988  -5.672 -1.771
-999.0000000  590.000 319.300  3.561  -5.380 -1.991
-999.0000000  565.000 321.070  3.141  -4.992 -2.032
-999.0000000  540.000 322.952  2.788  -4.534 -1.979
-999.0000000  515.000 324.904  2.495  -4.064 -1.906
-999.0000000  490.000 326.892  2.235  -3.853 -2.098
-999.0000000  465.000 328.883  2.007  -3.979 -2.657
-999.0000000  440.000 330.891  1.705  -4.201 -3.425
-999.0000000  415.000 332.875  1.332  -4.294 -4.246
-999.0000000  390.000 334.770  1.055  -3.754 -4.703
-999.0000000  365.000 336.545  0.866  -2.334 -4.519
-999.0000000  340.000 338.329  0.752  -0.144 -3.514
-999.0000000  315.000 340.178  0.694   2.500 -1.824
-999.0000000  290.000 342.122  0.558   4.732 -0.203
-999.0000000  265.000 344.126  0.385   6.126  0.988
-999.0000000  240.000 345.874  0.236   6.754  1.918
-999.0000000  215.000 347.083  0.118   6.840  2.747
-999.0000000  190.000 348.165  0.047   6.680  3.021
-999.0000000  165.000 349.964  0.017   5.920  1.983
-999.0000000  140.000 354.087  0.008   2.589  0.021
-999.0000000  115.000 366.412  0.005  -1.703 -0.955
-999.0000000   90.000 395.115  0.005  -0.530 -0.301
-999.0000000   65.000 444.499  0.003  -3.388 -0.744
-999.0000000   40.000 535.341  0.016 -14.290  0.136
-999.0000000   15.000 724.236  0.075 -25.496 -0.244
256.375  45   1003.16  day,levels,pres0
-999.0000000 1115.000 289.458 16.243  -3.329 -1.576
-999.0000000 1090.000 291.340 16.243  -3.329 -1.576
-999.0000000 1065.000 293.277 16.243  -3.329 -1.576
-999.0000000 1040.000 295.275 16.243  -3.329 -1.576
-999.0000000 1015.000 297.334 16.243  -3.329 -1.576
-999.0000000  990.000 299.461 16.243  -3.329 -1.576
-999.0000000  965.000 301.014 15.645  -5.753 -2.716
-999.0000000  940.000 302.337 15.467  -7.532 -3.391
-999.0000000  915.000 303.375 15.185  -8.941 -3.781
-999.0000000  890.000 304.203 14.605 -10.079 -3.928
-999.0000000  865.000 305.018 13.634 -10.998 -3.779
-999.0000000  840.000 305.859 12.460 -11.729 -3.292
-999.0000000  815.000 306.822 11.062 -12.178 -2.468
-999.0000000  790.000 308.030  9.402 -12.088 -1.540
-999.0000000  765.000 309.374  7.812 -11.353 -0.872
-999.0000000  740.000 310.753  6.599 -10.141 -0.574
-999.0000000  715.000 312.143  5.774  -8.736 -0.541
-999.0000000  690.000 313.522  5.151  -7.458 -0.664
-999.0000000  665.000 314.865  4.763  -6.429 -0.955
-999.0000000  640.000 316.250  4.348  -5.807 -1.298
-999.0000000  615.000 317.698  3.905  -5.661 -1.653
-999.0000000  590.000 319.304  3.448  -5.547 -1.880
-999.0000000  565.000 321.087  2.960  -5.365 -1.930
-999.0000000  540.000 322.947  2.575  -5.157 -1.915
-999.0000000  515.000 324.838  2.291  -4.976 -1.910
-999.0000000  490.000 326.742  2.047  -5.008 -2.144
-999.0000000  465.000 328.644  1.845  -5.291 -2.701
-999.0000000  440.000 330.615  1.557  -5.579 -3.436
-999.0000000  415.000 332.650  1.187  -5.620 -4.202
-999.0000000  390.000 334.696  0.918  -4.875 -4.601
-999.0000000  365.000 336.691  0.738  -3.146 -4.368
-999.0000000  340.000 338.592  0.657  -0.790 -3.328
-999.0000000  315.000 340.388  0.644   1.789 -1.610
-999.0000000  290.000 342.180  0.526   3.831  0.068
-999.0000000  265.000 343.996  0.357   4.985  1.348
-999.0000000  240.000 345.633  0.215   5.443  2.377
-999.0000000  215.000 346.940  0.104   5.573  3.343
-999.0000000  190.000 348.271  0.041   5.625  3.850
-999.0000000  165.000 350.222  0.016   5.051  3.023
-999.0000000  140.000 354.235  0.008   1.749  0.962
-999.0000000  115.000 366.266  0.005  -2.594 -0.430
-999.0000000   90.000 394.677  0.005  -1.380 -0.182
-999.0000000   65.000 444.060  0.003  -4.090 -0.754
-999.0000000   40.000 534.731  0.015 -14.798  0.449
-999.0000000   15.000 723.495  0.073 -25.917  0.286
256.5  45   1005.58  day,levels,pres0
-999.0000000 1115.000 289.159 16.614  -3.843 -1.643
-999.0000000 1090.000 291.039 16.614  -3.843 -1.643
-999.0000000 1065.000 292.975 16.614  -3.843 -1.643
-999.0000000 1040.000 294.970 16.614  -3.843 -1.643
-999.0000000 1015.000 297.028 16.614  -3.843 -1.643
-999.0000000  990.000 299.152 16.614  -3.843 -1.643
-999.0000000  965.000 300.244 15.838  -6.469 -2.859
-999.0000000  940.000 301.669 15.632  -8.334 -3.625
-999.0000000  915.000 302.820 15.401  -9.662 -4.012
-999.0000000  890.000 303.763 14.734 -10.611 -4.093
-999.0000000  865.000 304.666 13.586 -11.190 -3.846
-999.0000000  840.000 305.498 12.445 -11.478 -3.306
-999.0000000  815.000 306.352 11.326 -11.572 -2.507
-999.0000000  790.000 307.421  9.977 -11.332 -1.628
-999.0000000  765.000 308.723  8.460 -10.657 -0.972
-999.0000000  740.000 310.201  7.063  -9.584 -0.642
-999.0000000  715.000 311.772  5.925  -8.289 -0.562
-999.0000000  690.000 313.303  5.114  -7.103 -0.633
-999.0000000  665.000 314.740  4.695  -6.153 -0.869
-999.0000000  640.000 316.192  4.263  -5.641 -1.180
-999.0000000  615.000 317.677  3.821  -5.651 -1.536
-999.0000000  590.000 319.308  3.333  -5.716 -1.767
-999.0000000  565.000 321.102  2.778  -5.738 -1.826
-999.0000000  540.000 322.943  2.362  -5.780 -1.849
-999.0000000  515.000 324.771  2.089  -5.888 -1.912
-999.0000000  490.000 326.592  1.862  -6.163 -2.188
-999.0000000  465.000 328.405  1.687  -6.603 -2.742
-999.0000000  440.000 330.339  1.413  -6.958 -3.445
-999.0000000  415.000 332.425  1.046  -6.948 -4.157
-999.0000000  390.000 334.624  0.783  -5.997 -4.499
-999.0000000  365.000 336.836  0.608  -3.959 -4.216
-999.0000000  340.000 338.855  0.558  -1.437 -3.142
-999.0000000  315.000 340.598  0.593   1.077 -1.394
-999.0000000  290.000 342.240  0.494   2.928  0.340
-999.0000000  265.000 343.868  0.329   3.843  1.709
-999.0000000  240.000 345.396  0.194   4.132  2.836
-999.0000000  215.000 346.799  0.090   4.305  3.940
-999.0000000  190.000 348.380  0.035   4.570  4.679
-999.0000000  165.000 350.478  0.014   4.181  4.063
-999.0000000  140.000 354.382  0.008   0.908  1.903
-999.0000000  115.000 366.121  0.005  -3.485  0.096
-999.0000000   90.000 394.237  0.005  -2.229 -0.064
-999.0000000   65.000 443.621  0.003  -4.792 -0.764
-999.0000000   40.000 534.122  0.015 -15.307  0.762
-999.0000000   15.000 722.755  0.071 -26.339  0.815
256.625  45   1005.17  day,levels,pres0
-999.0000000 1115.000 289.818 16.137  -3.481 -1.298
-999.0000000 1090.000 291.702 16.137  -3.481 -1.298
-999.0000000 1065.000 293.642 16.137  -3.481 -1.298
-999.0000000 1040.000 295.641 16.137  -3.481 -1.298
-999.0000000 1015.000 297.704 16.137  -3.481 -1.298
-999.0000000  990.000 299.833 16.137  -3.481 -1.298
-999.0000000  965.000 300.927 15.697  -5.426 -1.917
-999.0000000  940.000 302.205 15.787  -6.841 -2.420
-999.0000000  915.000 303.351 15.720  -7.851 -2.794
-999.0000000  890.000 304.375 15.069  -8.693 -2.987
-999.0000000  865.000 305.363 13.851  -9.405 -2.981
-999.0000000  840.000 306.244 12.510  -9.811 -2.716
-999.0000000  815.000 307.071 11.218  -9.830 -2.202
-999.0000000  790.000 308.029  9.866  -9.525 -1.634
-999.0000000  765.000 309.187  8.545  -8.929 -1.230
-999.0000000  740.000 310.531  7.406  -8.109 -1.061
-999.0000000  715.000 312.001  6.478  -7.180 -1.061
-999.0000000  690.000 313.478  5.741  -6.318 -1.118
-999.0000000  665.000 314.921  5.223  -5.600 -1.225
-999.0000000  640.000 316.384  4.664  -5.157 -1.343
-999.0000000  615.000 317.884  4.061  -5.061 -1.458
-999.0000000  590.000 319.576  3.466  -5.126 -1.536
-999.0000000  565.000 321.483  2.853  -5.342 -1.579
-999.0000000  540.000 323.396  2.372  -5.711 -1.696
-999.0000000  515.000 325.238  2.030  -6.251 -1.952
-999.0000000  490.000 327.086  1.751  -6.884 -2.422
-999.0000000  465.000 328.968  1.540  -7.521 -3.113
-999.0000000  440.000 330.985  1.298  -7.868 -3.808
-999.0000000  415.000 333.153  1.024  -7.675 -4.323
-999.0000000  390.000 335.407  0.820  -6.626 -4.320
-999.0000000  365.000 337.639  0.674  -4.678 -3.605
-999.0000000  340.000 339.662  0.604  -2.396 -2.198
-999.0000000  315.000 341.385  0.586  -0.188 -0.295
-999.0000000  290.000 342.931  0.465   1.491  1.466
-999.0000000  265.000 344.378  0.302   2.476  2.754
-999.0000000  240.000 345.707  0.176   3.027  3.657
-999.0000000  215.000 346.906  0.088   3.465  4.398
-999.0000000  190.000 348.220  0.040   3.838  4.786
-999.0000000  165.000 350.023  0.018   3.495  3.904
-999.0000000  140.000 353.803  0.009   0.481  1.396
-999.0000000  115.000 365.700  0.005  -3.475 -0.841
-999.0000000   90.000 394.066  0.005  -1.991 -1.031
-999.0000000   65.000 443.457  0.003  -4.321 -0.928
-999.0000000   40.000 534.435  0.015 -15.076  0.596
-999.0000000   15.000 723.436  0.073 -26.094  0.693
256.75  45   1002.44  day,levels,pres0
-999.0000000 1115.000 290.472 15.576  -3.115 -0.942
-999.0000000 1090.000 292.360 15.576  -3.115 -0.942
-999.0000000 1065.000 294.305 15.576  -3.115 -0.942
-999.0000000 1040.000 296.309 15.576  -3.115 -0.942
-999.0000000 1015.000 298.376 15.576  -3.115 -0.942
-999.0000000  990.000 300.510 15.576  -3.115 -0.942
-999.0000000  965.000 301.603 15.496  -4.376 -0.965
-999.0000000  940.000 302.735 15.922  -5.343 -1.201
-999.0000000  915.000 303.880 16.036  -6.045 -1.561
-999.0000000  890.000 304.984 15.402  -6.783 -1.869
-999.0000000  865.000 306.059 14.106  -7.628 -2.105
-999.0000000  840.000 306.989 12.549  -8.156 -2.114
-999.0000000  815.000 307.789 11.074  -8.099 -1.883
-999.0000000  790.000 308.638  9.730  -7.727 -1.631
-999.0000000  765.000 309.652  8.626  -7.211 -1.483
-999.0000000  740.000 310.861  7.759  -6.642 -1.475
-999.0000000  715.000 312.231  7.044  -6.068 -1.553
-999.0000000  690.000 313.655  6.380  -5.522 -1.598
-999.0000000  665.000 315.102  5.759  -5.030 -1.580
-999.0000000  640.000 316.576  5.071  -4.653 -1.505
-999.0000000  615.000 318.091  4.304  -4.457 -1.380
-999.0000000  590.000 319.845  3.600  -4.525 -1.303
-999.0000000  565.000 321.865  2.927  -4.938 -1.331
-999.0000000  540.000 323.851  2.379  -5.639 -1.542
-999.0000000  515.000 325.706  1.965  -6.615 -1.992
-999.0000000  490.000 327.584  1.630  -7.611 -2.658
-999.0000000  465.000 329.534  1.381  -8.450 -3.486
-999.0000000  440.000 331.633  1.171  -8.792 -4.173
-999.0000000  415.000 333.880  0.999  -8.416 -4.493
-999.0000000  390.000 336.188  0.858  -7.265 -4.145
-999.0000000  365.000 338.442  0.744  -5.403 -2.998
-999.0000000  340.000 340.470  0.652  -3.358 -1.258
-999.0000000  315.000 342.177  0.576  -1.457  0.801
-999.0000000  290.000 343.627  0.434   0.050  2.591
-999.0000000  265.000 344.894  0.272   1.106  3.798
-999.0000000  240.000 346.021  0.157   1.917  4.476
-999.0000000  215.000 347.017  0.085   2.622  4.855
-999.0000000  190.000 348.064  0.046   3.103  4.891
-999.0000000  165.000 349.571  0.022   2.808  3.742
-999.0000000  140.000 353.225  0.009   0.054  0.887
-999.0000000  115.000 365.277  0.005  -3.465 -1.779
-999.0000000   90.000 393.893  0.005  -1.753 -1.999
-999.0000000   65.000 443.294  0.003  -3.850 -1.091
-999.0000000   40.000 534.746  0.015 -14.846  0.429
-999.0000000   15.000 724.113  0.075 -25.849  0.570
256.875  45   1002.47  day,levels,pres0
-999.0000000 1115.000 289.976 16.035  -2.978 -0.789
-999.0000000 1090.000 291.861 16.035  -2.978 -0.789
-999.0000000 1065.000 293.802 16.035  -2.978 -0.789
-999.0000000 1040.000 295.803 16.035  -2.978 -0.789
-999.0000000 1015.000 297.866 16.035  -2.978 -0.789
-999.0000000  990.000 299.996 16.035  -2.978 -0.789
-999.0000000  965.000 301.359 15.863  -4.634 -0.805
-999.0000000  940.000 302.530 16.180  -5.927 -0.849
-999.0000000  915.000 303.602 15.933  -6.853 -1.039
-999.0000000  890.000 304.661 14.903  -7.634 -1.254
-999.0000000  865.000 305.818 13.365  -8.385 -1.415
-999.0000000  840.000 306.919 11.752  -8.847 -1.403
-999.0000000  815.000 307.843 10.409  -8.838 -1.242
-999.0000000  790.000 308.747  9.299  -8.528 -1.122
-999.0000000  765.000 309.776  8.399  -8.062 -1.160
-999.0000000  740.000 310.974  7.655  -7.549 -1.351
-999.0000000  715.000 312.315  6.996  -7.044 -1.609
-999.0000000  690.000 313.701  6.349  -6.557 -1.773
-999.0000000  665.000 315.099  5.695  -6.102 -1.784
-999.0000000  640.000 316.509  5.002  -5.732 -1.650
-999.0000000  615.000 317.944  4.262  -5.502 -1.363
-999.0000000  590.000 319.608  3.580  -5.515 -1.085
-999.0000000  565.000 321.535  2.929  -5.848 -0.883
-999.0000000  540.000 323.478  2.382  -6.437 -0.863
-999.0000000  515.000 325.342  1.939  -7.272 -1.101
-999.0000000  490.000 327.198  1.577  -8.153 -1.625
-999.0000000  465.000 329.064  1.301  -8.952 -2.437
-999.0000000  440.000 331.038  1.078  -9.404 -3.317
-999.0000000  415.000 333.137  0.905  -9.318 -4.096
-999.0000000  390.000 335.305  0.777  -8.553 -4.460
-999.0000000  365.000 337.456  0.686  -7.057 -4.194
-999.0000000  340.000 339.450  0.623  -5.075 -3.185
-999.0000000  315.000 341.206  0.577  -2.846 -1.514
-999.0000000  290.000 342.786  0.461  -0.806  0.326
-999.0000000  265.000 344.253  0.316   0.852  1.984
-999.0000000  240.000 345.626  0.194   2.197  3.229
-999.0000000  215.000 346.870  0.103   3.246  4.014
-999.0000000  190.000 348.175  0.051   3.837  4.281
-999.0000000  165.000 349.999  0.023   3.386  3.371
-999.0000000  140.000 353.902  0.010   0.377  0.870
-999.0000000  115.000 365.965  0.005  -3.222 -1.697
-999.0000000   90.000 394.468  0.005  -1.598 -2.336
-999.0000000   65.000 443.693  0.003  -4.019 -1.347
-999.0000000   40.000 535.170  0.016 -15.322 -0.071
-999.0000000   15.000 724.574  0.076 -26.462  0.339
257.0  45   1005.00  day,levels,pres0
-999.0000000 1115.000 289.478 16.444  -2.867 -0.644
-999.0000000 1090.000 291.360 16.444  -2.867 -0.644
-999.0000000 1065.000 293.298 16.444  -2.867 -0.644
-999.0000000 1040.000 295.295 16.444  -2.867 -0.644
-999.0000000 1015.000 297.355 16.444  -2.867 -0.644
-999.0000000  990.000 299.482 16.444  -2.867 -0.644
-999.0000000  965.000 301.114 16.211  -4.911 -0.657
-999.0000000  940.000 302.324 16.423  -6.517 -0.502
-999.0000000  915.000 303.324 15.824  -7.649 -0.508
-999.0000000  890.000 304.337 14.411  -8.460 -0.624
-999.0000000  865.000 305.577 12.636  -9.107 -0.710
-999.0000000  840.000 306.845 10.954  -9.500 -0.688
-999.0000000  815.000 307.897  9.733  -9.545 -0.607
-999.0000000  790.000 308.854  8.856  -9.302 -0.627
-999.0000000  765.000 309.897  8.163  -8.892 -0.850
-999.0000000  740.000 311.085  7.545  -8.439 -1.235
-999.0000000  715.000 312.397  6.945  -8.003 -1.667
-999.0000000  690.000 313.744  6.314  -7.572 -1.942
-999.0000000  665.000 315.093  5.629  -7.153 -1.976
-999.0000000  640.000 316.441  4.930  -6.787 -1.779
-999.0000000  615.000 317.796  4.216  -6.523 -1.330
-999.0000000  590.000 319.370  3.556  -6.482 -0.851
-999.0000000  565.000 321.207  2.928  -6.737 -0.423
-999.0000000  540.000 323.106  2.383  -7.216 -0.175
-999.0000000  515.000 324.979  1.912  -7.912 -0.204
-999.0000000  490.000 326.814  1.524  -8.681 -0.589
-999.0000000  465.000 328.597  1.225  -9.439 -1.386
-999.0000000  440.000 330.449  0.990 -10.002 -2.459
-999.0000000  415.000 332.399  0.817 -10.205 -3.698
-999.0000000  390.000 334.428  0.701  -9.828 -4.775
-999.0000000  365.000 336.477  0.631  -8.702 -5.389
-999.0000000  340.000 338.434  0.594  -6.785 -5.111
-999.0000000  315.000 340.237  0.576  -4.231 -3.825
-999.0000000  290.000 341.942  0.484  -1.658 -1.935
-999.0000000  265.000 343.611  0.356   0.600  0.172
-999.0000000  240.000 345.229  0.228   2.477  1.985
-999.0000000  215.000 346.720  0.120   3.870  3.178
-999.0000000  190.000 348.282  0.057   4.569  3.674
-999.0000000  165.000 350.424  0.025   3.961  3.003
-999.0000000  140.000 354.577  0.010   0.699  0.857
-999.0000000  115.000 366.653  0.005  -2.979 -1.614
-999.0000000   90.000 395.043  0.005  -1.444 -2.673
-999.0000000   65.000 444.091  0.003  -4.188 -1.603
-999.0000000   40.000 535.597  0.016 -15.797 -0.571
-999.0000000   15.000 725.036  0.077 -27.075  0.108
257.125  45   1005.78  day,levels,pres0
-999.0000000 1115.000 289.495 16.405  -2.671 -0.397
-999.0000000 1090.000 291.377 16.405  -2.671 -0.397
-999.0000000 1065.000 293.315 16.405  -2.671 -0.397
-999.0000000 1040.000 295.312 16.405  -2.671 -0.397
-999.0000000 1015.000 297.372 16.405  -2.671 -0.397
-999.0000000  990.000 299.499 16.405  -2.671 -0.397
-999.0000000  965.000 301.386 16.269  -4.766 -0.466
-999.0000000  940.000 302.624 16.432  -6.448 -0.417
-999.0000000  915.000 303.454 15.893  -7.742 -0.482
-999.0000000  890.000 304.254 14.656  -8.818 -0.637
-999.0000000  865.000 305.359 12.878  -9.838 -0.791
-999.0000000  840.000 306.680 10.892 -10.647 -0.877
-999.0000000  815.000 307.895  9.260 -10.925 -0.915
-999.0000000  790.000 308.868  8.398 -10.628 -1.007
-999.0000000  765.000 309.774  8.016 -10.081 -1.242
-999.0000000  740.000 310.814  7.636  -9.505 -1.646
-999.0000000  715.000 312.066  7.065  -8.977 -2.127
-999.0000000  690.000 313.449  6.348  -8.446 -2.436
-999.0000000  665.000 314.949  5.418  -7.913 -2.463
-999.0000000  640.000 316.466  4.577  -7.457 -2.153
-999.0000000  615.000 317.981  3.824  -7.140 -1.466
-999.0000000  590.000 319.648  3.143  -7.092 -0.757
-999.0000000  565.000 321.494  2.519  -7.412 -0.159
-999.0000000  540.000 323.368  1.963  -8.075  0.138
-999.0000000  515.000 325.202  1.468  -9.087  0.006
-999.0000000  490.000 327.000  1.096 -10.177 -0.576
-999.0000000  465.000 328.755  0.850 -11.150 -1.636
-999.0000000  440.000 330.568  0.685 -11.578 -2.954
-999.0000000  415.000 332.459  0.596 -11.222 -4.368
-999.0000000  390.000 334.432  0.545 -10.103 -5.494
-999.0000000  365.000 336.427  0.524  -8.257 -6.037
-999.0000000  340.000 338.308  0.521  -6.024 -5.697
-999.0000000  315.000 340.030  0.523  -3.614 -4.400
-999.0000000  290.000 341.734  0.453  -1.244 -2.506
-999.0000000  265.000 343.503  0.347   0.969 -0.330
-999.0000000  240.000 345.225  0.228   2.972  1.700
-999.0000000  215.000 346.720  0.120   4.604  3.148
-999.0000000  190.000 348.173  0.056   5.504  3.682
-999.0000000  165.000 350.178  0.024   4.875  2.713
-999.0000000  140.000 354.505  0.010   1.467  0.336
-999.0000000  115.000 367.206  0.005  -2.216 -1.793
-999.0000000   90.000 395.736  0.004  -0.755 -2.527
-999.0000000   65.000 444.676  0.003  -3.872 -1.435
-999.0000000   40.000 535.153  0.016 -15.310 -0.540
-999.0000000   15.000 724.315  0.075 -26.464  0.205
257.25  45   1004.62  day,levels,pres0
-999.0000000 1115.000 289.509 16.363  -2.478 -0.152
-999.0000000 1090.000 291.391 16.363  -2.478 -0.152
-999.0000000 1065.000 293.329 16.363  -2.478 -0.152
-999.0000000 1040.000 295.327 16.363  -2.478 -0.152
-999.0000000 1015.000 297.387 16.363  -2.478 -0.152
-999.0000000  990.000 299.514 16.363  -2.478 -0.152
-999.0000000  965.000 301.658 16.323  -4.623 -0.279
-999.0000000  940.000 302.923 16.434  -6.379 -0.334
-999.0000000  915.000 303.584 15.962  -7.833 -0.455
-999.0000000  890.000 304.172 14.898  -9.169 -0.644
-999.0000000  865.000 305.140 13.106 -10.556 -0.864
-999.0000000  840.000 306.515 10.822 -11.779 -1.058
-999.0000000  815.000 307.893  8.782 -12.297 -1.221
-999.0000000  790.000 308.883  7.938 -11.951 -1.388
-999.0000000  765.000 309.650  7.870 -11.270 -1.637
-999.0000000  740.000 310.545  7.723 -10.572 -2.057
-999.0000000  715.000 311.735  7.178  -9.951 -2.588
-999.0000000  690.000 313.155  6.377  -9.320 -2.932
-999.0000000  665.000 314.806  5.211  -8.675 -2.952
-999.0000000  640.000 316.491  4.222  -8.127 -2.530
-999.0000000  615.000 318.165  3.421  -7.757 -1.604
-999.0000000  590.000 319.929  2.713  -7.702 -0.665
-999.0000000  565.000 321.780  2.095  -8.084  0.104
-999.0000000  540.000 323.632  1.528  -8.932  0.451
-999.0000000  515.000 325.424  1.011 -10.260  0.214
-999.0000000  490.000 327.187  0.656 -11.670 -0.564
-999.0000000  465.000 328.914  0.467 -12.858 -1.888
-999.0000000  440.000 330.686  0.374 -13.151 -3.450
-999.0000000  415.000 332.519  0.373 -12.236 -5.038
-999.0000000  390.000 334.436  0.389 -10.375 -6.213
-999.0000000  365.000 336.377  0.418  -7.812 -6.685
-999.0000000  340.000 338.182  0.448  -5.262 -6.282
-999.0000000  315.000 339.822  0.472  -2.997 -4.976
-999.0000000  290.000 341.526  0.424  -0.830 -3.077
-999.0000000  265.000 343.396  0.339   1.337 -0.832
-999.0000000  240.000 345.220  0.227   3.466  1.415
-999.0000000  215.000 346.716  0.120   5.338  3.118
-999.0000000  190.000 348.064  0.055   6.438  3.690
-999.0000000  165.000 349.932  0.023   5.788  2.423
-999.0000000  140.000 354.431  0.010   2.234 -0.186
-999.0000000  115.000 367.757  0.005  -1.454 -1.972
-999.0000000   90.000 396.430  0.004  -0.066 -2.381
-999.0000000   65.000 445.263  0.003  -3.555 -1.266
-999.0000000   40.000 534.706  0.015 -14.823 -0.510
-999.0000000   15.000 723.595  0.073 -25.853  0.303
257.375  45   1004.77  day,levels,pres0
-999.0000000 1115.000 289.244 16.822  -2.396 -0.363
-999.0000000 1090.000 291.124 16.822  -2.396 -0.363
-999.0000000 1065.000 293.060 16.822  -2.396 -0.363
-999.0000000 1040.000 295.056 16.822  -2.396 -0.363
-999.0000000 1015.000 297.114 16.822  -2.396 -0.363
-999.0000000  990.000 299.239 16.822  -2.396 -0.363
-999.0000000  965.000 301.146 16.287  -4.650 -0.540
-999.0000000  940.000 302.443 16.133  -6.432 -0.631
-999.0000000  915.000 303.200 15.572  -7.904 -0.755
-999.0000000  890.000 303.821 14.615  -9.254 -0.905
-999.0000000  865.000 304.667 13.169 -10.608 -1.049
-999.0000000  840.000 305.873 11.276 -11.884 -1.154
-999.0000000  815.000 307.265  9.157 -12.584 -1.180
-999.0000000  790.000 308.443  7.805 -12.318 -1.138
-999.0000000  765.000 309.433  7.319 -11.554 -1.167
-999.0000000  740.000 310.457  7.041 -10.675 -1.381
-999.0000000  715.000 311.659  6.600  -9.851 -1.742
-999.0000000  690.000 313.057  5.888  -9.071 -1.992
-999.0000000  665.000 314.663  4.810  -8.357 -2.013
-999.0000000  640.000 316.304  3.917  -7.779 -1.626
-999.0000000  615.000 317.940  3.226  -7.417 -0.769
-999.0000000  590.000 319.691  2.575  -7.403  0.042
-999.0000000  565.000 321.575  1.950  -7.876  0.617
-999.0000000  540.000 323.515  1.374  -8.906  0.760
-999.0000000  515.000 325.454  0.840 -10.513  0.360
-999.0000000  490.000 327.324  0.519 -12.171 -0.417
-999.0000000  465.000 329.090  0.421 -13.510 -1.556
-999.0000000  440.000 330.884  0.376 -13.789 -2.955
-999.0000000  415.000 332.740  0.382 -12.696 -4.481
-999.0000000  390.000 334.671  0.379 -10.659 -5.681
-999.0000000  365.000 336.608  0.368  -8.017 -6.235
-999.0000000  340.000 338.372  0.387  -5.550 -5.866
-999.0000000  315.000 339.926  0.421  -3.508 -4.507
-999.0000000  290.000 341.521  0.389  -1.534 -2.502
-999.0000000  265.000 343.266  0.322   0.495 -0.191
-999.0000000  240.000 344.981  0.218   2.392  1.847
-999.0000000  215.000 346.454  0.113   3.973  2.978
-999.0000000  190.000 347.885  0.051   4.943  2.894
-999.0000000  165.000 349.879  0.022   4.333  1.313
-999.0000000  140.000 354.607  0.010   0.852 -1.031
-999.0000000  115.000 368.087  0.005  -2.616 -2.302
-999.0000000   90.000 396.526  0.003  -0.692 -2.461
-999.0000000   65.000 445.080  0.003  -3.637 -1.198
-999.0000000   40.000 533.627  0.014 -14.843 -0.404
-999.0000000   15.000 721.925  0.069 -25.986  0.567
257.5  45   1006.60  day,levels,pres0
-999.0000000 1115.000 288.977 17.258  -2.312 -0.575
-999.0000000 1090.000 290.856 17.258  -2.312 -0.575
-999.0000000 1065.000 292.790 17.258  -2.312 -0.575
-999.0000000 1040.000 294.784 17.258  -2.312 -0.575
-999.0000000 1015.000 296.841 17.258  -2.312 -0.575
-999.0000000  990.000 298.963 17.258  -2.312 -0.575
-999.0000000  965.000 300.633 16.237  -4.676 -0.801
-999.0000000  940.000 301.962 15.834  -6.484 -0.929
-999.0000000  915.000 302.817 15.189  -7.976 -1.054
-999.0000000  890.000 303.471 14.336  -9.340 -1.165
-999.0000000  865.000 304.194 13.216 -10.662 -1.233
-999.0000000  840.000 305.231 11.676 -11.991 -1.248
-999.0000000  815.000 306.637  9.489 -12.873 -1.137
-999.0000000  790.000 308.003  7.672 -12.688 -0.888
-999.0000000  765.000 309.216  6.781 -11.843 -0.697
-999.0000000  740.000 310.369  6.367 -10.783 -0.707
-999.0000000  715.000 311.582  6.026  -9.754 -0.899
-999.0000000  690.000 312.959  5.403  -8.825 -1.053
-999.0000000  665.000 314.519  4.414  -8.042 -1.076
-999.0000000  640.000 316.115  3.619  -7.434 -0.724
-999.0000000  615.000 317.714  3.036  -7.080  0.065
-999.0000000  590.000 319.455  2.440  -7.107  0.749
-999.0000000  565.000 321.369  1.808  -7.669  1.129
-999.0000000  540.000 323.399  1.222  -8.882  1.070
-999.0000000  515.000 325.485  0.668 -10.767  0.505
-999.0000000  490.000 327.461  0.380 -12.673 -0.270
-999.0000000  465.000 329.266  0.374 -14.163 -1.224
-999.0000000  440.000 331.084  0.377 -14.428 -2.461
-999.0000000  415.000 332.961  0.392 -13.156 -3.924
-999.0000000  390.000 334.907  0.370 -10.944 -5.149
-999.0000000  365.000 336.840  0.316  -8.223 -5.785
-999.0000000  340.000 338.562  0.325  -5.839 -5.451
-999.0000000  315.000 340.030  0.369  -4.020 -4.039
-999.0000000  290.000 341.514  0.354  -2.239 -1.927
-999.0000000  265.000 343.136  0.306  -0.347  0.449
-999.0000000  240.000 344.742  0.209   1.317  2.279
-999.0000000  215.000 346.192  0.106   2.608  2.838
-999.0000000  190.000 347.705  0.048   3.448  2.098
-999.0000000  165.000 349.825  0.022   2.878  0.203
-999.0000000  140.000 354.780  0.010  -0.529 -1.876
-999.0000000  115.000 368.419  0.005  -3.779 -2.632
-999.0000000   90.000 396.621  0.003  -1.317 -2.542
-999.0000000   65.000 444.899  0.004  -3.720 -1.130
-999.0000000   40.000 532.546  0.014 -14.863 -0.299
-999.0000000   15.000 720.259  0.065 -26.119  0.831
257.625  45   1006.71  day,levels,pres0
-999.0000000 1115.000 290.231 16.162  -2.716 -0.882
-999.0000000 1090.000 292.117 16.162  -2.716 -0.882
-999.0000000 1065.000 294.060 16.162  -2.716 -0.882
-999.0000000 1040.000 296.063 16.162  -2.716 -0.882
-999.0000000 1015.000 298.128 16.162  -2.716 -0.882
-999.0000000  990.000 300.260 16.162  -2.716 -0.882
-999.0000000  965.000 301.502 15.871  -4.338 -1.173
-999.0000000  940.000 302.512 15.972  -5.509 -1.372
-999.0000000  915.000 303.372 15.378  -6.615 -1.553
-999.0000000  890.000 304.288 14.104  -7.817 -1.681
-999.0000000  865.000 305.256 12.508  -9.078 -1.694
-999.0000000  840.000 306.459 10.515 -10.357 -1.548
-999.0000000  815.000 307.797  8.438 -11.175 -1.220
-999.0000000  790.000 309.034  6.909 -11.164 -0.829
-999.0000000  765.000 310.169  6.083 -10.622 -0.568
-999.0000000  740.000 311.271  5.621  -9.866 -0.519
-999.0000000  715.000 312.417  5.239  -9.087 -0.628
-999.0000000  690.000 313.658  4.700  -8.338 -0.718
-999.0000000  665.000 315.002  3.963  -7.649 -0.726
-999.0000000  640.000 316.389  3.323  -7.096 -0.519
-999.0000000  615.000 317.822  2.781  -6.768 -0.060
-999.0000000  590.000 319.483  2.248  -6.858  0.362
-999.0000000  565.000 321.427  1.697  -7.531  0.639
-999.0000000  540.000 323.511  1.237  -8.821  0.653
-999.0000000  515.000 325.657  0.860 -10.730  0.328
-999.0000000  490.000 327.699  0.631 -12.649 -0.275
-999.0000000  465.000 329.568  0.561 -14.166 -1.181
-999.0000000  440.000 331.428  0.493 -14.525 -2.377
-999.0000000  415.000 333.316  0.428 -13.442 -3.765
-999.0000000  390.000 335.242  0.366 -11.503 -4.896
-999.0000000  365.000 337.136  0.307  -9.088 -5.430
-999.0000000  340.000 338.833  0.298  -6.860 -5.000
-999.0000000  315.000 340.292  0.320  -5.016 -3.520
-999.0000000  290.000 341.733  0.309  -3.193 -1.403
-999.0000000  265.000 343.281  0.276  -1.333  0.880
-999.0000000  240.000 344.865  0.193   0.163  2.484
-999.0000000  215.000 346.380  0.099   1.012  2.740
-999.0000000  190.000 347.935  0.046   1.212  1.799
-999.0000000  165.000 349.946  0.021   0.354 -0.148
-999.0000000  140.000 354.677  0.010  -2.535 -2.352
-999.0000000  115.000 368.102  0.005  -4.647 -3.274
-999.0000000   90.000 396.378  0.003  -1.096 -2.952
-999.0000000   65.000 444.885  0.004  -3.037 -1.232
-999.0000000   40.000 532.990  0.014 -14.291 -0.039
-999.0000000   15.000 720.996  0.067 -25.755  1.057
257.75  45   1003.52  day,levels,pres0
-999.0000000 1115.000 291.487 14.758  -3.134 -1.188
-999.0000000 1090.000 293.382 14.758  -3.134 -1.188
-999.0000000 1065.000 295.333 14.758  -3.134 -1.188
-999.0000000 1040.000 297.344 14.758  -3.134 -1.188
-999.0000000 1015.000 299.419 14.758  -3.134 -1.188
-999.0000000  990.000 301.560 14.758  -3.134 -1.188
-999.0000000  965.000 302.374 15.413  -4.010 -1.536
-999.0000000  940.000 303.062 16.097  -4.535 -1.807
-999.0000000  915.000 303.927 15.556  -5.252 -2.053
-999.0000000  890.000 305.103 13.803  -6.290 -2.202
-999.0000000  865.000 306.316 11.634  -7.486 -2.161
-999.0000000  840.000 307.688  9.089  -8.713 -1.855
-999.0000000  815.000 308.955  7.172  -9.467 -1.306
-999.0000000  790.000 310.063  6.007  -9.631 -0.766
-999.0000000  765.000 311.120  5.273  -9.387 -0.428
-999.0000000  740.000 312.172  4.765  -8.930 -0.316
-999.0000000  715.000 313.251  4.348  -8.400 -0.342
-999.0000000  690.000 314.359  3.922  -7.834 -0.368
-999.0000000  665.000 315.487  3.479  -7.244 -0.364
-999.0000000  640.000 316.665  3.014  -6.748 -0.307
-999.0000000  615.000 317.932  2.522  -6.450 -0.182
-999.0000000  590.000 319.515  2.055  -6.604 -0.024
-999.0000000  565.000 321.485  1.586  -7.384  0.147
-999.0000000  540.000 323.623  1.252  -8.753  0.235
-999.0000000  515.000 325.828  1.055 -10.689  0.152
-999.0000000  490.000 327.935  0.888 -12.624 -0.277
-999.0000000  465.000 329.868  0.755 -14.170 -1.136
-999.0000000  440.000 331.771  0.613 -14.624 -2.291
-999.0000000  415.000 333.670  0.466 -13.729 -3.604
-999.0000000  390.000 335.577  0.363 -12.064 -4.641
-999.0000000  365.000 337.434  0.297  -9.953 -5.071
-999.0000000  340.000 339.105  0.271  -7.882 -4.544
-999.0000000  315.000 340.553  0.270  -6.011 -2.995
-999.0000000  290.000 341.952  0.262  -4.146 -0.876
-999.0000000  265.000 343.427  0.246  -2.318  1.312
-999.0000000  240.000 344.989  0.177  -0.990  2.689
-999.0000000  215.000 346.568  0.093  -0.582  2.643
-999.0000000  190.000 348.165  0.043  -1.023  1.501
-999.0000000  165.000 350.068  0.021  -2.172 -0.498
-999.0000000  140.000 354.573  0.010  -4.540 -2.825
-999.0000000  115.000 367.785  0.005  -5.514 -3.915
-999.0000000   90.000 396.136  0.004  -0.875 -3.362
-999.0000000   65.000 444.870  0.004  -2.355 -1.334
-999.0000000   40.000 533.437  0.014 -13.720  0.220
-999.0000000   15.000 721.736  0.068 -25.391  1.283
257.875  45   1002.26  day,levels,pres0
-999.0000000 1115.000 291.794 15.232  -3.100 -0.982
-999.0000000 1090.000 293.691 15.232  -3.100 -0.982
-999.0000000 1065.000 295.644 15.232  -3.100 -0.982
-999.0000000 1040.000 297.658 15.232  -3.100 -0.982
-999.0000000 1015.000 299.734 15.232  -3.100 -0.982
-999.0000000  990.000 301.878 15.232  -3.100 -0.982
-999.0000000  965.000 302.752 15.425  -4.250 -1.378
-999.0000000  940.000 303.301 15.836  -4.875 -1.619
-999.0000000  915.000 303.977 15.472  -5.598 -1.839
-999.0000000  890.000 304.994 14.016  -6.599 -2.006
-999.0000000  865.000 306.208 11.828  -7.778 -2.017
-999.0000000  840.000 307.587  9.255  -8.996 -1.792
-999.0000000  815.000 308.989  6.972  -9.919 -1.313
-999.0000000  790.000 310.270  5.395 -10.356 -0.743
-999.0000000  765.000 311.385  4.511 -10.295 -0.301
-999.0000000  740.000 312.375  4.070  -9.799 -0.106
-999.0000000  715.000 313.336  3.806  -9.037 -0.098
-999.0000000  690.000 314.349  3.510  -8.195 -0.076
-999.0000000  665.000 315.430  3.178  -7.322  0.005
-999.0000000  640.000 316.636  2.793  -6.679  0.155
-999.0000000  615.000 318.020  2.344  -6.428  0.383
-999.0000000  590.000 319.736  1.911  -6.781  0.629
-999.0000000  565.000 321.822  1.461  -7.902  0.858
-999.0000000  540.000 323.980  1.112  -9.604  0.962
-999.0000000  515.000 326.085  0.870 -11.802  0.840
-999.0000000  490.000 328.087  0.690 -13.857  0.327
-999.0000000  465.000 329.958  0.580 -15.331 -0.648
-999.0000000  440.000 331.868  0.478 -15.510 -1.858
-999.0000000  415.000 333.847  0.385 -14.158 -3.150
-999.0000000  390.000 335.864  0.308 -12.038 -4.193
-999.0000000  365.000 337.814  0.246  -9.606 -4.730
-999.0000000  340.000 339.481  0.234  -7.512 -4.493
-999.0000000  315.000 340.804  0.252  -5.927 -3.391
-999.0000000  290.000 342.031  0.255  -4.415 -1.659
-999.0000000  265.000 343.347  0.244  -2.875  0.323
-999.0000000  240.000 344.834  0.179  -1.733  1.698
-999.0000000  215.000 346.490  0.093  -1.360  1.836
-999.0000000  190.000 348.276  0.041  -1.538  0.971
-999.0000000  165.000 350.387  0.020  -1.988 -0.644
-999.0000000  140.000 354.808  0.009  -3.555 -2.477
-999.0000000  115.000 367.592  0.005  -4.362 -3.337
-999.0000000   90.000 395.893  0.004  -0.376 -2.971
-999.0000000   65.000 444.599  0.003  -2.420 -1.309
-999.0000000   40.000 533.437  0.014 -13.990  0.252
-999.0000000   15.000 721.288  0.067 -25.517  1.367
258.0  45   1004.40  day,levels,pres0
-999.0000000 1115.000 292.102 15.718  -3.062 -0.782
-999.0000000 1090.000 294.001 15.718  -3.062 -0.782
-999.0000000 1065.000 295.957 15.718  -3.062 -0.782
-999.0000000 1040.000 297.972 15.718  -3.062 -0.782
-999.0000000 1015.000 300.051 15.718  -3.062 -0.782
-999.0000000  990.000 302.197 15.718  -3.062 -0.782
-999.0000000  965.000 303.132 15.429  -4.485 -1.225
-999.0000000  940.000 303.540 15.560  -5.211 -1.433
-999.0000000  915.000 304.027 15.385  -5.944 -1.621
-999.0000000  890.000 304.885 14.226  -6.914 -1.807
-999.0000000  865.000 306.100 12.018  -8.083 -1.872
-999.0000000  840.000 307.486  9.413  -9.301 -1.735
-999.0000000  815.000 309.023  6.764 -10.392 -1.332
-999.0000000  790.000 310.478  4.760 -11.094 -0.728
-999.0000000  765.000 311.650  3.720 -11.209 -0.180
-999.0000000  740.000 312.578  3.356 -10.670  0.101
-999.0000000  715.000 313.419  3.258  -9.676  0.143
-999.0000000  690.000 314.338  3.099  -8.558  0.214
-999.0000000  665.000 315.374  2.880  -7.403  0.374
-999.0000000  640.000 316.609  2.574  -6.611  0.617
-999.0000000  615.000 318.110  2.164  -6.410  0.949
-999.0000000  590.000 319.959  1.761  -6.961  1.283
-999.0000000  565.000 322.161  1.329  -8.422  1.570
-999.0000000  540.000 324.338  0.965 -10.457  1.690
-999.0000000  515.000 326.343  0.677 -12.915  1.531
-999.0000000  490.000 328.240  0.487 -15.090  0.931
-999.0000000  465.000 330.049  0.403 -16.492 -0.160
-999.0000000  440.000 331.964  0.341 -16.397 -1.425
-999.0000000  415.000 334.023  0.301 -14.590 -2.697
-999.0000000  390.000 336.149  0.251 -12.015 -3.746
-999.0000000  365.000 338.192  0.191  -9.261 -4.388
-999.0000000  340.000 339.855  0.194  -7.144 -4.442
-999.0000000  315.000 341.054  0.234  -5.843 -3.788
-999.0000000  290.000 342.109  0.248  -4.684 -2.442
-999.0000000  265.000 343.266  0.242  -3.431 -0.665
-999.0000000  240.000 344.679  0.181  -2.476  0.708
-999.0000000  215.000 346.414  0.094  -2.136  1.031
-999.0000000  190.000 348.387  0.039  -2.053  0.442
-999.0000000  165.000 350.705  0.019  -1.804 -0.788
-999.0000000  140.000 355.043  0.009  -2.569 -2.129
-999.0000000  115.000 367.399  0.005  -3.209 -2.759
-999.0000000   90.000 395.650  0.005   0.124 -2.580
-999.0000000   65.000 444.329  0.003  -2.486 -1.284
-999.0000000   40.000 533.437  0.014 -14.259  0.283
-999.0000000   15.000 720.843  0.066 -25.642  1.451
258.125  45   1005.56  day,levels,pres0
-999.0000000 1115.000 291.676 15.468  -2.524 -1.419
-999.0000000 1090.000 293.572 15.468  -2.524 -1.419
-999.0000000 1065.000 295.525 15.468  -2.524 -1.419
-999.0000000 1040.000 297.537 15.468  -2.524 -1.419
-999.0000000 1015.000 299.613 15.468  -2.524 -1.419
-999.0000000  990.000 301.755 15.468  -2.524 -1.419
-999.0000000  965.000 303.079 15.115  -4.083 -1.940
-999.0000000  940.000 303.512 15.169  -5.033 -2.183
-999.0000000  915.000 303.958 14.935  -5.946 -2.387
-999.0000000  890.000 304.701 14.102  -7.023 -2.576
-999.0000000  865.000 305.698 12.691  -8.239 -2.650
-999.0000000  840.000 306.826 10.941  -9.459 -2.509
-999.0000000  815.000 308.127  8.794 -10.518 -2.077
-999.0000000  790.000 309.580  6.528 -11.198 -1.400
-999.0000000  765.000 311.026  4.670 -11.294 -0.690
-999.0000000  740.000 312.202  3.711 -10.685 -0.206
-999.0000000  715.000 313.133  3.441  -9.558  0.033
-999.0000000  690.000 314.100  3.147  -8.292  0.261
-999.0000000  665.000 315.153  2.834  -7.003  0.526
-999.0000000  640.000 316.393  2.491  -6.221  0.863
-999.0000000  615.000 317.882  2.107  -6.216  1.279
-999.0000000  590.000 319.694  1.729  -6.990  1.663
-999.0000000  565.000 321.825  1.325  -8.648  1.979
-999.0000000  540.000 323.897  0.974 -10.754  2.232
-999.0000000  515.000 325.784  0.681 -13.124  2.325
-999.0000000  490.000 327.682  0.494 -15.130  1.903
-999.0000000  465.000 329.635  0.419 -16.323  0.854
-999.0000000  440.000 331.661  0.362 -16.087 -0.440
-999.0000000  415.000 333.747  0.324 -14.227 -1.725
-999.0000000  390.000 335.896  0.272 -11.582 -2.530
-999.0000000  365.000 337.988  0.206  -8.737 -2.711
-999.0000000  340.000 339.719  0.200  -6.627 -2.602
-999.0000000  315.000 340.980  0.231  -5.466 -2.302
-999.0000000  290.000 342.045  0.248  -4.496 -1.711
-999.0000000  265.000 343.138  0.250  -3.407 -0.875
-999.0000000  240.000 344.453  0.188  -2.529 -0.163
-999.0000000  215.000 346.088  0.100  -2.263  0.130
-999.0000000  190.000 348.004  0.041  -2.291  0.167
-999.0000000  165.000 350.399  0.017  -2.008  0.066
-999.0000000  140.000 354.836  0.008  -2.620 -0.270
-999.0000000  115.000 367.319  0.005  -3.174 -0.889
-999.0000000   90.000 395.931  0.005   0.323 -1.603
-999.0000000   65.000 444.901  0.003  -1.998 -0.960
-999.0000000   40.000 533.738  0.014 -13.374  0.598
-999.0000000   15.000 720.607  0.066 -24.627  2.013
258.25  45   1004.87  day,levels,pres0
-999.0000000 1115.000 291.250 15.218  -1.985 -2.053
-999.0000000 1090.000 293.144 15.218  -1.985 -2.053
-999.0000000 1065.000 295.093 15.218  -1.985 -2.053
-999.0000000 1040.000 297.103 15.218  -1.985 -2.053
-999.0000000 1015.000 299.176 15.218  -1.985 -2.053
-999.0000000  990.000 301.315 15.218  -1.985 -2.053
-999.0000000  965.000 303.028 14.803  -3.685 -2.653
-999.0000000  940.000 303.482 14.779  -4.861 -2.934
-999.0000000  915.000 303.889 14.487  -5.954 -3.157
-999.0000000  890.000 304.517 13.978  -7.134 -3.346
-999.0000000  865.000 305.295 13.320  -8.391 -3.426
-999.0000000  840.000 306.166 12.327  -9.609 -3.276
-999.0000000  815.000 307.230 10.582 -10.634 -2.813
-999.0000000  790.000 308.684  8.088 -11.295 -2.064
-999.0000000  765.000 310.402  5.540 -11.379 -1.192
-999.0000000  740.000 311.826  4.048 -10.703 -0.505
-999.0000000  715.000 312.849  3.617  -9.442 -0.071
-999.0000000  690.000 313.862  3.194  -8.029  0.311
-999.0000000  665.000 314.934  2.789  -6.605  0.677
-999.0000000  640.000 316.176  2.410  -5.833  1.105
-999.0000000  615.000 317.655  2.051  -6.021  1.604
-999.0000000  590.000 319.430  1.698  -7.019  2.039
-999.0000000  565.000 321.488  1.321  -8.872  2.383
-999.0000000  540.000 323.454  0.981 -11.051  2.770
-999.0000000  515.000 325.225  0.683 -13.333  3.115
-999.0000000  490.000 327.124  0.500 -15.169  2.872
-999.0000000  465.000 329.220  0.434 -16.153  1.866
-999.0000000  440.000 331.357  0.382 -15.777  0.544
-999.0000000  415.000 333.470  0.345 -13.863 -0.755
-999.0000000  390.000 335.641  0.291 -11.149 -1.315
-999.0000000  365.000 337.783  0.221  -8.213 -1.035
-999.0000000  340.000 339.582  0.207  -6.110 -0.762
-999.0000000  315.000 340.907  0.228  -5.088 -0.817
-999.0000000  290.000 341.979  0.249  -4.309 -0.980
-999.0000000  265.000 343.008  0.258  -3.382 -1.085
-999.0000000  240.000 344.229  0.195  -2.583 -1.034
-999.0000000  215.000 345.762  0.106  -2.390 -0.772
-999.0000000  190.000 347.620  0.043  -2.529 -0.109
-999.0000000  165.000 350.095  0.016  -2.213  0.918
-999.0000000  140.000 354.629  0.007  -2.670  1.588
-999.0000000  115.000 367.238  0.005  -3.140  0.980
-999.0000000   90.000 396.211  0.006   0.522 -0.626
-999.0000000   65.000 445.473  0.003  -1.510 -0.635
-999.0000000   40.000 534.036  0.015 -12.489  0.912
-999.0000000   15.000 720.372  0.065 -23.612  2.575
258.375  45   1004.98  day,levels,pres0
-999.0000000 1115.000 291.020 15.577  -2.170 -1.199
-999.0000000 1090.000 292.911 15.577  -2.170 -1.199
-999.0000000 1065.000 294.860 15.577  -2.170 -1.199
-999.0000000 1040.000 296.868 15.577  -2.170 -1.199
-999.0000000 1015.000 298.939 15.577  -2.170 -1.199
-999.0000000  990.000 301.076 15.577  -2.170 -1.199
-999.0000000  965.000 302.770 14.584  -4.056 -1.701
-999.0000000  940.000 303.365 14.362  -5.327 -2.073
-999.0000000  915.000 303.810 14.025  -6.449 -2.418
-999.0000000  890.000 304.339 13.580  -7.556 -2.732
-999.0000000  865.000 304.961 13.065  -8.660 -2.933
-999.0000000  840.000 305.644 12.434  -9.708 -2.871
-999.0000000  815.000 306.446 11.315 -10.597 -2.416
-999.0000000  790.000 307.726  9.204 -11.134 -1.611
-999.0000000  765.000 309.560  6.450 -11.075 -0.672
-999.0000000  740.000 311.229  4.541 -10.278  0.090
-999.0000000  715.000 312.508  3.736  -8.947  0.616
-999.0000000  690.000 313.731  3.096  -7.562  1.081
-999.0000000  665.000 314.942  2.652  -6.300  1.494
-999.0000000  640.000 316.291  2.250  -5.797  1.798
-999.0000000  615.000 317.832  1.885  -6.339  1.967
-999.0000000  590.000 319.586  1.543  -7.535  2.094
-999.0000000  565.000 321.538  1.205  -9.361  2.229
-999.0000000  540.000 323.456  0.918 -11.436  2.537
-999.0000000  515.000 325.279  0.687 -13.558  2.942
-999.0000000  490.000 327.220  0.535 -15.147  2.773
-999.0000000  465.000 329.309  0.463 -15.823  1.833
-999.0000000  440.000 331.395  0.405 -15.283  0.640
-999.0000000  415.000 333.411  0.360 -13.412 -0.439
-999.0000000  390.000 335.449  0.299 -10.819 -0.716
-999.0000000  365.000 337.450  0.224  -8.017 -0.129
-999.0000000  340.000 339.183  0.203  -6.007  0.357
-999.0000000  315.000 340.545  0.218  -5.056  0.341
-999.0000000  290.000 341.679  0.241  -4.456 -0.006
-999.0000000  265.000 342.759  0.257  -3.845 -0.472
-999.0000000  240.000 344.023  0.193  -3.337 -0.700
-999.0000000  215.000 345.593  0.103  -3.182 -0.430
-999.0000000  190.000 347.530  0.041  -3.093  0.368
-999.0000000  165.000 350.108  0.014  -2.635  1.283
-999.0000000  140.000 354.617  0.006  -3.120  1.512
-999.0000000  115.000 366.891  0.005  -3.488  0.487
-999.0000000   90.000 395.473  0.006   0.367 -1.212
-999.0000000   65.000 445.110  0.003  -1.758 -0.842
-999.0000000   40.000 532.970  0.014 -12.600  0.363
-999.0000000   15.000 718.848  0.062 -23.689  1.900
258.5  45   1007.00  day,levels,pres0
-999.0000000 1115.000 290.789 15.923  -2.356 -0.347
-999.0000000 1090.000 292.679 15.923  -2.356 -0.347
-999.0000000 1065.000 294.626 15.923  -2.356 -0.347
-999.0000000 1040.000 296.632 15.923  -2.356 -0.347
-999.0000000 1015.000 298.702 15.923  -2.356 -0.347
-999.0000000  990.000 300.838 15.923  -2.356 -0.347
-999.0000000  965.000 302.513 14.366  -4.430 -0.744
-999.0000000  940.000 303.247 13.949  -5.796 -1.206
-999.0000000  915.000 303.731 13.564  -6.949 -1.673
-999.0000000  890.000 304.161 13.186  -7.981 -2.110
-999.0000000  865.000 304.625 12.812  -8.929 -2.430
-999.0000000  840.000 305.119 12.517  -9.803 -2.453
-999.0000000  815.000 305.659 11.947 -10.553 -2.008
-999.0000000  790.000 306.766 10.158 -10.966 -1.149
-999.0000000  765.000 308.718  7.251 -10.767 -0.148
-999.0000000  740.000 310.630  4.991  -9.848  0.685
-999.0000000  715.000 312.169  3.849  -8.448  1.300
-999.0000000  690.000 313.602  2.999  -7.092  1.849
-999.0000000  665.000 314.952  2.516  -5.993  2.311
-999.0000000  640.000 316.407  2.087  -5.759  2.492
-999.0000000  615.000 318.010  1.716  -6.655  2.330
-999.0000000  590.000 319.743  1.385  -8.049  2.151
-999.0000000  565.000 321.587  1.087  -9.849  2.075
-999.0000000  540.000 323.459  0.855 -11.820  2.303
-999.0000000  515.000 325.332  0.691 -13.782  2.768
-999.0000000  490.000 327.314  0.570 -15.124  2.673
-999.0000000  465.000 329.397  0.492 -15.494  1.800
-999.0000000  440.000 331.433  0.427 -14.791  0.735
-999.0000000  415.000 333.353  0.375 -12.963 -0.124
-999.0000000  390.000 335.258  0.306 -10.490 -0.116
-999.0000000  365.000 337.116  0.227  -7.821  0.777
-999.0000000  340.000 338.784  0.200  -5.903  1.475
-999.0000000  315.000 340.182  0.209  -5.023  1.499
-999.0000000  290.000 341.377  0.234  -4.604  0.967
-999.0000000  265.000 342.506  0.255  -4.309  0.141
-999.0000000  240.000 343.816  0.192  -4.091 -0.365
-999.0000000  215.000 345.426  0.099  -3.973 -0.088
-999.0000000  190.000 347.443  0.038  -3.656  0.845
-999.0000000  165.000 350.123  0.012  -3.056  1.647
-999.0000000  140.000 354.607  0.006  -3.570  1.436
-999.0000000  115.000 366.542  0.005  -3.837 -0.006
-999.0000000   90.000 394.735  0.005   0.212 -1.799
-999.0000000   65.000 444.746  0.003  -2.005 -1.050
-999.0000000   40.000 531.902  0.013 -12.712 -0.186
-999.0000000   15.000 717.324  0.058 -23.767  1.225
258.625  45   1006.55  day,levels,pres0
-999.0000000 1115.000 292.084 15.641  -2.614 -0.812
-999.0000000 1090.000 293.983 15.641  -2.614 -0.812
-999.0000000 1065.000 295.938 15.641  -2.614 -0.812
-999.0000000 1040.000 297.953 15.641  -2.614 -0.812
-999.0000000 1015.000 300.032 15.641  -2.614 -0.812
-999.0000000  990.000 302.177 15.641  -2.614 -0.812
-999.0000000  965.000 303.145 14.700  -4.095 -1.215
-999.0000000  940.000 303.719 14.547  -5.101 -1.581
-999.0000000  915.000 304.202 14.347  -5.926 -1.891
-999.0000000  890.000 304.750 13.824  -6.718 -2.086
-999.0000000  865.000 305.496 12.954  -7.493 -2.071
-999.0000000  840.000 306.266 12.195  -8.096 -1.815
-999.0000000  815.000 307.027 11.309  -8.560 -1.299
-999.0000000  790.000 308.114  9.543  -8.851 -0.513
-999.0000000  765.000 309.713  7.067  -8.789  0.376
-999.0000000  740.000 311.323  5.131  -8.251  1.121
-999.0000000  715.000 312.721  4.064  -7.386  1.662
-999.0000000  690.000 314.040  3.284  -6.671  2.078
-999.0000000  665.000 315.279  2.847  -6.292  2.337
-999.0000000  640.000 316.613  2.420  -6.554  2.394
-999.0000000  615.000 318.090  1.998  -7.623  2.239
-999.0000000  590.000 319.761  1.620  -9.053  2.171
-999.0000000  565.000 321.641  1.275 -10.769  2.279
-999.0000000  540.000 323.639  0.980 -12.560  2.492
-999.0000000  515.000 325.709  0.733 -14.235  2.692
-999.0000000  490.000 327.801  0.574 -15.205  2.373
-999.0000000  465.000 329.843  0.509 -15.159  1.437
-999.0000000  440.000 331.752  0.451 -14.167  0.513
-999.0000000  415.000 333.488  0.402 -12.246 -0.052
-999.0000000  390.000 335.216  0.334  -9.827  0.085
-999.0000000  365.000 336.952  0.253  -7.299  0.835
-999.0000000  340.000 338.611  0.216  -5.442  1.261
-999.0000000  315.000 340.121  0.208  -4.499  1.022
-999.0000000  290.000 341.480  0.211  -4.015  0.460
-999.0000000  265.000 342.765  0.213  -3.680 -0.066
-999.0000000  240.000 344.145  0.152  -3.314 -0.019
-999.0000000  215.000 345.725  0.076  -2.871  0.823
-999.0000000  190.000 347.715  0.031  -2.389  1.945
-999.0000000  165.000 350.436  0.011  -2.124  2.519
-999.0000000  140.000 355.017  0.006  -3.174  2.231
-999.0000000  115.000 366.991  0.005  -3.681  1.129
-999.0000000   90.000 394.888  0.005   0.498 -0.538
-999.0000000   65.000 444.442  0.003  -1.411 -0.211
-999.0000000   40.000 532.295  0.013 -11.896 -0.268
-999.0000000   15.000 718.639  0.061 -22.831  0.715
258.75  45   1002.99  day,levels,pres0
-999.0000000 1115.000 293.380 15.183  -2.866 -1.289
-999.0000000 1090.000 295.287 15.183  -2.866 -1.289
-999.0000000 1065.000 297.251 15.183  -2.866 -1.289
-999.0000000 1040.000 299.275 15.183  -2.866 -1.289
-999.0000000 1015.000 301.363 15.183  -2.866 -1.289
-999.0000000  990.000 303.518 15.183  -2.866 -1.289
-999.0000000  965.000 303.781 15.034  -3.755 -1.686
-999.0000000  940.000 304.195 15.168  -4.404 -1.954
-999.0000000  915.000 304.674 15.164  -4.903 -2.107
-999.0000000  890.000 305.338 14.487  -5.457 -2.056
-999.0000000  865.000 306.365 13.066  -6.062 -1.703
-999.0000000  840.000 307.412 11.750  -6.396 -1.175
-999.0000000  815.000 308.392 10.454  -6.573 -0.593
-999.0000000  790.000 309.461  8.735  -6.746  0.120
-999.0000000  765.000 310.708  6.824  -6.815  0.886
-999.0000000  740.000 312.016  5.267  -6.648  1.538
-999.0000000  715.000 313.274  4.286  -6.312  2.007
-999.0000000  690.000 314.479  3.580  -6.234  2.294
-999.0000000  665.000 315.609  3.191  -6.576  2.358
-999.0000000  640.000 316.822  2.761  -7.334  2.296
-999.0000000  615.000 318.174  2.283  -8.578  2.146
-999.0000000  590.000 319.783  1.857 -10.046  2.190
-999.0000000  565.000 321.699  1.463 -11.686  2.480
-999.0000000  540.000 323.823  1.108 -13.300  2.679
-999.0000000  515.000 326.089  0.776 -14.690  2.613
-999.0000000  490.000 328.286  0.578 -15.290  2.069
-999.0000000  465.000 330.288  0.526 -14.829  1.070
-999.0000000  440.000 332.070  0.476 -13.547  0.287
-999.0000000  415.000 333.623  0.431 -11.531  0.018
-999.0000000  390.000 335.175  0.362  -9.165  0.283
-999.0000000  365.000 336.791  0.279  -6.779  0.889
-999.0000000  340.000 338.438  0.231  -4.981  1.042
-999.0000000  315.000 340.058  0.207  -3.975  0.543
-999.0000000  290.000 341.579  0.188  -3.425 -0.049
-999.0000000  265.000 343.018  0.169  -3.052 -0.275
-999.0000000  240.000 344.471  0.111  -2.537  0.326
-999.0000000  215.000 346.021  0.052  -1.768  1.733
-999.0000000  190.000 347.983  0.024  -1.120  3.043
-999.0000000  165.000 350.746  0.011  -1.188  3.387
-999.0000000  140.000 355.426  0.006  -2.777  3.025
-999.0000000  115.000 367.440  0.004  -3.524  2.265
-999.0000000   90.000 395.043  0.005   0.783  0.722
-999.0000000   65.000 444.139  0.003  -0.816  0.628
-999.0000000   40.000 532.689  0.014 -11.079 -0.349
-999.0000000   15.000 719.953  0.064 -21.895  0.205
258.875  45   1001.43  day,levels,pres0
-999.0000000 1115.000 293.289 15.386  -2.059 -0.146
-999.0000000 1090.000 295.195 15.386  -2.059 -0.146
-999.0000000 1065.000 297.159 15.386  -2.059 -0.146
-999.0000000 1040.000 299.182 15.386  -2.059 -0.146
-999.0000000 1015.000 301.270 15.386  -2.059 -0.146
-999.0000000  990.000 303.424 15.386  -2.059 -0.146
-999.0000000  965.000 304.055 14.934  -3.201 -0.574
-999.0000000  940.000 304.505 14.931  -3.961 -0.954
-999.0000000  915.000 304.940 14.807  -4.572 -1.200
-999.0000000  890.000 305.470 14.289  -5.161 -1.214
-999.0000000  865.000 306.271 13.244  -5.741 -0.926
-999.0000000  840.000 307.187 11.997  -6.172 -0.478
-999.0000000  815.000 308.061 10.655  -6.470 -0.022
-999.0000000  790.000 309.015  8.994  -6.736  0.539
-999.0000000  765.000 310.220  7.017  -6.960  1.137
-999.0000000  740.000 311.546  5.396  -6.928  1.542
-999.0000000  715.000 312.841  4.432  -6.642  1.689
-999.0000000  690.000 314.072  3.741  -6.490  1.665
-999.0000000  665.000 315.207  3.367  -6.612  1.463
-999.0000000  640.000 316.406  2.944  -7.140  1.266
-999.0000000  615.000 317.725  2.467  -8.189  1.154
-999.0000000  590.000 319.291  1.996  -9.593  1.325
-999.0000000  565.000 321.162  1.505 -11.331  1.810
-999.0000000  540.000 323.267  1.073 -13.093  2.162
-999.0000000  515.000 325.564  0.683 -14.614  2.173
-999.0000000  490.000 327.875  0.465 -15.155  1.654
-999.0000000  465.000 330.072  0.435 -14.419  0.658
-999.0000000  440.000 332.039  0.412 -12.914 -0.016
-999.0000000  415.000 333.731  0.396 -10.818 -0.064
-999.0000000  390.000 335.410  0.347  -8.462  0.356
-999.0000000  365.000 337.150  0.274  -6.169  0.945
-999.0000000  340.000 338.916  0.229  -4.587  0.862
-999.0000000  315.000 340.635  0.204  -3.873  0.019
-999.0000000  290.000 342.203  0.171  -3.501 -0.611
-999.0000000  265.000 343.642  0.136  -3.133 -0.457
-999.0000000  240.000 345.112  0.086  -2.613  0.636
-999.0000000  215.000 346.715  0.045  -2.013  2.417
-999.0000000  190.000 348.655  0.027  -1.638  4.002
-999.0000000  165.000 351.177  0.015  -1.760  4.580
-999.0000000  140.000 355.292  0.008  -3.020  4.210
-999.0000000  115.000 366.462  0.005  -3.381  2.905
-999.0000000   90.000 393.509  0.005   1.029  0.780
-999.0000000   65.000 443.021  0.004  -0.495  0.358
-999.0000000   40.000 532.351  0.014 -11.501 -0.489
-999.0000000   15.000 720.348  0.065 -22.611  0.073
259.0  45   1004.54  day,levels,pres0
-999.0000000 1115.000 293.202 15.582  -1.251  1.001
-999.0000000 1090.000 295.108 15.582  -1.251  1.001
-999.0000000 1065.000 297.070 15.582  -1.251  1.001
-999.0000000 1040.000 299.094 15.582  -1.251  1.001
-999.0000000 1015.000 301.180 15.582  -1.251  1.001
-999.0000000  990.000 303.334 15.582  -1.251  1.001
-999.0000000  965.000 304.334 14.825  -2.646  0.543
-999.0000000  940.000 304.816 14.679  -3.519  0.048
-999.0000000  915.000 305.206 14.434  -4.242 -0.292
-999.0000000  890.000 305.603 14.085  -4.866 -0.373
-999.0000000  865.000 306.176 13.418  -5.421 -0.154
-999.0000000  840.000 306.963 12.233  -5.944  0.207
-999.0000000  815.000 307.731 10.841  -6.361  0.535
-999.0000000  790.000 308.568  9.231  -6.724  0.948
-999.0000000  765.000 309.734  7.192  -7.104  1.388
-999.0000000  740.000 311.078  5.513  -7.205  1.552
-999.0000000  715.000 312.411  4.567  -6.965  1.376
-999.0000000  690.000 313.667  3.892  -6.738  1.038
-999.0000000  665.000 314.806  3.532  -6.641  0.569
-999.0000000  640.000 315.992  3.116  -6.940  0.236
-999.0000000  615.000 317.278  2.640  -7.796  0.163
-999.0000000  590.000 318.801  2.125  -9.136  0.463
-999.0000000  565.000 320.626  1.542 -10.972  1.141
-999.0000000  540.000 322.712  1.039 -12.884  1.647
-999.0000000  515.000 325.039  0.596 -14.539  1.736
-999.0000000  490.000 327.460  0.358 -15.021  1.240
-999.0000000  465.000 329.854  0.346 -14.011  0.246
-999.0000000  440.000 332.004  0.347 -12.282 -0.322
-999.0000000  415.000 333.837  0.360 -10.106 -0.148
-999.0000000  390.000 335.643  0.330  -7.758  0.426
-999.0000000  365.000 337.508  0.269  -5.560  1.000
-999.0000000  340.000 339.392  0.227  -4.192  0.681
-999.0000000  315.000 341.211  0.199  -3.770 -0.506
-999.0000000  290.000 342.828  0.152  -3.576 -1.174
-999.0000000  265.000 344.267  0.099  -3.213 -0.638
-999.0000000  240.000 345.755  0.058  -2.688  0.945
-999.0000000  215.000 347.411  0.037  -2.256  3.101
-999.0000000  190.000 349.330  0.031  -2.156  4.961
-999.0000000  165.000 351.611  0.020  -2.331  5.773
-999.0000000  140.000 355.159  0.010  -3.261  5.396
-999.0000000  115.000 365.485  0.006  -3.238  3.544
-999.0000000   90.000 391.973  0.005   1.275  0.838
-999.0000000   65.000 441.901  0.004  -0.174  0.088
-999.0000000   40.000 532.007  0.013 -11.922 -0.628
-999.0000000   15.000 720.740  0.066 -23.327 -0.059
259.125  45   1006.35  day,levels,pres0
-999.0000000 1115.000 292.852 15.316  -1.516  0.910
-999.0000000 1090.000 294.755 15.316  -1.516  0.910
-999.0000000 1065.000 296.716 15.316  -1.516  0.910
-999.0000000 1040.000 298.737 15.316  -1.516  0.910
-999.0000000 1015.000 300.821 15.316  -1.516  0.910
-999.0000000  990.000 302.972 15.316  -1.516  0.910
-999.0000000  965.000 304.524 14.439  -2.969  0.536
-999.0000000  940.000 305.223 14.307  -3.848 -0.052
-999.0000000  915.000 305.717 14.025  -4.512 -0.554
-999.0000000  890.000 306.096 13.650  -5.047 -0.844
-999.0000000  865.000 306.533 13.084  -5.566 -0.824
-999.0000000  840.000 307.165 12.029  -6.160 -0.582
-999.0000000  815.000 307.823 10.711  -6.738 -0.302
-999.0000000  790.000 308.592  9.196  -7.263  0.059
-999.0000000  765.000 309.725  7.183  -7.699  0.436
-999.0000000  740.000 311.039  5.465  -7.758  0.602
-999.0000000  715.000 312.327  4.437  -7.430  0.519
-999.0000000  690.000 313.511  3.761  -7.054  0.351
-999.0000000  665.000 314.542  3.493  -6.740  0.138
-999.0000000  640.000 315.615  3.131  -6.844  0.097
-999.0000000  615.000 316.789  2.675  -7.550  0.329
-999.0000000  590.000 318.197  2.179  -8.777  0.842
-999.0000000  565.000 319.908  1.618 -10.545  1.629
-999.0000000  540.000 321.919  1.137 -12.456  2.324
-999.0000000  515.000 324.236  0.712 -14.197  2.734
-999.0000000  490.000 326.707  0.445 -14.848  2.602
-999.0000000  465.000 329.212  0.350 -14.075  1.912
-999.0000000  440.000 331.485  0.316 -12.538  1.298
-999.0000000  415.000 333.412  0.344 -10.469  1.035
-999.0000000  390.000 335.211  0.338  -8.164  1.194
-999.0000000  365.000 336.971  0.305  -5.918  1.531
-999.0000000  340.000 338.810  0.269  -4.319  1.081
-999.0000000  315.000 340.715  0.230  -3.518 -0.186
-999.0000000  290.000 342.516  0.171  -3.060 -0.960
-999.0000000  265.000 344.169  0.106  -2.584 -0.551
-999.0000000  240.000 345.755  0.065  -1.869  1.011
-999.0000000  215.000 347.303  0.050  -1.174  3.346
-999.0000000  190.000 348.956  0.039  -0.908  5.559
-999.0000000  165.000 350.926  0.022  -1.037  6.432
-999.0000000  140.000 354.587  0.010  -1.963  5.359
-999.0000000  115.000 365.896  0.006  -1.972  3.025
-999.0000000   90.000 393.434  0.005   2.320  0.932
-999.0000000   65.000 443.562  0.004   0.410  0.442
-999.0000000   40.000 532.827  0.014 -11.290 -0.349
-999.0000000   15.000 721.016  0.067 -22.652 -0.433
259.25  45   1004.99  day,levels,pres0
-999.0000000 1115.000 292.507 15.056  -1.781  0.829
-999.0000000 1090.000 294.408 15.056  -1.781  0.829
-999.0000000 1065.000 296.366 15.056  -1.781  0.829
-999.0000000 1040.000 298.385 15.056  -1.781  0.829
-999.0000000 1015.000 300.466 15.056  -1.781  0.829
-999.0000000  990.000 302.615 15.056  -1.781  0.829
-999.0000000  965.000 304.716 14.044  -3.294  0.543
-999.0000000  940.000 305.629 13.906  -4.176 -0.137
-999.0000000  915.000 306.228 13.573  -4.778 -0.799
-999.0000000  890.000 306.587 13.170  -5.223 -1.300
-999.0000000  865.000 306.888 12.723  -5.703 -1.483
-999.0000000  840.000 307.365 11.812  -6.367 -1.366
-999.0000000  815.000 307.914 10.575  -7.109 -1.137
-999.0000000  790.000 308.616  9.159  -7.798 -0.830
-999.0000000  765.000 309.716  7.174  -8.291 -0.512
-999.0000000  740.000 310.999  5.415  -8.309 -0.343
-999.0000000  715.000 312.244  4.307  -7.890 -0.333
-999.0000000  690.000 313.355  3.632  -7.364 -0.332
-999.0000000  665.000 314.278  3.453  -6.834 -0.288
-999.0000000  640.000 315.239  3.143  -6.743 -0.036
-999.0000000  615.000 316.302  2.705  -7.302  0.504
-999.0000000  590.000 317.594  2.226  -8.417  1.231
-999.0000000  565.000 319.189  1.684 -10.120  2.127
-999.0000000  540.000 321.126  1.223 -12.030  3.010
-999.0000000  515.000 323.432  0.814 -13.857  3.738
-999.0000000  490.000 325.954  0.523 -14.677  3.968
-999.0000000  465.000 328.568  0.353 -14.139  3.582
-999.0000000  440.000 330.964  0.287 -12.795  2.919
-999.0000000  415.000 332.990  0.329 -10.832  2.218
-999.0000000  390.000 334.780  0.344  -8.570  1.962
-999.0000000  365.000 336.432  0.339  -6.276  2.064
-999.0000000  340.000 338.226  0.307  -4.444  1.484
-999.0000000  315.000 340.218  0.259  -3.266  0.136
-999.0000000  290.000 342.204  0.189  -2.544 -0.744
-999.0000000  265.000 344.073  0.113  -1.955 -0.461
-999.0000000  240.000 345.757  0.072  -1.049  1.079
-999.0000000  215.000 347.194  0.063  -0.091  3.592
-999.0000000  190.000 348.584  0.048   0.339  6.158
-999.0000000  165.000 350.244  0.024   0.258  7.091
-999.0000000  140.000 354.017  0.010  -0.664  5.323
-999.0000000  115.000 366.308  0.005  -0.706  2.505
-999.0000000   90.000 394.894  0.004   3.365  1.027
-999.0000000   65.000 445.224  0.004   0.994  0.796
-999.0000000   40.000 533.645  0.014 -10.658 -0.070
-999.0000000   15.000 721.291  0.067 -21.977 -0.807
259.375  45   1004.99  day,levels,pres0
-999.0000000 1115.000 291.569 15.799  -1.526  0.232
-999.0000000 1090.000 293.465 15.799  -1.526  0.232
-999.0000000 1065.000 295.417 15.799  -1.526  0.232
-999.0000000 1040.000 297.428 15.799  -1.526  0.232
-999.0000000 1015.000 299.503 15.799  -1.526  0.232
-999.0000000  990.000 301.645 15.799  -1.526  0.232
-999.0000000  965.000 303.740 14.311  -3.178 -0.101
-999.0000000  940.000 304.734 13.980  -4.160 -0.727
-999.0000000  915.000 305.389 13.573  -4.804 -1.346
-999.0000000  890.000 305.855 13.084  -5.231 -1.882
-999.0000000  865.000 306.246 12.586  -5.590 -2.226
-999.0000000  840.000 306.721 11.887  -6.033 -2.312
-999.0000000  815.000 307.271 10.933  -6.595 -2.184
-999.0000000  790.000 307.981  9.634  -7.222 -1.875
-999.0000000  765.000 309.049  7.733  -7.732 -1.444
-999.0000000  740.000 310.363  5.825  -7.806 -1.005
-999.0000000  715.000 311.745  4.342  -7.443 -0.611
-999.0000000  690.000 313.008  3.432  -6.925 -0.248
-999.0000000  665.000 314.080  3.190  -6.353  0.092
-999.0000000  640.000 315.171  2.881  -6.317  0.495
-999.0000000  615.000 316.331  2.508  -7.052  0.992
-999.0000000  590.000 317.696  2.124  -8.263  1.541
-999.0000000  565.000 319.342  1.716  -9.910  2.128
-999.0000000  540.000 321.322  1.327 -11.615  2.669
-999.0000000  515.000 323.661  0.930 -13.112  3.081
-999.0000000  490.000 326.185  0.627 -13.735  3.164
-999.0000000  465.000 328.764  0.419 -13.217  2.855
-999.0000000  440.000 331.109  0.317 -12.014  2.406
-999.0000000  415.000 333.070  0.328 -10.292  2.003
-999.0000000  390.000 334.776  0.337  -8.354  2.012
-999.0000000  365.000 336.313  0.347  -6.403  2.364
-999.0000000  340.000 337.961  0.323  -4.725  2.244
-999.0000000  315.000 339.806  0.280  -3.484  1.519
-999.0000000  290.000 341.737  0.209  -2.708  0.963
-999.0000000  265.000 343.658  0.129  -2.195  1.099
-999.0000000  240.000 345.411  0.086  -1.533  2.236
-999.0000000  215.000 346.887  0.073  -0.964  4.179
-999.0000000  190.000 348.302  0.050  -0.882  5.873
-999.0000000  165.000 350.024  0.024  -1.125  5.738
-999.0000000  140.000 354.245  0.010  -1.806  3.424
-999.0000000  115.000 367.362  0.006  -1.102  1.177
-999.0000000   90.000 396.060  0.004   3.656  0.628
-999.0000000   65.000 445.189  0.003   1.128  0.853
-999.0000000   40.000 532.150  0.013 -10.936  0.231
-999.0000000   15.000 718.529  0.061 -22.607 -0.415
259.5  45   1006.89  day,levels,pres0
-999.0000000 1115.000 290.633 16.400  -1.271 -0.361
-999.0000000 1090.000 292.522 16.400  -1.271 -0.361
-999.0000000 1065.000 294.468 16.400  -1.271 -0.361
-999.0000000 1040.000 296.473 16.400  -1.271 -0.361
-999.0000000 1015.000 298.541 16.400  -1.271 -0.361
-999.0000000  990.000 300.676 16.400  -1.271 -0.361
-999.0000000  965.000 302.766 14.495  -3.062 -0.740
-999.0000000  940.000 303.840 14.002  -4.143 -1.312
-999.0000000  915.000 304.549 13.534  -4.828 -1.886
-999.0000000  890.000 305.122 12.976  -5.236 -2.457
-999.0000000  865.000 305.604 12.437  -5.473 -2.964
-999.0000000  840.000 306.076 11.934  -5.695 -3.253
-999.0000000  815.000 306.627 11.244  -6.079 -3.227
-999.0000000  790.000 307.347 10.058  -6.646 -2.917
-999.0000000  765.000 308.381  8.233  -7.173 -2.372
-999.0000000  740.000 309.727  6.193  -7.302 -1.664
-999.0000000  715.000 311.246  4.371  -6.995 -0.887
-999.0000000  690.000 312.661  3.238  -6.484 -0.161
-999.0000000  665.000 313.883  2.933  -5.870  0.475
-999.0000000  640.000 315.102  2.621  -5.890  1.028
-999.0000000  615.000 316.360  2.311  -6.800  1.482
-999.0000000  590.000 317.800  2.020  -8.108  1.854
-999.0000000  565.000 319.495  1.747  -9.702  2.132
-999.0000000  540.000 321.516  1.434 -11.200  2.332
-999.0000000  515.000 323.889  1.049 -12.368  2.427
-999.0000000  490.000 326.417  0.734 -12.793  2.361
-999.0000000  465.000 328.959  0.486 -12.295  2.130
-999.0000000  440.000 331.253  0.348 -11.233  1.893
-999.0000000  415.000 333.153  0.327  -9.751  1.788
-999.0000000  390.000 334.772  0.331  -8.138  2.061
-999.0000000  365.000 336.193  0.354  -6.530  2.665
-999.0000000  340.000 337.694  0.339  -5.006  3.006
-999.0000000  315.000 339.394  0.298  -3.702  2.904
-999.0000000  290.000 341.269  0.228  -2.872  2.671
-999.0000000  265.000 343.244  0.144  -2.435  2.661
-999.0000000  240.000 345.065  0.099  -2.017  3.393
-999.0000000  215.000 346.581  0.082  -1.837  4.767
-999.0000000  190.000 348.019  0.053  -2.102  5.589
-999.0000000  165.000 349.805  0.023  -2.507  4.384
-999.0000000  140.000 354.475  0.010  -2.948  1.524
-999.0000000  115.000 368.418  0.006  -1.498 -0.152
-999.0000000   90.000 397.226  0.004   3.947  0.229
-999.0000000   65.000 445.154  0.003   1.263  0.910
-999.0000000   40.000 530.655  0.012 -11.214  0.533
-999.0000000   15.000 715.767  0.055 -23.238 -0.024
259.625  45   1006.34  day,levels,pres0
-999.0000000 1115.000 290.988 15.927  -1.331 -0.750
-999.0000000 1090.000 292.879 15.927  -1.331 -0.750
-999.0000000 1065.000 294.827 15.927  -1.331 -0.750
-999.0000000 1040.000 296.835 15.927  -1.331 -0.750
-999.0000000 1015.000 298.906 15.927  -1.331 -0.750
-999.0000000  990.000 301.043 15.927  -1.331 -0.750
-999.0000000  965.000 302.259 14.968  -2.450 -1.108
-999.0000000  940.000 303.167 14.791  -3.293 -1.607
-999.0000000  915.000 304.063 14.439  -3.960 -2.186
-999.0000000  890.000 304.906 13.917  -4.301 -2.591
-999.0000000  865.000 305.628 13.250  -4.415 -2.724
-999.0000000  840.000 306.345 12.312  -4.669 -2.718
-999.0000000  815.000 307.092 11.157  -5.125 -2.543
-999.0000000  790.000 307.934  9.719  -5.681 -2.176
-999.0000000  765.000 308.993  7.945  -6.203 -1.666
-999.0000000  740.000 310.262  6.139  -6.480 -1.100
-999.0000000  715.000 311.651  4.582  -6.486 -0.552
-999.0000000  690.000 313.000  3.555  -6.375 -0.097
-999.0000000  665.000 314.263  3.144  -6.209  0.236
-999.0000000  640.000 315.582  2.833  -6.411  0.535
-999.0000000  615.000 317.004  2.641  -7.123  0.827
-999.0000000  590.000 318.652  2.479  -8.044  1.175
-999.0000000  565.000 320.583  2.351  -9.102  1.596
-999.0000000  540.000 322.774  2.098 -10.090  2.012
-999.0000000  515.000 325.194  1.680 -10.861  2.365
-999.0000000  490.000 327.631  1.279 -11.112  2.523
-999.0000000  465.000 329.941  0.890 -10.696  2.445
-999.0000000  440.000 331.989  0.635  -9.809  2.291
-999.0000000  415.000 333.698  0.522  -8.543  2.184
-999.0000000  390.000 335.243  0.479  -7.182  2.364
-999.0000000  365.000 336.716  0.495  -5.874  2.830
-999.0000000  340.000 338.290  0.453  -4.723  3.177
-999.0000000  315.000 340.011  0.373  -3.845  3.279
-999.0000000  290.000 341.791  0.275  -3.393  3.337
-999.0000000  265.000 343.563  0.174  -3.304  3.562
-999.0000000  240.000 345.201  0.117  -3.288  4.227
-999.0000000  215.000 346.634  0.088  -3.410  5.114
-999.0000000  190.000 348.048  0.052  -3.817  5.182
-999.0000000  165.000 349.788  0.023  -4.301  3.309
-999.0000000  140.000 354.391  0.010  -4.567  0.472
-999.0000000  115.000 368.208  0.006  -2.478 -0.497
-999.0000000   90.000 396.647  0.003   3.778  0.379
-999.0000000   65.000 444.326  0.003   1.768  0.976
-999.0000000   40.000 530.334  0.012 -10.564  0.581
-999.0000000   15.000 716.145  0.056 -22.531  0.122
259.75  45   1003.02  day,levels,pres0
-999.0000000 1115.000 291.344 15.425  -1.394 -1.145
-999.0000000 1090.000 293.238 15.425  -1.394 -1.145
-999.0000000 1065.000 295.189 15.425  -1.394 -1.145
-999.0000000 1040.000 297.199 15.425  -1.394 -1.145
-999.0000000 1015.000 299.272 15.425  -1.394 -1.145
-999.0000000  990.000 301.412 15.425  -1.394 -1.145
-999.0000000  965.000 301.757 15.403  -1.850 -1.485
-999.0000000  940.000 302.495 15.495  -2.462 -1.913
-999.0000000  915.000 303.576 15.279  -3.109 -2.496
-999.0000000  890.000 304.688 14.830  -3.372 -2.735
-999.0000000  865.000 305.652 14.065  -3.360 -2.491
-999.0000000  840.000 306.613 12.698  -3.651 -2.190
-999.0000000  815.000 307.558 11.054  -4.181 -1.868
-999.0000000  790.000 308.520  9.338  -4.725 -1.445
-999.0000000  765.000 309.606  7.616  -5.241 -0.976
-999.0000000  740.000 310.798  6.066  -5.663 -0.557
-999.0000000  715.000 312.056  4.796  -5.979 -0.236
-999.0000000  690.000 313.340  3.882  -6.264 -0.049
-999.0000000  665.000 314.643  3.362  -6.541 -0.016
-999.0000000  640.000 316.063  3.056  -6.920  0.033
-999.0000000  615.000 317.649  2.995  -7.431  0.162
-999.0000000  590.000 319.504  2.981  -7.961  0.486
-999.0000000  565.000 321.673  3.028  -8.478  1.050
-999.0000000  540.000 324.032  2.860  -8.956  1.683
-999.0000000  515.000 326.500  2.409  -9.333  2.299
-999.0000000  490.000 328.846  1.904  -9.415  2.681
-999.0000000  465.000 330.923  1.343  -9.089  2.755
-999.0000000  440.000 332.726  0.948  -8.381  2.682
-999.0000000  415.000 334.244  0.729  -7.331  2.570
-999.0000000  390.000 335.716  0.635  -6.224  2.654
-999.0000000  365.000 337.240  0.644  -5.217  2.982
-999.0000000  340.000 338.885  0.575  -4.439  3.335
-999.0000000  315.000 340.626  0.453  -3.988  3.644
-999.0000000  290.000 342.313  0.326  -3.915  3.996
-999.0000000  265.000 343.880  0.206  -4.174  4.459
-999.0000000  240.000 345.331  0.136  -4.560  5.056
-999.0000000  215.000 346.681  0.093  -4.984  5.457
-999.0000000  190.000 348.068  0.051  -5.533  4.771
-999.0000000  165.000 349.765  0.022  -6.095  2.227
-999.0000000  140.000 354.307  0.010  -6.187 -0.586
-999.0000000  115.000 368.000  0.005  -3.458 -0.842
-999.0000000   90.000 396.068  0.003   3.609  0.528
-999.0000000   65.000 443.499  0.004   2.273  1.042
-999.0000000   40.000 530.013  0.012  -9.915  0.629
-999.0000000   15.000 716.524  0.057 -21.825  0.269
259.875  45   1002.52  day,levels,pres0
-999.0000000 1115.000 291.083 15.775  -0.750  0.002
-999.0000000 1090.000 292.975 15.775  -0.750  0.002
-999.0000000 1065.000 294.923 15.775  -0.750  0.002
-999.0000000 1040.000 296.932 15.775  -0.750  0.002
-999.0000000 1015.000 299.003 15.775  -0.750  0.002
-999.0000000  990.000 301.142 15.775  -0.750  0.002
-999.0000000  965.000 301.892 15.656  -1.334 -0.399
-999.0000000  940.000 302.698 15.625  -1.930 -1.015
-999.0000000  915.000 303.663 15.306  -2.552 -1.722
-999.0000000  890.000 304.625 14.719  -3.015 -2.074
-999.0000000  865.000 305.497 13.739  -3.388 -1.946
-999.0000000  840.000 306.476 12.174  -3.957 -1.659
-999.0000000  815.000 307.582 10.407  -4.630 -1.315
-999.0000000  790.000 308.682  8.653  -5.267 -0.948
-999.0000000  765.000 309.859  6.967  -5.832 -0.627
-999.0000000  740.000 311.068  5.564  -6.250 -0.460
-999.0000000  715.000 312.280  4.506  -6.527 -0.460
-999.0000000  690.000 313.492  3.753  -6.760 -0.585
-999.0000000  665.000 314.691  3.340  -6.970 -0.826
-999.0000000  640.000 315.970  3.090  -7.258 -0.936
-999.0000000  615.000 317.371  3.030  -7.656 -0.813
-999.0000000  590.000 319.044  3.017  -8.089 -0.414
-999.0000000  565.000 321.044  3.070  -8.534  0.298
-999.0000000  540.000 323.243  2.957  -8.949  1.122
-999.0000000  515.000 325.573  2.633  -9.286  1.953
-999.0000000  490.000 327.851  2.195  -9.438  2.508
-999.0000000  465.000 329.963  1.629  -9.321  2.676
-999.0000000  440.000 331.891  1.188  -8.882  2.587
-999.0000000  415.000 333.607  0.884  -8.115  2.341
-999.0000000  390.000 335.247  0.726  -7.220  2.236
-999.0000000  365.000 336.872  0.693  -6.293  2.378
-999.0000000  340.000 338.574  0.614  -5.409  2.658
-999.0000000  315.000 340.352  0.506  -4.667  2.993
-999.0000000  290.000 342.089  0.372  -4.236  3.276
-999.0000000  265.000 343.741  0.236  -4.161  3.496
-999.0000000  240.000 345.310  0.149  -4.300  3.723
-999.0000000  215.000 346.813  0.095  -4.534  3.719
-999.0000000  190.000 348.351  0.051  -4.839  2.860
-999.0000000  165.000 350.153  0.023  -5.092  0.865
-999.0000000  140.000 354.636  0.010  -4.939 -0.827
-999.0000000  115.000 367.998  0.005  -2.307 -0.533
-999.0000000   90.000 395.823  0.003   4.129  0.575
-999.0000000   65.000 443.562  0.004   2.108  0.828
-999.0000000   40.000 530.527  0.012 -10.784  0.519
-999.0000000   15.000 717.586  0.059 -22.882  0.348
260.0  45   1004.77  day,levels,pres0
-999.0000000 1115.000 290.824 16.115  -0.102  1.137
-999.0000000 1090.000 292.714 16.115  -0.102  1.137
-999.0000000 1065.000 294.661 16.115  -0.102  1.137
-999.0000000 1040.000 296.668 16.115  -0.102  1.137
-999.0000000 1015.000 298.737 16.115  -0.102  1.137
-999.0000000  990.000 300.874 16.115  -0.102  1.137
-999.0000000  965.000 302.027 15.913  -0.811  0.674
-999.0000000  940.000 302.901 15.755  -1.399 -0.136
-999.0000000  915.000 303.747 15.331  -1.995 -0.963
-999.0000000  890.000 304.559 14.606  -2.648 -1.417
-999.0000000  865.000 305.341 13.413  -3.398 -1.396
-999.0000000  840.000 306.338 11.655  -4.245 -1.117
-999.0000000  815.000 307.604  9.756  -5.060 -0.746
-999.0000000  790.000 308.841  7.950  -5.793 -0.430
-999.0000000  765.000 310.109  6.294  -6.412 -0.257
-999.0000000  740.000 311.338  5.041  -6.832 -0.347
-999.0000000  715.000 312.505  4.206  -7.074 -0.673
-999.0000000  690.000 313.645  3.621  -7.256 -1.112
-999.0000000  665.000 314.743  3.318  -7.398 -1.625
-999.0000000  640.000 315.881  3.125  -7.594 -1.890
-999.0000000  615.000 317.097  3.064  -7.874 -1.769
-999.0000000  590.000 318.587  3.049  -8.203 -1.293
-999.0000000  565.000 320.417  3.104  -8.571 -0.431
-999.0000000  540.000 322.456  3.038  -8.919  0.583
-999.0000000  515.000 324.647  2.822  -9.218  1.628
-999.0000000  490.000 326.858  2.442  -9.446  2.355
-999.0000000  465.000 329.004  1.876  -9.548  2.615
-999.0000000  440.000 331.057  1.401  -9.384  2.508
-999.0000000  415.000 332.969  1.025  -8.902  2.127
-999.0000000  390.000 334.779  0.811  -8.218  1.834
-999.0000000  365.000 336.504  0.739  -7.370  1.790
-999.0000000  340.000 338.264  0.652  -6.377  1.994
-999.0000000  315.000 340.076  0.557  -5.344  2.351
-999.0000000  290.000 341.863  0.417  -4.555  2.563
-999.0000000  265.000 343.598  0.265  -4.146  2.537
-999.0000000  240.000 345.285  0.163  -4.038  2.392
-999.0000000  215.000 346.941  0.097  -4.081  1.985
-999.0000000  190.000 348.629  0.052  -4.145  0.956
-999.0000000  165.000 350.538  0.024  -4.089 -0.490
-999.0000000  140.000 354.966  0.010  -3.691 -1.066
-999.0000000  115.000 367.996  0.005  -1.156 -0.224
-999.0000000   90.000 395.576  0.003   4.649  0.621
-999.0000000   65.000 443.628  0.004   1.944  0.613
-999.0000000   40.000 531.039  0.013 -11.654  0.408
-999.0000000   15.000 718.645  0.061 -23.940  0.428
260.125  45   1006.11  day,levels,pres0
-999.0000000 1115.000 290.149 16.120   0.596  1.755
-999.0000000 1090.000 292.035 16.120   0.596  1.755
-999.0000000 1065.000 293.978 16.120   0.596  1.755
-999.0000000 1040.000 295.980 16.120   0.596  1.755
-999.0000000 1015.000 298.044 16.120   0.596  1.755
-999.0000000  990.000 300.176 16.120   0.596  1.755
-999.0000000  965.000 301.813 15.665   0.251  1.596
-999.0000000  940.000 302.876 15.602  -0.331  0.652
-999.0000000  915.000 303.788 15.209  -1.075 -0.283
-999.0000000  890.000 304.506 14.501  -1.944 -0.894
-999.0000000  865.000 305.153 13.454  -2.911 -1.161
-999.0000000  840.000 305.983 11.957  -3.968 -1.209
-999.0000000  815.000 307.184 10.038  -5.071 -1.119
-999.0000000  790.000 308.594  7.971  -6.091 -0.999
-999.0000000  765.000 310.048  6.226  -6.808 -0.993
-999.0000000  740.000 311.366  5.117  -7.107 -1.261
-999.0000000  715.000 312.537  4.539  -7.102 -1.777
-999.0000000  690.000 313.645  4.117  -7.048 -2.361
-999.0000000  665.000 314.679  3.880  -7.003 -2.941
-999.0000000  640.000 315.758  3.641  -7.130 -3.135
-999.0000000  615.000 316.927  3.413  -7.491 -2.768
-999.0000000  590.000 318.340  3.246  -7.979 -1.960
-999.0000000  565.000 320.061  3.155  -8.579 -0.709
-999.0000000  540.000 322.015  2.983  -9.230  0.642
-999.0000000  515.000 324.165  2.705  -9.891  1.907
-999.0000000  490.000 326.369  2.324 -10.432  2.666
-999.0000000  465.000 328.542  1.819 -10.742  2.756
-999.0000000  440.000 330.640  1.391 -10.663  2.445
-999.0000000  415.000 332.613  1.047 -10.147  1.897
-999.0000000  390.000 334.501  0.833  -9.418  1.512
-999.0000000  365.000 336.311  0.735  -8.527  1.454
-999.0000000  340.000 338.110  0.649  -7.401  1.647
-999.0000000  315.000 339.912  0.573  -6.101  1.934
-999.0000000  290.000 341.719  0.438  -4.925  1.933
-999.0000000  265.000 343.526  0.280  -4.097  1.516
-999.0000000  240.000 345.256  0.168  -3.755  0.920
-999.0000000  215.000 346.839  0.096  -3.782  0.269
-999.0000000  190.000 348.380  0.051  -3.758 -0.589
-999.0000000  165.000 350.249  0.023  -3.405 -1.498
-999.0000000  140.000 354.884  0.010  -2.951 -1.652
-999.0000000  115.000 368.295  0.005  -0.832 -0.622
-999.0000000   90.000 396.169  0.003   4.657  0.621
-999.0000000   65.000 444.372  0.004   1.906  0.565
-999.0000000   40.000 531.811  0.013 -11.199  0.284
-999.0000000   15.000 719.644  0.063 -23.343 -0.165
260.25  45   1004.25  day,levels,pres0
-999.0000000 1115.000 289.474 16.090   1.293  2.373
-999.0000000 1090.000 291.356 16.090   1.293  2.373
-999.0000000 1065.000 293.294 16.090   1.293  2.373
-999.0000000 1040.000 295.291 16.090   1.293  2.373
-999.0000000 1015.000 297.351 16.090   1.293  2.373
-999.0000000  990.000 299.478 16.090   1.293  2.373
-999.0000000  965.000 301.598 15.420   1.313  2.518
-999.0000000  940.000 302.852 15.450   0.736  1.440
-999.0000000  915.000 303.828 15.086  -0.155  0.398
-999.0000000  890.000 304.452 14.396  -1.241 -0.370
-999.0000000  865.000 304.965 13.491  -2.424 -0.926
-999.0000000  840.000 305.628 12.239  -3.692 -1.301
-999.0000000  815.000 306.764 10.299  -5.084 -1.491
-999.0000000  790.000 308.347  7.989  -6.390 -1.569
-999.0000000  765.000 309.985  6.158  -7.204 -1.730
-999.0000000  740.000 311.394  5.193  -7.382 -2.176
-999.0000000  715.000 312.570  4.872  -7.130 -2.880
-999.0000000  690.000 313.645  4.613  -6.840 -3.611
-999.0000000  665.000 314.615  4.437  -6.609 -4.258
-999.0000000  640.000 315.636  4.148  -6.665 -4.381
-999.0000000  615.000 316.757  3.753  -7.109 -3.767
-999.0000000  590.000 318.095  3.436  -7.754 -2.629
-999.0000000  565.000 319.706  3.202  -8.587 -0.987
-999.0000000  540.000 321.572  2.927  -9.541  0.700
-999.0000000  515.000 323.684  2.592 -10.565  2.185
-999.0000000  490.000 325.881  2.210 -11.417  2.976
-999.0000000  465.000 328.080  1.763 -11.936  2.895
-999.0000000  440.000 330.223  1.381 -11.943  2.380
-999.0000000  415.000 332.257  1.068 -11.392  1.665
-999.0000000  390.000 334.224  0.854 -10.618  1.189
-999.0000000  365.000 336.117  0.732  -9.684  1.117
-999.0000000  340.000 337.955  0.646  -8.425  1.300
-999.0000000  315.000 339.748  0.589  -6.857  1.517
-999.0000000  290.000 341.574  0.457  -5.294  1.302
-999.0000000  265.000 343.453  0.294  -4.047  0.495
-999.0000000  240.000 345.226  0.173  -3.472 -0.553
-999.0000000  215.000 346.735  0.094  -3.482 -1.446
-999.0000000  190.000 348.131  0.050  -3.370 -2.134
-999.0000000  165.000 349.959  0.022  -2.720 -2.505
-999.0000000  140.000 354.799  0.009  -2.211 -2.239
-999.0000000  115.000 368.596  0.005  -0.507 -1.020
-999.0000000   90.000 396.762  0.003   4.665  0.621
-999.0000000   65.000 445.117  0.004   1.868  0.518
-999.0000000   40.000 532.584  0.014 -10.743  0.159
-999.0000000   15.000 720.644  0.066 -22.747 -0.757
260.375  45   1004.57  day,levels,pres0
-999.0000000 1115.000 288.875 16.363   1.278  2.296
-999.0000000 1090.000 290.753 16.363   1.278  2.296
-999.0000000 1065.000 292.687 16.363   1.278  2.296
-999.0000000 1040.000 294.680 16.363   1.278  2.296
-999.0000000 1015.000 296.736 16.363   1.278  2.296
-999.0000000  990.000 298.858 16.363   1.278  2.296
-999.0000000  965.000 300.716 15.624   1.367  2.803
-999.0000000  940.000 302.169 15.416   0.666  2.027
-999.0000000  915.000 303.243 15.013  -0.359  1.059
-999.0000000  890.000 303.980 14.373  -1.517  0.248
-999.0000000  865.000 304.616 13.506  -2.747 -0.419
-999.0000000  840.000 305.346 12.339  -4.043 -0.939
-999.0000000  815.000 306.388 10.713  -5.379 -1.288
-999.0000000  790.000 307.766  8.822  -6.576 -1.496
-999.0000000  765.000 309.254  7.185  -7.354 -1.698
-999.0000000  740.000 310.661  6.093  -7.548 -2.059
-999.0000000  715.000 311.951  5.474  -7.299 -2.581
-999.0000000  690.000 313.171  4.957  -6.926 -3.105
-999.0000000  665.000 314.306  4.564  -6.513 -3.538
-999.0000000  640.000 315.510  4.082  -6.445 -3.500
-999.0000000  615.000 316.822  3.501  -6.869 -2.824
-999.0000000  590.000 318.307  3.051  -7.576 -1.784
-999.0000000  565.000 320.001  2.734  -8.548 -0.444
-999.0000000  540.000 321.928  2.413  -9.637  0.819
-999.0000000  515.000 324.082  2.071 -10.745  1.805
-999.0000000  490.000 326.320  1.742 -11.549  2.227
-999.0000000  465.000 328.556  1.416 -11.892  1.994
-999.0000000  440.000 330.716  1.132 -11.813  1.519
-999.0000000  415.000 332.739  0.895 -11.336  1.005
-999.0000000  390.000 334.674  0.733 -10.708  0.714
-999.0000000  365.000 336.517  0.640  -9.926  0.737
-999.0000000  340.000 338.308  0.572  -8.712  0.926
-999.0000000  315.000 340.062  0.524  -7.086  1.065
-999.0000000  290.000 341.828  0.401  -5.537  0.722
-999.0000000  265.000 343.614  0.248  -4.432 -0.233
-999.0000000  240.000 345.277  0.143  -4.020 -1.408
-999.0000000  215.000 346.695  0.082  -4.145 -2.335
-999.0000000  190.000 348.065  0.046  -4.092 -2.930
-999.0000000  165.000 349.956  0.020  -3.494 -3.153
-999.0000000  140.000 354.736  0.009  -3.020 -2.839
-999.0000000  115.000 368.280  0.005  -1.190 -1.691
-999.0000000   90.000 396.438  0.004   4.139  0.078
-999.0000000   65.000 444.643  0.003   1.368  0.216
-999.0000000   40.000 532.376  0.014 -10.816  0.079
-999.0000000   15.000 720.126  0.065 -22.571 -0.841
260.5  45   1006.61  day,levels,pres0
-999.0000000 1115.000 288.276 16.585   1.266  2.221
-999.0000000 1090.000 290.150 16.585   1.266  2.221
-999.0000000 1065.000 292.080 16.585   1.266  2.221
-999.0000000 1040.000 294.069 16.585   1.266  2.221
-999.0000000 1015.000 296.121 16.585   1.266  2.221
-999.0000000  990.000 298.238 16.585   1.266  2.221
-999.0000000  965.000 299.832 15.754   1.421  3.088
-999.0000000  940.000 301.486 15.354   0.595  2.610
-999.0000000  915.000 302.657 14.922  -0.560  1.717
-999.0000000  890.000 303.508 14.336  -1.787  0.868
-999.0000000  865.000 304.267 13.509  -3.063  0.094
-999.0000000  840.000 305.065 12.429  -4.388 -0.571
-999.0000000  815.000 306.013 11.102  -5.667 -1.078
-999.0000000  790.000 307.186  9.586  -6.752 -1.410
-999.0000000  765.000 308.523  8.104  -7.487 -1.650
-999.0000000  740.000 309.928  6.897  -7.697 -1.928
-999.0000000  715.000 311.334  6.020  -7.456 -2.272
-999.0000000  690.000 312.699  5.275  -7.006 -2.593
-999.0000000  665.000 313.998  4.685  -6.417 -2.815
-999.0000000  640.000 315.382  4.016  -6.229 -2.619
-999.0000000  615.000 316.886  3.247  -6.634 -1.880
-999.0000000  590.000 318.518  2.656  -7.402 -0.939
-999.0000000  565.000 320.298  2.247  -8.513  0.100
-999.0000000  540.000 322.283  1.874  -9.736  0.941
-999.0000000  515.000 324.480  1.521 -10.926  1.429
-999.0000000  490.000 326.759  1.244 -11.681  1.482
-999.0000000  465.000 329.032  1.044 -11.849  1.096
-999.0000000  440.000 331.209  0.866 -11.684  0.661
-999.0000000  415.000 333.222  0.710 -11.281  0.346
-999.0000000  390.000 335.124  0.604 -10.800  0.241
-999.0000000  365.000 336.917  0.543 -10.171  0.358
-999.0000000  340.000 338.663  0.494  -9.001  0.553
-999.0000000  315.000 340.377  0.455  -7.316  0.614
-999.0000000  290.000 342.082  0.342  -5.781  0.142
-999.0000000  265.000 343.775  0.200  -4.818 -0.962
-999.0000000  240.000 345.328  0.114  -4.568 -2.264
-999.0000000  215.000 346.653  0.071  -4.807 -3.226
-999.0000000  190.000 348.001  0.041  -4.812 -3.728
-999.0000000  165.000 349.954  0.018  -4.267 -3.801
-999.0000000  140.000 354.673  0.008  -3.829 -3.440
-999.0000000  115.000 367.965  0.005  -1.873 -2.361
-999.0000000   90.000 396.116  0.004   3.613 -0.465
-999.0000000   65.000 444.169  0.003   0.867 -0.087
-999.0000000   40.000 532.165  0.013 -10.888 -0.000
-999.0000000   15.000 719.611  0.063 -22.396 -0.925
260.625  45   1006.41  day,levels,pres0
-999.0000000 1115.000 289.600 16.675   0.365  1.150
-999.0000000 1090.000 291.482 16.675   0.365  1.150
-999.0000000 1065.000 293.421 16.675   0.365  1.150
-999.0000000 1040.000 295.419 16.675   0.365  1.150
-999.0000000 1015.000 297.480 16.675   0.365  1.150
-999.0000000  990.000 299.607 16.675   0.365  1.150
-999.0000000  965.000 300.287 15.770   0.399  1.491
-999.0000000  940.000 301.299 15.425  -0.276  1.207
-999.0000000  915.000 302.380 15.029  -1.058  0.839
-999.0000000  890.000 303.250 14.367  -1.969  0.500
-999.0000000  865.000 304.177 13.333  -3.045  0.128
-999.0000000  840.000 305.153 12.163  -4.158 -0.271
-999.0000000  815.000 306.188 10.918  -5.145 -0.608
-999.0000000  790.000 307.391  9.588  -5.895 -0.811
-999.0000000  765.000 308.759  8.286  -6.364 -0.909
-999.0000000  740.000 310.223  7.117  -6.520 -1.001
-999.0000000  715.000 311.714  6.123  -6.449 -1.126
-999.0000000  690.000 313.161  5.246  -6.314 -1.236
-999.0000000  665.000 314.531  4.508  -6.172 -1.293
-999.0000000  640.000 315.990  3.785  -6.314 -1.174
-999.0000000  615.000 317.578  3.066  -6.854 -0.835
-999.0000000  590.000 319.317  2.540  -7.618 -0.450
-999.0000000  565.000 321.215  2.218  -8.593 -0.072
-999.0000000  540.000 323.236  1.903  -9.674  0.222
-999.0000000  515.000 325.350  1.584 -10.758  0.403
-999.0000000  490.000 327.508  1.314 -11.454  0.527
-999.0000000  465.000 329.644  1.090 -11.619  0.624
-999.0000000  440.000 331.683  0.897 -11.489  0.783
-999.0000000  415.000 333.573  0.738 -11.128  1.029
-999.0000000  390.000 335.394  0.627 -10.605  1.307
-999.0000000  365.000 337.159  0.560  -9.857  1.563
-999.0000000  340.000 338.911  0.502  -8.659  1.700
-999.0000000  315.000 340.648  0.452  -7.071  1.591
-999.0000000  290.000 342.351  0.343  -5.622  1.043
-999.0000000  265.000 343.998  0.211  -4.644  0.007
-999.0000000  240.000 345.464  0.123  -4.295 -1.303
-999.0000000  215.000 346.630  0.073  -4.543 -2.603
-999.0000000  190.000 347.795  0.041  -4.870 -3.636
-999.0000000  165.000 349.737  0.018  -4.747 -3.994
-999.0000000  140.000 354.743  0.008  -4.220 -3.733
-999.0000000  115.000 368.176  0.005  -1.761 -2.877
-999.0000000   90.000 395.833  0.004   3.888 -1.123
-999.0000000   65.000 443.405  0.003   1.347 -0.486
-999.0000000   40.000 531.658  0.013 -10.125 -0.155
-999.0000000   15.000 719.714  0.064 -21.165 -0.958
260.75  45   1002.47  day,levels,pres0
-999.0000000 1115.000 290.928 16.633  -0.542  0.088
-999.0000000 1090.000 292.819 16.633  -0.542  0.088
-999.0000000 1065.000 294.766 16.633  -0.542  0.088
-999.0000000 1040.000 296.774 16.633  -0.542  0.088
-999.0000000 1015.000 298.844 16.633  -0.542  0.088
-999.0000000  990.000 300.981 16.633  -0.542  0.088
-999.0000000  965.000 300.749 15.763  -0.621 -0.107
-999.0000000  940.000 301.117 15.486  -1.142 -0.200
-999.0000000  915.000 302.105 15.124  -1.554 -0.040
-999.0000000  890.000 302.992 14.391  -2.153  0.128
-999.0000000  865.000 304.086 13.154  -3.030  0.158
-999.0000000  840.000 305.239 11.891  -3.933  0.027
-999.0000000  815.000 306.363 10.728  -4.629 -0.142
-999.0000000  790.000 307.595  9.590  -5.053 -0.219
-999.0000000  765.000 308.993  8.472  -5.263 -0.177
-999.0000000  740.000 310.518  7.338  -5.365 -0.082
-999.0000000  715.000 312.097  6.223  -5.460  0.011
-999.0000000  690.000 313.626  5.207  -5.635  0.114
-999.0000000  665.000 315.067  4.312  -5.936  0.224
-999.0000000  640.000 316.600  3.530  -6.405  0.268
-999.0000000  615.000 318.272  2.863  -7.076  0.211
-999.0000000  590.000 320.117  2.405  -7.833  0.041
-999.0000000  565.000 322.136  2.175  -8.670 -0.240
-999.0000000  540.000 324.191  1.925  -9.609 -0.494
-999.0000000  515.000 326.223  1.648 -10.589 -0.624
-999.0000000  490.000 328.257  1.386 -11.227 -0.432
-999.0000000  465.000 330.255  1.137 -11.391  0.150
-999.0000000  440.000 332.155  0.930 -11.295  0.904
-999.0000000  415.000 333.922  0.765 -10.975  1.713
-999.0000000  390.000 335.660  0.649 -10.411  2.376
-999.0000000  365.000 337.395  0.577  -9.545  2.772
-999.0000000  340.000 339.156  0.510  -8.320  2.852
-999.0000000  315.000 340.915  0.448  -6.829  2.574
-999.0000000  290.000 342.618  0.343  -5.466  1.949
-999.0000000  265.000 344.222  0.222  -4.473  0.981
-999.0000000  240.000 345.602  0.133  -4.023 -0.337
-999.0000000  215.000 346.611  0.075  -4.280 -1.975
-999.0000000  190.000 347.591  0.040  -4.928 -3.543
-999.0000000  165.000 349.517  0.018  -5.227 -4.191
-999.0000000  140.000 354.810  0.008  -4.612 -4.028
-999.0000000  115.000 368.386  0.005  -1.650 -3.394
-999.0000000   90.000 395.551  0.004   4.162 -1.781
-999.0000000   65.000 442.641  0.004   1.827 -0.885
-999.0000000   40.000 531.154  0.013  -9.363 -0.309
-999.0000000   15.000 719.817  0.064 -19.934 -0.991
260.875  45   1002.53  day,levels,pres0
-999.0000000 1115.000 290.211 16.681   0.105 -0.668
-999.0000000 1090.000 292.098 16.681   0.105 -0.668
-999.0000000 1065.000 294.040 16.681   0.105 -0.668
-999.0000000 1040.000 296.043 16.681   0.105 -0.668
-999.0000000 1015.000 298.108 16.681   0.105 -0.668
-999.0000000  990.000 300.240 16.681   0.105 -0.668
-999.0000000  965.000 300.510 15.810  -0.264 -0.462
-999.0000000  940.000 301.343 15.096  -1.079  0.139
-999.0000000  915.000 302.636 14.215  -1.824  0.738
-999.0000000  890.000 303.648 13.280  -2.713  1.050
-999.0000000  865.000 304.719 12.104  -3.719  1.107
-999.0000000  840.000 305.821 10.960  -4.658  1.002
-999.0000000  815.000 306.898  9.907  -5.382  0.852
-999.0000000  790.000 308.058  8.897  -5.879  0.718
-999.0000000  765.000 309.322  7.920  -6.202  0.589
-999.0000000  740.000 310.649  6.945  -6.408  0.428
-999.0000000  715.000 312.005  5.999  -6.563  0.233
-999.0000000  690.000 313.345  5.117  -6.739  0.046
-999.0000000  665.000 314.648  4.301  -6.959 -0.128
-999.0000000  640.000 316.037  3.578  -7.242 -0.336
-999.0000000  615.000 317.556  2.947  -7.608 -0.596
-999.0000000  590.000 319.322  2.485  -8.052 -0.906
-999.0000000  565.000 321.362  2.194  -8.602 -1.247
-999.0000000  540.000 323.492  1.921  -9.314 -1.485
-999.0000000  515.000 325.630  1.657 -10.170 -1.524
-999.0000000  490.000 327.747  1.407 -10.879 -1.225
-999.0000000  465.000 329.784  1.172 -11.319 -0.547
-999.0000000  440.000 331.700  0.969 -11.506  0.261
-999.0000000  415.000 333.457  0.801 -11.400  1.071
-999.0000000  390.000 335.157  0.677 -10.964  1.722
-999.0000000  365.000 336.828  0.592 -10.144  2.114
-999.0000000  340.000 338.534  0.516  -8.939  2.205
-999.0000000  315.000 340.272  0.449  -7.439  1.951
-999.0000000  290.000 342.005  0.351  -5.971  1.345
-999.0000000  265.000 343.709  0.243  -4.759  0.349
-999.0000000  240.000 345.280  0.152  -4.031 -1.136
-999.0000000  215.000 346.640  0.085  -3.987 -2.944
-999.0000000  190.000 348.138  0.043  -4.333 -4.231
-999.0000000  165.000 350.490  0.018  -4.350 -4.207
-999.0000000  140.000 355.496  0.008  -3.541 -3.545
-999.0000000  115.000 368.106  0.005  -0.612 -2.842
-999.0000000   90.000 394.862  0.004   4.925 -1.390
-999.0000000   65.000 442.632  0.004   2.134 -0.199
-999.0000000   40.000 531.478  0.013  -9.609 -0.448
-999.0000000   15.000 720.209  0.065 -20.471 -1.372
261.0  45   1005.68  day,levels,pres0
-999.0000000 1115.000 289.469 16.645   0.733 -1.458
-999.0000000 1090.000 291.350 16.645   0.733 -1.458
-999.0000000 1065.000 293.288 16.645   0.733 -1.458
-999.0000000 1040.000 295.285 16.645   0.733 -1.458
-999.0000000 1015.000 297.345 16.645   0.733 -1.458
-999.0000000  990.000 299.472 16.645   0.733 -1.458
-999.0000000  965.000 300.247 15.809   0.039 -0.857
-999.0000000  940.000 301.565 14.681  -1.070  0.439
-999.0000000  915.000 303.176 13.236  -2.120  1.491
-999.0000000  890.000 304.315 12.064  -3.271  1.958
-999.0000000  865.000 305.367 10.961  -4.395  2.044
-999.0000000  840.000 306.418  9.955  -5.346  1.974
-999.0000000  815.000 307.451  9.024  -6.080  1.851
-999.0000000  790.000 308.536  8.159  -6.645  1.666
-999.0000000  765.000 309.664  7.344  -7.084  1.369
-999.0000000  740.000 310.790  6.547  -7.401  0.957
-999.0000000  715.000 311.919  5.778  -7.627  0.474
-999.0000000  690.000 313.069  5.028  -7.814 -0.002
-999.0000000  665.000 314.230  4.286  -7.960 -0.462
-999.0000000  640.000 315.471  3.616  -8.063 -0.927
-999.0000000  615.000 316.837  3.016  -8.129 -1.400
-999.0000000  590.000 318.522  2.549  -8.262 -1.856
-999.0000000  565.000 320.586  2.205  -8.525 -2.260
-999.0000000  540.000 322.790  1.913  -9.012 -2.484
-999.0000000  515.000 325.036  1.663  -9.748 -2.430
-999.0000000  490.000 327.238  1.427 -10.530 -2.023
-999.0000000  465.000 329.316  1.205 -11.247 -1.246
-999.0000000  440.000 331.248  1.006 -11.717 -0.385
-999.0000000  415.000 332.996  0.835 -11.820  0.426
-999.0000000  390.000 334.653  0.702 -11.512  1.067
-999.0000000  365.000 336.260  0.605 -10.741  1.456
-999.0000000  340.000 337.908  0.521  -9.557  1.560
-999.0000000  315.000 339.623  0.449  -8.049  1.334
-999.0000000  290.000 341.384  0.357  -6.477  0.749
-999.0000000  265.000 343.181  0.261  -5.047 -0.274
-999.0000000  240.000 344.939  0.169  -4.039 -1.924
-999.0000000  215.000 346.650  0.094  -3.691 -3.898
-999.0000000  190.000 348.676  0.045  -3.732 -4.901
-999.0000000  165.000 351.465  0.018  -3.467 -4.209
-999.0000000  140.000 356.187  0.008  -2.468 -3.055
-999.0000000  115.000 367.826  0.005   0.425 -2.290
-999.0000000   90.000 394.178  0.004   5.687 -0.999
-999.0000000   65.000 442.628  0.004   2.441  0.488
-999.0000000   40.000 531.801  0.013  -9.855 -0.586
-999.0000000   15.000 720.604  0.066 -21.007 -1.752
261.125  45   1006.65  day,levels,pres0
-999.0000000 1115.000 288.968 16.743   1.400 -1.484
-999.0000000 1090.000 290.847 16.743   1.400 -1.484
-999.0000000 1065.000 292.781 16.743   1.400 -1.484
-999.0000000 1040.000 294.775 16.743   1.400 -1.484
-999.0000000 1015.000 296.832 16.743   1.400 -1.484
-999.0000000  990.000 298.954 16.743   1.400 -1.484
-999.0000000  965.000 300.522 15.753   0.892 -1.019
-999.0000000  940.000 301.943 14.687  -0.391  0.174
-999.0000000  915.000 303.251 13.503  -1.694  1.101
-999.0000000  890.000 304.204 12.539  -3.061  1.538
-999.0000000  865.000 305.148 11.529  -4.438  1.624
-999.0000000  840.000 306.150 10.442  -5.690  1.524
-999.0000000  815.000 307.170  9.351  -6.714  1.350
-999.0000000  790.000 308.237  8.380  -7.449  1.153
-999.0000000  765.000 309.315  7.590  -7.844  0.917
-999.0000000  740.000 310.396  6.917  -7.930  0.596
-999.0000000  715.000 311.506  6.304  -7.833  0.197
-999.0000000  690.000 312.668  5.687  -7.695 -0.248
-999.0000000  665.000 313.879  5.056  -7.540 -0.745
-999.0000000  640.000 315.168  4.447  -7.414 -1.279
-999.0000000  615.000 316.573  3.856  -7.360 -1.841
-999.0000000  590.000 318.302  3.306  -7.483 -2.333
-999.0000000  565.000 320.417  2.764  -7.853 -2.683
-999.0000000  540.000 322.684  2.266  -8.470 -2.750
-999.0000000  515.000 324.994  1.791  -9.332 -2.442
-999.0000000  490.000 327.214  1.416 -10.224 -1.807
-999.0000000  465.000 329.257  1.155 -11.012 -0.905
-999.0000000  440.000 331.179  0.942 -11.456 -0.124
-999.0000000  415.000 332.982  0.781 -11.403  0.369
-999.0000000  390.000 334.762  0.662 -10.821  0.566
-999.0000000  365.000 336.540  0.582  -9.725  0.463
-999.0000000  340.000 338.331  0.514  -8.375  0.165
-999.0000000  315.000 340.114  0.454  -6.968 -0.294
-999.0000000  290.000 341.864  0.368  -5.753 -0.915
-999.0000000  265.000 343.556  0.272  -4.861 -1.757
-999.0000000  240.000 345.088  0.175  -4.312 -2.945
-999.0000000  215.000 346.501  0.091  -4.041 -4.107
-999.0000000  190.000 348.345  0.039  -3.662 -4.091
-999.0000000  165.000 351.125  0.016  -2.736 -2.707
-999.0000000  140.000 355.962  0.008  -1.382 -1.463
-999.0000000  115.000 367.746  0.005   1.416 -1.041
-999.0000000   90.000 394.050  0.004   6.457 -0.592
-999.0000000   65.000 442.861  0.004   2.866  0.156
-999.0000000   40.000 532.009  0.013  -9.120 -0.988
-999.0000000   15.000 721.294  0.067 -20.212 -1.843
261.25  45   1004.92  day,levels,pres0
-999.0000000 1115.000 288.476 16.833   2.078 -1.503
-999.0000000 1090.000 290.351 16.833   2.078 -1.503
-999.0000000 1065.000 292.282 16.833   2.078 -1.503
-999.0000000 1040.000 294.273 16.833   2.078 -1.503
-999.0000000 1015.000 296.326 16.833   2.078 -1.503
-999.0000000  990.000 298.445 16.833   2.078 -1.503
-999.0000000  965.000 300.804 15.703   1.774 -1.169
-999.0000000  940.000 302.323 14.684   0.319 -0.078
-999.0000000  915.000 303.325 13.765  -1.245  0.716
-999.0000000  890.000 304.089 12.997  -2.837  1.119
-999.0000000  865.000 304.924 12.069  -4.472  1.206
-999.0000000  840.000 305.876 10.898  -6.036  1.074
-999.0000000  815.000 306.884  9.655  -7.364  0.847
-999.0000000  790.000 307.932  8.583  -8.275  0.641
-999.0000000  765.000 308.960  7.815  -8.626  0.466
-999.0000000  740.000 309.997  7.260  -8.476  0.236
-999.0000000  715.000 311.090  6.795  -8.049 -0.081
-999.0000000  690.000 312.268  6.308  -7.582 -0.495
-999.0000000  665.000 313.528  5.790  -7.120 -1.028
-999.0000000  640.000 314.865  5.245  -6.763 -1.632
-999.0000000  615.000 316.313  4.669  -6.586 -2.282
-999.0000000  590.000 318.086  4.041  -6.698 -2.809
-999.0000000  565.000 320.252  3.311  -7.179 -3.105
-999.0000000  540.000 322.580  2.615  -7.929 -3.016
-999.0000000  515.000 324.954  1.918  -8.919 -2.454
-999.0000000  490.000 327.189  1.405  -9.922 -1.591
-999.0000000  465.000 329.195  1.106 -10.783 -0.565
-999.0000000  440.000 331.109  0.879 -11.201  0.138
-999.0000000  415.000 332.966  0.727 -10.991  0.314
-999.0000000  390.000 334.870  0.622 -10.135  0.066
-999.0000000  365.000 336.820  0.559  -8.712 -0.529
-999.0000000  340.000 338.754  0.506  -7.194 -1.230
-999.0000000  315.000 340.606  0.459  -5.885 -1.922
-999.0000000  290.000 342.344  0.379  -5.028 -2.582
-999.0000000  265.000 343.933  0.284  -4.674 -3.243
-999.0000000  240.000 345.241  0.182  -4.585 -3.971
-999.0000000  215.000 346.358  0.088  -4.392 -4.322
-999.0000000  190.000 348.017  0.032  -3.595 -3.289
-999.0000000  165.000 350.782  0.013  -2.008 -1.212
-999.0000000  140.000 355.734  0.008  -0.297  0.123
-999.0000000  115.000 367.664  0.005   2.407  0.207
-999.0000000   90.000 393.925  0.004   7.226 -0.185
-999.0000000   65.000 443.093  0.004   3.292 -0.177
-999.0000000   40.000 532.218  0.013  -8.385 -1.390
-999.0000000   15.000 721.982  0.069 -19.418 -1.935
261.375  45   1005.18  day,levels,pres0
-999.0000000 1115.000 288.256 16.889   0.908 -1.351
-999.0000000 1090.000 290.130 16.889   0.908 -1.351
-999.0000000 1065.000 292.059 16.889   0.908 -1.351
-999.0000000 1040.000 294.048 16.889   0.908 -1.351
-999.0000000 1015.000 296.100 16.889   0.908 -1.351
-999.0000000  990.000 298.217 16.889   0.908 -1.351
-999.0000000  965.000 300.352 15.610   0.576 -0.959
-999.0000000  940.000 301.883 14.688  -0.572  0.062
-999.0000000  915.000 302.912 13.972  -1.853  0.796
-999.0000000  890.000 303.696 13.325  -3.223  1.177
-999.0000000  865.000 304.509 12.509  -4.674  1.277
-999.0000000  840.000 305.447 11.433  -6.125  1.192
-999.0000000  815.000 306.489 10.166  -7.482  1.032
-999.0000000  790.000 307.597  8.957  -8.577  0.901
-999.0000000  765.000 308.671  8.046  -9.178  0.799
-999.0000000  740.000 309.714  7.409  -9.175  0.637
-999.0000000  715.000 310.769  6.934  -8.741  0.381
-999.0000000  690.000 311.875  6.458  -8.173  0.023
-999.0000000  665.000 313.036  5.984  -7.513 -0.457
-999.0000000  640.000 314.304  5.470  -6.956 -1.004
-999.0000000  615.000 315.724  4.917  -6.600 -1.594
-999.0000000  590.000 317.450  4.322  -6.570 -2.077
-999.0000000  565.000 319.540  3.646  -6.949 -2.364
-999.0000000  540.000 321.829  2.992  -7.598 -2.358
-999.0000000  515.000 324.230  2.322  -8.480 -1.998
-999.0000000  490.000 326.534  1.780  -9.367 -1.428
-999.0000000  465.000 328.650  1.389 -10.122 -0.743
-999.0000000  440.000 330.697  1.077 -10.511 -0.243
-999.0000000  415.000 332.696  0.853 -10.363 -0.077
-999.0000000  390.000 334.708  0.703  -9.589 -0.262
-999.0000000  365.000 336.713  0.620  -8.242 -0.789
-999.0000000  340.000 338.648  0.545  -6.803 -1.493
-999.0000000  315.000 340.454  0.477  -5.580 -2.290
-999.0000000  290.000 342.123  0.385  -4.809 -3.135
-999.0000000  265.000 343.646  0.285  -4.534 -4.007
-999.0000000  240.000 344.957  0.182  -4.503 -4.828
-999.0000000  215.000 346.204  0.086  -4.369 -4.993
-999.0000000  190.000 348.006  0.030  -3.704 -3.520
-999.0000000  165.000 350.719  0.013  -2.318 -0.955
-999.0000000  140.000 355.634  0.008  -0.744  0.505
-999.0000000  115.000 368.026  0.005   1.922  0.357
-999.0000000   90.000 395.043  0.004   6.759  0.012
-999.0000000   65.000 443.896  0.004   2.861  0.191
-999.0000000   40.000 531.934  0.013  -8.951 -0.720
-999.0000000   15.000 720.162  0.065 -20.057 -1.358
261.5  45   1007.48  day,levels,pres0
-999.0000000 1115.000 288.034 16.931  -0.262 -1.196
-999.0000000 1090.000 289.906 16.931  -0.262 -1.196
-999.0000000 1065.000 291.835 16.931  -0.262 -1.196
-999.0000000 1040.000 293.822 16.931  -0.262 -1.196
-999.0000000 1015.000 295.872 16.931  -0.262 -1.196
-999.0000000  990.000 297.987 16.931  -0.262 -1.196
-999.0000000  965.000 299.897 15.495  -0.623 -0.735
-999.0000000  940.000 301.442 14.672  -1.452  0.208
-999.0000000  915.000 302.500 14.155  -2.445  0.882
-999.0000000  890.000 303.305 13.627  -3.595  1.245
-999.0000000  865.000 304.095 12.917  -4.865  1.359
-999.0000000  840.000 305.019 11.929  -6.202  1.323
-999.0000000  815.000 306.096 10.644  -7.587  1.235
-999.0000000  790.000 307.262  9.309  -8.868  1.184
-999.0000000  765.000 308.384  8.264  -9.728  1.157
-999.0000000  740.000 309.430  7.549  -9.877  1.058
-999.0000000  715.000 310.448  7.063  -9.441  0.859
-999.0000000  690.000 311.484  6.596  -8.774  0.554
-999.0000000  665.000 312.545  6.160  -7.917  0.122
-999.0000000  640.000 313.742  5.673  -7.161 -0.372
-999.0000000  615.000 315.135  5.139  -6.627 -0.902
-999.0000000  590.000 316.812  4.573  -6.451 -1.340
-999.0000000  565.000 318.825  3.942  -6.721 -1.617
-999.0000000  540.000 321.077  3.327  -7.264 -1.689
-999.0000000  515.000 323.505  2.684  -8.031 -1.527
-999.0000000  490.000 325.881  2.121  -8.801 -1.248
-999.0000000  465.000 328.105  1.648  -9.451 -0.903
-999.0000000  440.000 330.285  1.263  -9.812 -0.609
-999.0000000  415.000 332.426  0.973  -9.728 -0.457
-999.0000000  390.000 334.548  0.782  -9.038 -0.583
-999.0000000  365.000 336.607  0.679  -7.768 -1.045
-999.0000000  340.000 338.543  0.583  -6.410 -1.754
-999.0000000  315.000 340.303  0.494  -5.275 -2.659
-999.0000000  290.000 341.904  0.390  -4.591 -3.687
-999.0000000  265.000 343.360  0.286  -4.395 -4.771
-999.0000000  240.000 344.673  0.182  -4.421 -5.684
-999.0000000  215.000 346.049  0.084  -4.346 -5.662
-999.0000000  190.000 347.993  0.028  -3.811 -3.748
-999.0000000  165.000 350.655  0.013  -2.627 -0.697
-999.0000000  140.000 355.536  0.009  -1.190  0.887
-999.0000000  115.000 368.388  0.006   1.437  0.508
-999.0000000   90.000 396.161  0.004   6.292  0.209
-999.0000000   65.000 444.698  0.003   2.430  0.559
-999.0000000   40.000 531.651  0.013  -9.517 -0.049
-999.0000000   15.000 718.343  0.060 -20.696 -0.782
261.625  45   1007.18  day,levels,pres0
-999.0000000 1115.000 289.877 16.833  -0.662 -0.575
-999.0000000 1090.000 291.761 16.833  -0.662 -0.575
-999.0000000 1065.000 293.702 16.833  -0.662 -0.575
-999.0000000 1040.000 295.702 16.833  -0.662 -0.575
-999.0000000 1015.000 297.765 16.833  -0.662 -0.575
-999.0000000  990.000 299.894 16.833  -0.662 -0.575
-999.0000000  965.000 300.939 15.852  -0.965 -0.223
-999.0000000  940.000 301.838 15.277  -1.608  0.366
-999.0000000  915.000 302.657 14.663  -2.404  0.829
-999.0000000  890.000 303.646 13.714  -3.365  1.122
-999.0000000  865.000 304.672 12.644  -4.549  1.238
-999.0000000  840.000 305.650 11.457  -5.929  1.262
-999.0000000  815.000 306.786 10.124  -7.344  1.243
-999.0000000  790.000 308.012  8.821  -8.615  1.180
-999.0000000  765.000 309.214  7.798  -9.477  1.026
-999.0000000  740.000 310.307  7.170  -9.629  0.754
-999.0000000  715.000 311.313  6.830  -9.183  0.418
-999.0000000  690.000 312.332  6.444  -8.554  0.104
-999.0000000  665.000 313.386  6.022  -7.797 -0.171
-999.0000000  640.000 314.633  5.535  -7.139 -0.442
-999.0000000  615.000 316.133  4.973  -6.679 -0.708
-999.0000000  590.000 317.883  4.420  -6.524 -0.927
-999.0000000  565.000 319.899  3.844  -6.748 -1.068
-999.0000000  540.000 322.084  3.268  -7.229 -1.098
-999.0000000  515.000 324.385  2.659  -7.927 -0.989
-999.0000000  490.000 326.657  2.108  -8.604 -0.757
-999.0000000  465.000 328.826  1.619  -9.119 -0.417
-999.0000000  440.000 330.945  1.254  -9.261 -0.098
-999.0000000  415.000 333.013  1.018  -8.894  0.096
-999.0000000  390.000 335.074  0.858  -8.013 -0.005
-999.0000000  365.000 337.101  0.767  -6.727 -0.469
-999.0000000  340.000 339.015  0.654  -5.539 -1.183
-999.0000000  315.000 340.755  0.528  -4.693 -2.080
-999.0000000  290.000 342.341  0.397  -4.187 -3.077
-999.0000000  265.000 343.800  0.274  -3.970 -4.084
-999.0000000  240.000 345.107  0.167  -3.895 -4.877
-999.0000000  215.000 346.346  0.080  -3.828 -5.024
-999.0000000  190.000 347.885  0.033  -3.593 -4.103
-999.0000000  165.000 350.088  0.017  -2.982 -2.360
-999.0000000  140.000 354.980  0.010  -1.812 -1.183
-999.0000000  115.000 368.366  0.006   1.201 -0.993
-999.0000000   90.000 396.339  0.004   6.520 -0.427
-999.0000000   65.000 444.333  0.003   2.966  0.337
-999.0000000   40.000 530.615  0.012  -9.368 -0.030
-999.0000000   15.000 716.723  0.057 -20.606 -0.808
261.75  45   1002.58  day,levels,pres0
-999.0000000 1115.000 291.723 16.411  -1.065  0.044
-999.0000000 1090.000 293.620 16.411  -1.065  0.044
-999.0000000 1065.000 295.573 16.411  -1.065  0.044
-999.0000000 1040.000 297.586 16.411  -1.065  0.044
-999.0000000 1015.000 299.662 16.411  -1.065  0.044
-999.0000000  990.000 301.804 16.411  -1.065  0.044
-999.0000000  965.000 301.983 16.144  -1.313  0.283
-999.0000000  940.000 302.235 15.873  -1.781  0.526
-999.0000000  915.000 302.815 15.165  -2.381  0.776
-999.0000000  890.000 303.987 13.789  -3.152  0.996
-999.0000000  865.000 305.249 12.323  -4.247  1.112
-999.0000000  840.000 306.282 10.920  -5.669  1.192
-999.0000000  815.000 307.476  9.528  -7.111  1.237
-999.0000000  790.000 308.762  8.256  -8.367  1.155
-999.0000000  765.000 310.046  7.250  -9.222  0.869
-999.0000000  740.000 311.183  6.720  -9.371  0.427
-999.0000000  715.000 312.179  6.547  -8.915 -0.043
-999.0000000  690.000 313.181  6.253  -8.322 -0.362
-999.0000000  665.000 314.230  5.850  -7.665 -0.474
-999.0000000  640.000 315.522  5.359  -7.106 -0.519
-999.0000000  615.000 317.132  4.761  -6.724 -0.520
-999.0000000  590.000 318.957  4.220  -6.592 -0.520
-999.0000000  565.000 320.971  3.711  -6.776 -0.526
-999.0000000  540.000 323.090  3.186  -7.198 -0.519
-999.0000000  515.000 325.265  2.622  -7.827 -0.467
-999.0000000  490.000 327.433  2.087  -8.412 -0.283
-999.0000000  465.000 329.543  1.582  -8.789  0.053
-999.0000000  440.000 331.602  1.240  -8.711  0.399
-999.0000000  415.000 333.595  1.064  -8.059  0.640
-999.0000000  390.000 335.602  0.939  -6.988  0.567
-999.0000000  365.000 337.598  0.860  -5.686  0.103
-999.0000000  340.000 339.488  0.729  -4.668 -0.614
-999.0000000  315.000 341.206  0.565  -4.110 -1.501
-999.0000000  290.000 342.780  0.404  -3.783 -2.466
-999.0000000  265.000 344.238  0.261  -3.545 -3.394
-999.0000000  240.000 345.539  0.152  -3.370 -4.066
-999.0000000  215.000 346.637  0.075  -3.313 -4.382
-999.0000000  190.000 347.779  0.037  -3.376 -4.453
-999.0000000  165.000 349.522  0.020  -3.336 -4.020
-999.0000000  140.000 354.424  0.011  -2.434 -3.252
-999.0000000  115.000 368.343  0.006   0.965 -2.494
-999.0000000   90.000 396.516  0.004   6.749 -1.064
-999.0000000   65.000 443.968  0.003   3.502  0.115
-999.0000000   40.000 529.579  0.012  -9.218 -0.011
-999.0000000   15.000 715.103  0.054 -20.516 -0.835
261.875  45   1001.79  day,levels,pres0
-999.0000000 1115.000 291.520 16.650  -0.831 -0.704
-999.0000000 1090.000 293.415 16.650  -0.831 -0.704
-999.0000000 1065.000 295.366 16.650  -0.831 -0.704
-999.0000000 1040.000 297.378 16.650  -0.831 -0.704
-999.0000000 1015.000 299.452 16.650  -0.831 -0.704
-999.0000000  990.000 301.594 16.650  -0.831 -0.704
-999.0000000  965.000 302.130 16.198  -1.478 -0.630
-999.0000000  940.000 302.489 15.788  -2.111 -0.424
-999.0000000  915.000 303.028 15.044  -2.789 -0.190
-999.0000000  890.000 303.993 13.753  -3.629  0.069
-999.0000000  865.000 305.140 12.262  -4.663  0.304
-999.0000000  840.000 306.193 10.858  -5.889  0.559
-999.0000000  815.000 307.421  9.462  -7.169  0.822
-999.0000000  790.000 308.855  8.128  -8.342  0.933
-999.0000000  765.000 310.223  7.134  -9.135  0.755
-999.0000000  740.000 311.351  6.628  -9.208  0.346
-999.0000000  715.000 312.298  6.446  -8.663 -0.129
-999.0000000  690.000 313.273  6.136  -7.977 -0.441
-999.0000000  665.000 314.320  5.711  -7.230 -0.529
-999.0000000  640.000 315.594  5.230  -6.633 -0.576
-999.0000000  615.000 317.159  4.678  -6.287 -0.618
-999.0000000  590.000 318.959  4.159  -6.247 -0.677
-999.0000000  565.000 320.983  3.644  -6.578 -0.751
-999.0000000  540.000 323.112  3.091  -7.158 -0.772
-999.0000000  515.000 325.286  2.473  -7.939 -0.691
-999.0000000  490.000 327.449  1.913  -8.653 -0.433
-999.0000000  465.000 329.543  1.414  -9.138  0.019
-999.0000000  440.000 331.564  1.095  -9.182  0.514
-999.0000000  415.000 333.491  0.955  -8.671  0.932
-999.0000000  390.000 335.385  0.872  -7.717  1.048
-999.0000000  365.000 337.244  0.837  -6.486  0.764
-999.0000000  340.000 339.063  0.730  -5.476  0.177
-999.0000000  315.000 340.805  0.573  -4.870 -0.657
-999.0000000  290.000 342.448  0.413  -4.480 -1.660
-999.0000000  265.000 344.000  0.266  -4.161 -2.759
-999.0000000  240.000 345.444  0.157  -3.811 -3.841
-999.0000000  215.000 346.723  0.082  -3.451 -4.819
-999.0000000  190.000 348.012  0.040  -3.209 -5.547
-999.0000000  165.000 349.865  0.020  -3.024 -5.386
-999.0000000  140.000 354.794  0.010  -1.820 -4.244
-999.0000000  115.000 368.542  0.006   2.126 -2.632
-999.0000000   90.000 396.337  0.004   7.782 -0.566
-999.0000000   65.000 443.702  0.003   4.026  0.516
-999.0000000   40.000 530.785  0.012  -9.850  0.540
-999.0000000   15.000 718.077  0.060 -21.384 -0.257
262.0  45   1004.84  day,levels,pres0
-999.0000000 1115.000 291.321 16.871  -0.594 -1.442
-999.0000000 1090.000 293.215 16.871  -0.594 -1.442
-999.0000000 1065.000 295.165 16.871  -0.594 -1.442
-999.0000000 1040.000 297.175 16.871  -0.594 -1.442
-999.0000000 1015.000 299.248 16.871  -0.594 -1.442
-999.0000000  990.000 301.388 16.871  -0.594 -1.442
-999.0000000  965.000 302.278 16.245  -1.639 -1.534
-999.0000000  940.000 302.741 15.692  -2.439 -1.372
-999.0000000  915.000 303.238 14.915  -3.200 -1.161
-999.0000000  890.000 303.998 13.713  -4.117 -0.866
-999.0000000  865.000 305.030 12.196  -5.092 -0.513
-999.0000000  840.000 306.106 10.793  -6.121 -0.082
-999.0000000  815.000 307.368  9.393  -7.242  0.401
-999.0000000  790.000 308.951  7.997  -8.332  0.707
-999.0000000  765.000 310.402  7.014  -9.058  0.638
-999.0000000  740.000 311.521  6.534  -9.050  0.262
-999.0000000  715.000 312.420  6.343  -8.414 -0.216
-999.0000000  690.000 313.366  6.018  -7.633 -0.520
-999.0000000  665.000 314.412  5.571  -6.797 -0.585
-999.0000000  640.000 315.667  5.100  -6.162 -0.634
-999.0000000  615.000 317.189  4.596  -5.854 -0.716
-999.0000000  590.000 318.965  4.099  -5.906 -0.835
-999.0000000  565.000 320.995  3.577  -6.384 -0.975
-999.0000000  540.000 323.133  2.996  -7.121 -1.023
-999.0000000  515.000 325.308  2.323  -8.054 -0.910
-999.0000000  490.000 327.465  1.738  -8.900 -0.578
-999.0000000  465.000 329.541  1.247  -9.496 -0.009
-999.0000000  440.000 331.528  0.951  -9.663  0.635
-999.0000000  415.000 333.385  0.847  -9.290  1.230
-999.0000000  390.000 335.170  0.806  -8.450  1.533
-999.0000000  365.000 336.893  0.816  -7.284  1.427
-999.0000000  340.000 338.638  0.730  -6.280  0.970
-999.0000000  315.000 340.403  0.581  -5.626  0.189
-999.0000000  290.000 342.113  0.421  -5.174 -0.852
-999.0000000  265.000 343.757  0.271  -4.775 -2.121
-999.0000000  240.000 345.342  0.163  -4.250 -3.612
-999.0000000  215.000 346.799  0.088  -3.589 -5.252
-999.0000000  190.000 348.237  0.044  -3.043 -6.636
-999.0000000  165.000 350.203  0.021  -2.713 -6.748
-999.0000000  140.000 355.166  0.010  -1.206 -5.234
-999.0000000  115.000 368.740  0.006   3.286 -2.771
-999.0000000   90.000 396.157  0.004   8.815 -0.067
-999.0000000   65.000 443.436  0.003   4.550  0.917
-999.0000000   40.000 531.992  0.013 -10.482  1.091
-999.0000000   15.000 721.049  0.067 -22.252  0.321
262.125  45   1005.39  day,levels,pres0
-999.0000000 1115.000 290.210 16.469  -0.681 -2.062
-999.0000000 1090.000 292.097 16.469  -0.681 -2.062
-999.0000000 1065.000 294.039 16.469  -0.681 -2.062
-999.0000000 1040.000 296.042 16.469  -0.681 -2.062
-999.0000000 1015.000 298.107 16.469  -0.681 -2.062
-999.0000000  990.000 300.239 16.469  -0.681 -2.062
-999.0000000  965.000 301.779 15.835  -1.940 -2.478
-999.0000000  940.000 302.481 15.498  -2.917 -2.198
-999.0000000  915.000 303.110 14.856  -3.821 -1.860
-999.0000000  890.000 303.980 13.693  -4.834 -1.511
-999.0000000  865.000 305.089 12.203  -5.917 -1.162
-999.0000000  840.000 306.176 10.913  -7.033 -0.777
-999.0000000  815.000 307.391  9.661  -8.165 -0.339
-999.0000000  790.000 308.812  8.331  -9.159  0.025
-999.0000000  765.000 310.155  7.207  -9.731  0.159
-999.0000000  740.000 311.266  6.563  -9.552  0.017
-999.0000000  715.000 312.210  6.306  -8.750 -0.294
-999.0000000  690.000 313.183  5.978  -7.806 -0.557
-999.0000000  665.000 314.218  5.589  -6.799 -0.743
-999.0000000  640.000 315.410  5.146  -5.959 -0.992
-999.0000000  615.000 316.804  4.644  -5.394 -1.337
-999.0000000  590.000 318.433  4.185  -5.147 -1.679
-999.0000000  565.000 320.317  3.755  -5.302 -1.968
-999.0000000  540.000 322.357  3.239  -5.830 -2.090
-999.0000000  515.000 324.520  2.601  -6.745 -1.968
-999.0000000  490.000 326.765  1.996  -7.797 -1.567
-999.0000000  465.000 329.034  1.414  -8.795 -0.879
-999.0000000  440.000 331.231  1.073  -9.245 -0.109
-999.0000000  415.000 333.274  0.975  -8.933  0.614
-999.0000000  390.000 335.164  0.934  -8.039  1.070
-999.0000000  365.000 336.897  0.940  -6.782  1.133
-999.0000000  340.000 338.604  0.825  -5.779  0.793
-999.0000000  315.000 340.317  0.632  -5.241  0.068
-999.0000000  290.000 341.991  0.453  -4.900 -0.904
-999.0000000  265.000 343.617  0.297  -4.541 -2.029
-999.0000000  240.000 345.137  0.180  -3.975 -3.152
-999.0000000  215.000 346.476  0.095  -3.201 -3.964
-999.0000000  190.000 347.906  0.041  -2.422 -4.193
-999.0000000  165.000 350.125  0.017  -1.738 -3.640
-999.0000000  140.000 355.176  0.008  -0.224 -2.648
-999.0000000  115.000 368.301  0.005   3.760 -1.613
-999.0000000   90.000 395.622  0.004   8.837 -0.407
-999.0000000   65.000 443.687  0.003   4.160 -0.057
-999.0000000   40.000 532.576  0.014 -10.553  0.214
-999.0000000   15.000 721.686  0.068 -22.354 -0.241
262.25  45   1003.45  day,levels,pres0
-999.0000000 1115.000 289.100 16.033  -0.769 -2.682
-999.0000000 1090.000 290.979 16.033  -0.769 -2.682
-999.0000000 1065.000 292.915 16.033  -0.769 -2.682
-999.0000000 1040.000 294.910 16.033  -0.769 -2.682
-999.0000000 1015.000 296.967 16.033  -0.769 -2.682
-999.0000000  990.000 299.091 16.033  -0.769 -2.682
-999.0000000  965.000 301.279 15.427  -2.243 -3.422
-999.0000000  940.000 302.221 15.304  -3.397 -3.024
-999.0000000  915.000 302.982 14.797  -4.443 -2.558
-999.0000000  890.000 303.962 13.672  -5.551 -2.156
-999.0000000  865.000 305.149 12.209  -6.743 -1.810
-999.0000000  840.000 306.245 11.033  -7.946 -1.470
-999.0000000  815.000 307.415  9.928  -9.087 -1.078
-999.0000000  790.000 308.672  8.658  -9.986 -0.656
-999.0000000  765.000 309.908  7.393 -10.403 -0.320
-999.0000000  740.000 311.012  6.588 -10.053 -0.229
-999.0000000  715.000 312.001  6.268  -9.087 -0.372
-999.0000000  690.000 313.000  5.936  -7.978 -0.594
-999.0000000  665.000 314.024  5.605  -6.802 -0.900
-999.0000000  640.000 315.152  5.188  -5.756 -1.349
-999.0000000  615.000 316.421  4.685  -4.935 -1.957
-999.0000000  590.000 317.903  4.260  -4.388 -2.524
-999.0000000  565.000 319.638  3.910  -4.219 -2.961
-999.0000000  540.000 321.582  3.451  -4.540 -3.157
-999.0000000  515.000 323.733  2.845  -5.436 -3.025
-999.0000000  490.000 326.065  2.228  -6.695 -2.556
-999.0000000  465.000 328.526  1.569  -8.094 -1.749
-999.0000000  440.000 330.934  1.190  -8.827 -0.852
-999.0000000  415.000 333.162  1.100  -8.576 -0.002
-999.0000000  390.000 335.158  1.061  -7.629  0.607
-999.0000000  365.000 336.901  1.064  -6.281  0.838
-999.0000000  340.000 338.572  0.919  -5.278  0.615
-999.0000000  315.000 340.230  0.683  -4.856 -0.053
-999.0000000  290.000 341.868  0.483  -4.626 -0.955
-999.0000000  265.000 343.475  0.322  -4.307 -1.937
-999.0000000  240.000 344.933  0.196  -3.701 -2.692
-999.0000000  215.000 346.153  0.100  -2.812 -2.676
-999.0000000  190.000 347.573  0.039  -1.801 -1.749
-999.0000000  165.000 350.046  0.012  -0.763 -0.532
-999.0000000  140.000 355.187  0.006   0.758 -0.061
-999.0000000  115.000 367.861  0.005   4.234 -0.456
-999.0000000   90.000 395.085  0.005   8.858 -0.746
-999.0000000   65.000 443.938  0.003   3.770 -1.031
-999.0000000   40.000 533.161  0.014 -10.624 -0.663
-999.0000000   15.000 722.324  0.070 -22.456 -0.802
262.375  45   1004.18  day,levels,pres0
-999.0000000 1115.000 288.896 16.369  -0.649 -2.730
-999.0000000 1090.000 290.774 16.369  -0.649 -2.730
-999.0000000 1065.000 292.708 16.369  -0.649 -2.730
-999.0000000 1040.000 294.701 16.369  -0.649 -2.730
-999.0000000 1015.000 296.757 16.369  -0.649 -2.730
-999.0000000  990.000 298.879 16.369  -0.649 -2.730
-999.0000000  965.000 300.676 15.546  -1.982 -3.607
-999.0000000  940.000 301.701 15.302  -3.141 -3.215
-999.0000000  915.000 302.499 14.832  -4.169 -2.708
-999.0000000  890.000 303.443 13.913  -5.232 -2.290
-999.0000000  865.000 304.552 12.695  -6.345 -1.954
-999.0000000  840.000 305.634 11.575  -7.442 -1.639
-999.0000000  815.000 306.769 10.463  -8.449 -1.262
-999.0000000  790.000 307.993  9.166  -9.236 -0.795
-999.0000000  765.000 309.273  7.730  -9.615 -0.330
-999.0000000  740.000 310.505  6.615  -9.337 -0.055
-999.0000000  715.000 311.674  5.950  -8.529 -0.000
-999.0000000  690.000 312.828  5.459  -7.594 -0.099
-999.0000000  665.000 313.963  5.173  -6.601 -0.388
-999.0000000  640.000 315.193  4.791  -5.765 -0.866
-999.0000000  615.000 316.557  4.307  -5.183 -1.537
-999.0000000  590.000 318.114  3.885  -4.884 -2.159
-999.0000000  565.000 319.882  3.522  -4.962 -2.638
-999.0000000  540.000 321.808  3.073  -5.492 -2.890
-999.0000000  515.000 323.870  2.510  -6.528 -2.849
-999.0000000  490.000 326.045  1.958  -7.787 -2.537
-999.0000000  465.000 328.298  1.402  -9.018 -1.950
-999.0000000  440.000 330.549  1.057  -9.501 -1.238
-999.0000000  415.000 332.707  0.921  -8.951 -0.487
-999.0000000  390.000 334.688  0.890  -7.710  0.136
-999.0000000  365.000 336.449  0.946  -6.110  0.496
-999.0000000  340.000 338.123  0.852  -4.944  0.437
-999.0000000  315.000 339.752  0.661  -4.491 -0.090
-999.0000000  290.000 341.348  0.482  -4.404 -0.943
-999.0000000  265.000 342.924  0.326  -4.412 -1.943
-999.0000000  240.000 344.426  0.199  -4.281 -2.600
-999.0000000  215.000 345.882  0.099  -3.878 -2.321
-999.0000000  190.000 347.676  0.035  -3.078 -1.274
-999.0000000  165.000 350.277  0.010  -1.782 -0.387
-999.0000000  140.000 355.345  0.006   0.513 -0.464
-999.0000000  115.000 368.340  0.005   4.662 -1.139
-999.0000000   90.000 396.116  0.005   8.914 -1.275
-999.0000000   65.000 444.433  0.003   3.166 -1.019
-999.0000000   40.000 532.983  0.014 -11.773 -0.614
-999.0000000   15.000 721.122  0.067 -23.432 -0.692
262.5  45   1007.06  day,levels,pres0
-999.0000000 1115.000 288.691 16.694  -0.531 -2.771
-999.0000000 1090.000 290.568 16.694  -0.531 -2.771
-999.0000000 1065.000 292.500 16.694  -0.531 -2.771
-999.0000000 1040.000 294.492 16.694  -0.531 -2.771
-999.0000000 1015.000 296.547 16.694  -0.531 -2.771
-999.0000000  990.000 298.667 16.694  -0.531 -2.771
-999.0000000  965.000 300.076 15.635  -1.721 -3.786
-999.0000000  940.000 301.182 15.284  -2.888 -3.402
-999.0000000  915.000 302.016 14.850  -3.901 -2.860
-999.0000000  890.000 302.924 14.123  -4.920 -2.431
-999.0000000  865.000 303.953 13.129  -5.954 -2.106
-999.0000000  840.000 305.024 12.061  -6.943 -1.811
-999.0000000  815.000 306.124 10.941  -7.815 -1.443
-999.0000000  790.000 307.315  9.616  -8.489 -0.927
-999.0000000  765.000 308.636  8.029  -8.829 -0.331
-999.0000000  740.000 309.997  6.631  -8.618  0.125
-999.0000000  715.000 311.347  5.639  -7.960  0.373
-999.0000000  690.000 312.656  4.989  -7.193  0.396
-999.0000000  665.000 313.900  4.743  -6.383  0.126
-999.0000000  640.000 315.232  4.389  -5.755 -0.376
-999.0000000  615.000 316.693  3.919  -5.414 -1.107
-999.0000000  590.000 318.322  3.499  -5.363 -1.784
-999.0000000  565.000 320.129  3.119  -5.685 -2.308
-999.0000000  540.000 322.035  2.682  -6.426 -2.620
-999.0000000  515.000 324.006  2.168  -7.604 -2.674
-999.0000000  490.000 326.027  1.688  -8.865 -2.520
-999.0000000  465.000 328.072  1.239  -9.933 -2.154
-999.0000000  440.000 330.165  0.928 -10.167 -1.627
-999.0000000  415.000 332.253  0.750  -9.318 -0.973
-999.0000000  390.000 334.220  0.728  -7.783 -0.334
-999.0000000  365.000 335.997  0.834  -5.930  0.155
-999.0000000  340.000 337.672  0.789  -4.604  0.261
-999.0000000  315.000 339.273  0.641  -4.124 -0.125
-999.0000000  290.000 340.830  0.481  -4.182 -0.930
-999.0000000  265.000 342.375  0.330  -4.519 -1.948
-999.0000000  240.000 343.920  0.202  -4.865 -2.507
-999.0000000  215.000 345.609  0.098  -4.946 -1.964
-999.0000000  190.000 347.778  0.031  -4.355 -0.797
-999.0000000  165.000 350.510  0.008  -2.799 -0.240
-999.0000000  140.000 355.503  0.006   0.270 -0.865
-999.0000000  115.000 368.820  0.005   5.091 -1.822
-999.0000000   90.000 397.148  0.004   8.970 -1.803
-999.0000000   65.000 444.931  0.003   2.562 -1.007
-999.0000000   40.000 532.807  0.014 -12.922 -0.566
-999.0000000   15.000 719.920  0.064 -24.408 -0.581
262.625  45   1006.89  day,levels,pres0
-999.0000000 1115.000 289.395 16.040  -1.260 -1.771
-999.0000000 1090.000 291.276 16.040  -1.260 -1.771
-999.0000000 1065.000 293.214 16.040  -1.260 -1.771
-999.0000000 1040.000 295.210 16.040  -1.260 -1.771
-999.0000000 1015.000 297.270 16.040  -1.260 -1.771
-999.0000000  990.000 299.395 16.040  -1.260 -1.771
-999.0000000  965.000 300.400 15.439  -1.967 -2.207
-999.0000000  940.000 301.438 15.334  -2.621 -2.070
-999.0000000  915.000 302.619 15.130  -3.254 -1.838
-999.0000000  890.000 303.874 14.663  -4.004 -1.598
-999.0000000  865.000 304.973 13.821  -4.881 -1.359
-999.0000000  840.000 306.000 12.852  -5.718 -1.113
-999.0000000  815.000 306.985 11.832  -6.404 -0.810
-999.0000000  790.000 308.030 10.630  -6.918 -0.410
-999.0000000  765.000 309.212  9.196  -7.213  0.017
-999.0000000  740.000 310.488  7.781  -7.159  0.309
-999.0000000  715.000 311.807  6.580  -6.808  0.422
-999.0000000  690.000 313.111  5.681  -6.339  0.347
-999.0000000  665.000 314.376  5.127  -5.780  0.033
-999.0000000  640.000 315.724  4.559  -5.328 -0.451
-999.0000000  615.000 317.196  3.972  -5.071 -1.098
-999.0000000  590.000 318.873  3.463  -5.087 -1.703
-999.0000000  565.000 320.768  3.020  -5.459 -2.189
-999.0000000  540.000 322.716  2.573  -6.162 -2.506
-999.0000000  515.000 324.655  2.107  -7.189 -2.608
-999.0000000  490.000 326.624  1.669  -8.231 -2.523
-999.0000000  465.000 328.617  1.257  -9.071 -2.248
-999.0000000  440.000 330.643  0.959  -9.267 -1.871
-999.0000000  415.000 332.660  0.768  -8.628 -1.450
-999.0000000  390.000 334.592  0.691  -7.391 -1.111
-999.0000000  365.000 336.376  0.710  -5.808 -0.957
-999.0000000  340.000 338.045  0.643  -4.520 -1.105
-999.0000000  315.000 339.599  0.518  -3.806 -1.580
-999.0000000  290.000 341.064  0.390  -3.536 -2.245
-999.0000000  265.000 342.481  0.272  -3.612 -2.896
-999.0000000  240.000 343.905  0.173  -3.970 -3.006
-999.0000000  215.000 345.520  0.089  -4.441 -2.023
-999.0000000  190.000 347.644  0.031  -4.454 -0.302
-999.0000000  165.000 350.474  0.011  -3.275  0.690
-999.0000000  140.000 356.073  0.007   0.081 -0.258
-999.0000000  115.000 369.770  0.005   5.491 -1.970
-999.0000000   90.000 396.808  0.004   9.532 -2.240
-999.0000000   65.000 443.746  0.004   3.113 -1.364
-999.0000000   40.000 532.145  0.013 -11.825 -0.555
-999.0000000   15.000 721.480  0.068 -22.796 -0.545
262.75  45   1002.18  day,levels,pres0
-999.0000000 1115.000 290.091 15.264  -1.946 -0.793
-999.0000000 1090.000 291.977 15.264  -1.946 -0.793
-999.0000000 1065.000 293.919 15.264  -1.946 -0.793
-999.0000000 1040.000 295.920 15.264  -1.946 -0.793
-999.0000000 1015.000 297.985 15.264  -1.946 -0.793
-999.0000000  990.000 300.116 15.264  -1.946 -0.793
-999.0000000  965.000 300.720 15.200  -2.210 -0.663
-999.0000000  940.000 301.688 15.362  -2.380 -0.773
-999.0000000  915.000 303.214 15.395  -2.631 -0.837
-999.0000000  890.000 304.817 15.198  -3.098 -0.773
-999.0000000  865.000 305.987 14.534  -3.809 -0.610
-999.0000000  840.000 306.976 13.688  -4.484 -0.414
-999.0000000  815.000 307.848 12.787  -4.976 -0.169
-999.0000000  790.000 308.751 11.717  -5.332  0.119
-999.0000000  765.000 309.795 10.435  -5.587  0.371
-999.0000000  740.000 310.984  8.994  -5.689  0.491
-999.0000000  715.000 312.272  7.569  -5.641  0.462
-999.0000000  690.000 313.572  6.405  -5.472  0.284
-999.0000000  665.000 314.857  5.526  -5.175 -0.077
-999.0000000  640.000 316.221  4.731  -4.905 -0.546
-999.0000000  615.000 317.702  4.019  -4.736 -1.110
-999.0000000  590.000 319.426  3.417  -4.817 -1.642
-999.0000000  565.000 321.410  2.906  -5.232 -2.087
-999.0000000  540.000 323.400  2.446  -5.892 -2.407
-999.0000000  515.000 325.307  2.036  -6.763 -2.558
-999.0000000  490.000 327.227  1.645  -7.587 -2.541
-999.0000000  465.000 329.164  1.276  -8.202 -2.358
-999.0000000  440.000 331.124  0.991  -8.363 -2.133
-999.0000000  415.000 333.070  0.786  -7.935 -1.944
-999.0000000  390.000 334.965  0.653  -7.002 -1.906
-999.0000000  365.000 336.755  0.580  -5.692 -2.085
-999.0000000  340.000 338.417  0.489  -4.444 -2.485
-999.0000000  315.000 339.920  0.390  -3.493 -3.048
-999.0000000  290.000 341.294  0.296  -2.891 -3.569
-999.0000000  265.000 342.585  0.213  -2.703 -3.852
-999.0000000  240.000 343.887  0.143  -3.069 -3.511
-999.0000000  215.000 345.427  0.079  -3.930 -2.088
-999.0000000  190.000 347.508  0.032  -4.550  0.187
-999.0000000  165.000 350.438  0.013  -3.751  1.615
-999.0000000  140.000 356.639  0.008  -0.110  0.343
-999.0000000  115.000 370.720  0.005   5.891 -2.120
-999.0000000   90.000 396.472  0.003  10.095 -2.676
-999.0000000   65.000 442.562  0.005   3.665 -1.721
-999.0000000   40.000 531.480  0.013 -10.727 -0.545
-999.0000000   15.000 723.037  0.072 -21.184 -0.509
262.875  45   1002.44  day,levels,pres0
-999.0000000 1115.000 289.684 15.051  -2.588 -0.463
-999.0000000 1090.000 291.567 15.051  -2.588 -0.463
-999.0000000 1065.000 293.506 15.051  -2.588 -0.463
-999.0000000 1040.000 295.505 15.051  -2.588 -0.463
-999.0000000 1015.000 297.566 15.051  -2.588 -0.463
-999.0000000  990.000 299.694 15.051  -2.588 -0.463
-999.0000000  965.000 300.648 15.069  -3.183 -0.573
-999.0000000  940.000 301.679 15.338  -3.155 -0.606
-999.0000000  915.000 303.169 15.237  -3.377 -0.648
-999.0000000  890.000 304.687 14.842  -4.039 -0.714
-999.0000000  865.000 305.892 14.111  -4.878 -0.644
-999.0000000  840.000 306.897 13.220  -5.575 -0.411
-999.0000000  815.000 307.768 12.284  -6.012 -0.084
-999.0000000  790.000 308.666 11.171  -6.306  0.237
-999.0000000  765.000 309.731  9.862  -6.512  0.459
-999.0000000  740.000 310.941  8.475  -6.556  0.489
-999.0000000  715.000 312.233  7.168  -6.423  0.337
-999.0000000  690.000 313.537  6.073  -6.128  0.043
-999.0000000  665.000 314.827  5.206  -5.657 -0.416
-999.0000000  640.000 316.190  4.449  -5.217 -0.945
-999.0000000  615.000 317.659  3.806  -4.886 -1.520
-999.0000000  590.000 319.340  3.263  -4.785 -2.036
-999.0000000  565.000 321.254  2.808  -4.995 -2.438
-999.0000000  540.000 323.218  2.376  -5.474 -2.685
-999.0000000  515.000 325.168  1.960  -6.239 -2.735
-999.0000000  490.000 327.150  1.568  -7.168 -2.608
-999.0000000  465.000 329.147  1.200  -8.150 -2.327
-999.0000000  440.000 331.127  0.923  -8.819 -2.065
-999.0000000  415.000 333.045  0.733  -8.937 -1.910
-999.0000000  390.000 334.902  0.604  -8.344 -1.908
-999.0000000  365.000 336.663  0.527  -7.053 -2.095
-999.0000000  340.000 338.324  0.450  -5.545 -2.466
-999.0000000  315.000 339.865  0.375  -4.140 -2.964
-999.0000000  290.000 341.293  0.292  -3.126 -3.402
-999.0000000  265.000 342.666  0.211  -2.675 -3.586
-999.0000000  240.000 344.100  0.144  -2.874 -3.155
-999.0000000  215.000 345.775  0.084  -3.551 -1.784
-999.0000000  190.000 347.921  0.038  -3.826  0.149
-999.0000000  165.000 350.925  0.016  -2.518  1.054
-999.0000000  140.000 356.874  0.008   1.410 -0.399
-999.0000000  115.000 370.237  0.005   7.205 -2.572
-999.0000000   90.000 395.855  0.004  10.881 -2.917
-999.0000000   65.000 442.861  0.005   3.825 -1.618
-999.0000000   40.000 532.448  0.014 -10.991 -0.902
-999.0000000   15.000 724.355  0.075 -21.683 -0.875
263.0  45   1005.33  day,levels,pres0
-999.0000000 1115.000 289.271 14.861  -3.343 -0.253
-999.0000000 1090.000 291.151 14.861  -3.343 -0.253
-999.0000000 1065.000 293.088 14.861  -3.343 -0.253
-999.0000000 1040.000 295.084 14.861  -3.343 -0.253
-999.0000000 1015.000 297.142 14.861  -3.343 -0.253
-999.0000000  990.000 299.267 14.861  -3.343 -0.253
-999.0000000  965.000 300.570 14.949  -4.257 -0.568
-999.0000000  940.000 301.670 15.315  -3.984 -0.485
-999.0000000  915.000 303.126 15.080  -4.131 -0.481
-999.0000000  890.000 304.559 14.493  -4.956 -0.653
-999.0000000  865.000 305.801 13.693  -5.898 -0.654
-999.0000000  840.000 306.821 12.754  -6.599 -0.375
-999.0000000  815.000 307.692 11.781  -6.971  0.038
-999.0000000  790.000 308.585 10.625  -7.201  0.389
-999.0000000  765.000 309.670  9.285  -7.363  0.578
-999.0000000  740.000 310.899  7.951  -7.359  0.517
-999.0000000  715.000 312.198  6.764  -7.153  0.238
-999.0000000  690.000 313.506  5.739  -6.742 -0.178
-999.0000000  665.000 314.800  4.885  -6.106 -0.739
-999.0000000  640.000 316.164  4.167  -5.501 -1.332
-999.0000000  615.000 317.621  3.594  -5.013 -1.925
-999.0000000  590.000 319.259  3.111  -4.733 -2.428
-999.0000000  565.000 321.099  2.712  -4.739 -2.787
-999.0000000  540.000 323.036  2.308  -5.035 -2.962
-999.0000000  515.000 325.029  1.884  -5.691 -2.909
-999.0000000  490.000 327.073  1.491  -6.726 -2.672
-999.0000000  465.000 329.127  1.123  -8.084 -2.290
-999.0000000  440.000 331.128  0.853  -9.267 -1.992
-999.0000000  415.000 333.019  0.679  -9.938 -1.871
-999.0000000  390.000 334.836  0.555  -9.686 -1.906
-999.0000000  365.000 336.567  0.475  -8.412 -2.101
-999.0000000  340.000 338.227  0.411  -6.642 -2.445
-999.0000000  315.000 339.801  0.359  -4.782 -2.879
-999.0000000  290.000 341.284  0.287  -3.356 -3.231
-999.0000000  265.000 342.739  0.209  -2.645 -3.314
-999.0000000  240.000 344.307  0.146  -2.676 -2.793
-999.0000000  215.000 346.118  0.089  -3.168 -1.473
-999.0000000  190.000 348.330  0.043  -3.094  0.115
-999.0000000  165.000 351.410  0.019  -1.279  0.498
-999.0000000  140.000 357.111  0.009   2.932 -1.135
-999.0000000  115.000 369.753  0.005   8.518 -3.023
-999.0000000   90.000 395.240  0.004  11.666 -3.157
-999.0000000   65.000 443.163  0.004   3.985 -1.514
-999.0000000   40.000 533.414  0.014 -11.254 -1.259
-999.0000000   15.000 725.677  0.079 -22.183 -1.242
263.125  45   1006.05  day,levels,pres0
-999.0000000 1115.000 289.079 15.474  -2.239 -0.654
-999.0000000 1090.000 290.958 15.474  -2.239 -0.654
-999.0000000 1065.000 292.893 15.474  -2.239 -0.654
-999.0000000 1040.000 294.888 15.474  -2.239 -0.654
-999.0000000 1015.000 296.945 15.474  -2.239 -0.654
-999.0000000  990.000 299.069 15.474  -2.239 -0.654
-999.0000000  965.000 300.484 15.530  -3.646 -1.112
-999.0000000  940.000 301.543 15.642  -4.279 -1.192
-999.0000000  915.000 302.755 15.197  -5.006 -1.332
-999.0000000  890.000 303.991 14.437  -5.970 -1.593
-999.0000000  865.000 305.258 13.431  -6.873 -1.644
-999.0000000  840.000 306.456 12.157  -7.450 -1.310
-999.0000000  815.000 307.535 10.810  -7.696 -0.767
-999.0000000  790.000 308.549  9.517  -7.821 -0.266
-999.0000000  765.000 309.699  8.233  -7.862  0.079
-999.0000000  740.000 310.964  7.094  -7.695  0.129
-999.0000000  715.000 312.285  6.147  -7.302 -0.095
-999.0000000  690.000 313.606  5.325  -6.752 -0.475
-999.0000000  665.000 314.907  4.640  -6.047 -1.009
-999.0000000  640.000 316.274  4.058  -5.416 -1.536
-999.0000000  615.000 317.729  3.589  -4.946 -2.006
-999.0000000  590.000 319.333  3.163  -4.712 -2.356
-999.0000000  565.000 321.095  2.773  -4.793 -2.537
-999.0000000  540.000 322.938  2.373  -5.183 -2.537
-999.0000000  515.000 324.827  1.952  -5.938 -2.330
-999.0000000  490.000 326.772  1.563  -7.011 -1.997
-999.0000000  465.000 328.746  1.200  -8.339 -1.602
-999.0000000  440.000 330.721  0.906  -9.540 -1.369
-999.0000000  415.000 332.649  0.679 -10.316 -1.381
-999.0000000  390.000 334.516  0.534 -10.229 -1.543
-999.0000000  365.000 336.289  0.461  -9.089 -1.813
-999.0000000  340.000 337.993  0.410  -7.169 -2.141
-999.0000000  315.000 339.632  0.373  -4.848 -2.495
-999.0000000  290.000 341.246  0.301  -2.961 -2.845
-999.0000000  265.000 342.880  0.215  -1.935 -3.027
-999.0000000  240.000 344.536  0.145  -1.780 -2.587
-999.0000000  215.000 346.183  0.087  -2.172 -1.422
-999.0000000  190.000 348.064  0.044  -2.008 -0.383
-999.0000000  165.000 350.965  0.020  -0.238 -0.653
-999.0000000  140.000 356.671  0.009   3.287 -1.675
-999.0000000  115.000 369.360  0.005   7.678 -1.889
-999.0000000   90.000 395.352  0.004  10.160 -1.792
-999.0000000   65.000 443.783  0.004   2.812 -1.187
-999.0000000   40.000 534.039  0.015 -11.561 -1.405
-999.0000000   15.000 725.750  0.079 -22.067 -0.953
263.25  45   1004.13  day,levels,pres0
-999.0000000 1115.000 288.888 16.061  -1.161 -1.076
-999.0000000 1090.000 290.766 16.061  -1.161 -1.076
-999.0000000 1065.000 292.700 16.061  -1.161 -1.076
-999.0000000 1040.000 294.693 16.061  -1.161 -1.076
-999.0000000 1015.000 296.749 16.061  -1.161 -1.076
-999.0000000  990.000 298.871 16.061  -1.161 -1.076
-999.0000000  965.000 300.397 16.096  -3.053 -1.668
-999.0000000  940.000 301.416 15.959  -4.582 -1.904
-999.0000000  915.000 302.385 15.301  -5.882 -2.187
-999.0000000  890.000 303.422 14.364  -6.979 -2.533
-999.0000000  865.000 304.715 13.164  -7.839 -2.632
-999.0000000  840.000 306.092 11.574  -8.289 -2.240
-999.0000000  815.000 307.379  9.852  -8.407 -1.566
-999.0000000  790.000 308.515  8.410  -8.425 -0.915
-999.0000000  765.000 309.729  7.174  -8.346 -0.415
-999.0000000  740.000 311.028  6.228  -8.019 -0.254
-999.0000000  715.000 312.371  5.522  -7.441 -0.425
-999.0000000  690.000 313.708  4.906  -6.753 -0.769
-999.0000000  665.000 315.013  4.391  -5.982 -1.277
-999.0000000  640.000 316.384  3.947  -5.325 -1.739
-999.0000000  615.000 317.839  3.584  -4.873 -2.087
-999.0000000  590.000 319.408  3.216  -4.686 -2.284
-999.0000000  565.000 321.090  2.834  -4.842 -2.289
-999.0000000  540.000 322.840  2.438  -5.327 -2.113
-999.0000000  515.000 324.626  2.018  -6.182 -1.752
-999.0000000  490.000 326.472  1.630  -7.292 -1.322
-999.0000000  465.000 328.364  1.272  -8.592 -0.912
-999.0000000  440.000 330.313  0.956  -9.812 -0.745
-999.0000000  415.000 332.279  0.679 -10.693 -0.890
-999.0000000  390.000 334.195  0.515 -10.771 -1.178
-999.0000000  365.000 336.010  0.448  -9.765 -1.524
-999.0000000  340.000 337.758  0.408  -7.694 -1.836
-999.0000000  315.000 339.461  0.386  -4.913 -2.110
-999.0000000  290.000 341.205  0.314  -2.564 -2.457
-999.0000000  265.000 343.021  0.221  -1.226 -2.738
-999.0000000  240.000 344.763  0.145  -0.884 -2.379
-999.0000000  215.000 346.249  0.085  -1.175 -1.368
-999.0000000  190.000 347.797  0.044  -0.919 -0.880
-999.0000000  165.000 350.520  0.020   0.805 -1.802
-999.0000000  140.000 356.230  0.009   3.643 -2.213
-999.0000000  115.000 368.967  0.005   6.839 -0.754
-999.0000000   90.000 395.465  0.005   8.653 -0.427
-999.0000000   65.000 444.405  0.004   1.639 -0.860
-999.0000000   40.000 534.661  0.015 -11.868 -1.552
-999.0000000   15.000 725.819  0.079 -21.951 -0.663
263.375  45   1004.69  day,levels,pres0
-999.0000000 1115.000 288.722 16.445  -1.774 -1.084
-999.0000000 1090.000 290.599 16.445  -1.774 -1.084
-999.0000000 1065.000 292.532 16.445  -1.774 -1.084
-999.0000000 1040.000 294.524 16.445  -1.774 -1.084
-999.0000000 1015.000 296.579 16.445  -1.774 -1.084
-999.0000000  990.000 298.699 16.445  -1.774 -1.084
-999.0000000  965.000 299.935 16.197  -3.560 -1.600
-999.0000000  940.000 300.977 16.005  -5.032 -1.796
-999.0000000  915.000 301.968 15.407  -6.292 -2.002
-999.0000000  890.000 302.984 14.394  -7.380 -2.263
-999.0000000  865.000 304.183 13.124  -8.256 -2.356
-999.0000000  840.000 305.589 11.480  -8.851 -2.095
-999.0000000  815.000 307.013  9.727  -9.117 -1.558
-999.0000000  790.000 308.274  8.308  -9.090 -0.957
-999.0000000  765.000 309.562  7.116  -8.853 -0.456
-999.0000000  740.000 310.891  6.215  -8.364 -0.218
-999.0000000  715.000 312.244  5.542  -7.682 -0.246
-999.0000000  690.000 313.587  4.960  -6.961 -0.429
-999.0000000  665.000 314.894  4.480  -6.236 -0.762
-999.0000000  640.000 316.267  4.046  -5.619 -1.042
-999.0000000  615.000 317.720  3.661  -5.182 -1.212
-999.0000000  590.000 319.284  3.286  -5.006 -1.303
-999.0000000  565.000 320.950  2.912  -5.175 -1.303
-999.0000000  540.000 322.666  2.527  -5.661 -1.206
-999.0000000  515.000 324.406  2.123  -6.509 -1.009
-999.0000000  490.000 326.228  1.702  -7.633 -0.793
-999.0000000  465.000 328.124  1.258  -8.975 -0.615
-999.0000000  440.000 330.071  0.895 -10.224 -0.598
-999.0000000  415.000 332.027  0.609 -11.107 -0.792
-999.0000000  390.000 333.953  0.448 -11.150 -1.116
-999.0000000  365.000 335.801  0.395 -10.074 -1.501
-999.0000000  340.000 337.574  0.371  -7.920 -1.791
-999.0000000  315.000 339.290  0.366  -5.060 -1.993
-999.0000000  290.000 341.062  0.302  -2.649 -2.332
-999.0000000  265.000 342.923  0.208  -1.271 -2.740
-999.0000000  240.000 344.671  0.134  -0.885 -2.649
-999.0000000  215.000 346.119  0.081  -1.141 -1.960
-999.0000000  190.000 347.641  0.044  -1.010 -1.646
-999.0000000  165.000 350.429  0.020   0.318 -2.205
-999.0000000  140.000 356.230  0.008   2.582 -1.973
-999.0000000  115.000 369.052  0.005   5.546 -0.367
-999.0000000   90.000 395.875  0.005   8.084 -0.166
-999.0000000   65.000 444.488  0.004   1.632 -0.460
-999.0000000   40.000 534.495  0.015 -11.719 -0.805
-999.0000000   15.000 724.697  0.076 -22.234  0.225
263.5  45   1007.13  day,levels,pres0
-999.0000000 1115.000 288.557 16.822  -2.380 -1.086
-999.0000000 1090.000 290.433 16.822  -2.380 -1.086
-999.0000000 1065.000 292.365 16.822  -2.380 -1.086
-999.0000000 1040.000 294.356 16.822  -2.380 -1.086
-999.0000000 1015.000 296.409 16.822  -2.380 -1.086
-999.0000000  990.000 298.529 16.822  -2.380 -1.086
-999.0000000  965.000 299.472 16.278  -4.063 -1.531
-999.0000000  940.000 300.537 16.034  -5.480 -1.688
-999.0000000  915.000 301.551 15.495  -6.702 -1.817
-999.0000000  890.000 302.546 14.409  -7.783 -1.992
-999.0000000  865.000 303.649 13.070  -8.675 -2.081
-999.0000000  840.000 305.087 11.380  -9.417 -1.949
-999.0000000  815.000 306.647  9.601  -9.831 -1.549
-999.0000000  790.000 308.035  8.206  -9.758 -1.000
-999.0000000  765.000 309.396  7.057  -9.363 -0.496
-999.0000000  740.000 310.752  6.200  -8.712 -0.181
-999.0000000  715.000 312.117  5.560  -7.925 -0.066
-999.0000000  690.000 313.467  5.011  -7.170 -0.088
-999.0000000  665.000 314.776  4.567  -6.491 -0.245
-999.0000000  640.000 316.149  4.142  -5.914 -0.343
-999.0000000  615.000 317.603  3.737  -5.491 -0.336
-999.0000000  590.000 319.160  3.354  -5.327 -0.320
-999.0000000  565.000 320.809  2.988  -5.508 -0.315
-999.0000000  540.000 322.492  2.613  -5.996 -0.296
-999.0000000  515.000 324.186  2.224  -6.836 -0.266
-999.0000000  490.000 325.981  1.770  -7.975 -0.264
-999.0000000  465.000 327.883  1.243  -9.358 -0.317
-999.0000000  440.000 329.830  0.836 -10.637 -0.452
-999.0000000  415.000 331.776  0.542 -11.521 -0.694
-999.0000000  390.000 333.711  0.384 -11.528 -1.055
-999.0000000  365.000 335.592  0.342 -10.383 -1.478
-999.0000000  340.000 337.390  0.334  -8.147 -1.747
-999.0000000  315.000 339.119  0.347  -5.206 -1.877
-999.0000000  290.000 340.921  0.289  -2.734 -2.208
-999.0000000  265.000 342.825  0.195  -1.316 -2.743
-999.0000000  240.000 344.581  0.123  -0.886 -2.918
-999.0000000  215.000 345.989  0.076  -1.106 -2.553
-999.0000000  190.000 347.483  0.044  -1.101 -2.413
-999.0000000  165.000 350.339  0.019  -0.168 -2.609
-999.0000000  140.000 356.230  0.008   1.521 -1.733
-999.0000000  115.000 369.139  0.005   4.254  0.021
-999.0000000   90.000 396.283  0.006   7.514  0.095
-999.0000000   65.000 444.571  0.003   1.625 -0.059
-999.0000000   40.000 534.330  0.015 -11.571 -0.059
-999.0000000   15.000 723.572  0.073 -22.517  1.114
263.625  45   1006.85  day,levels,pres0
-999.0000000 1115.000 289.305 16.157  -3.236 -0.623
-999.0000000 1090.000 291.185 16.157  -3.236 -0.623
-999.0000000 1065.000 293.122 16.157  -3.236 -0.623
-999.0000000 1040.000 295.118 16.157  -3.236 -0.623
-999.0000000 1015.000 297.177 16.157  -3.236 -0.623
-999.0000000  990.000 299.302 16.157  -3.236 -0.623
-999.0000000  965.000 300.352 16.126  -4.717 -0.823
-999.0000000  940.000 301.561 16.053  -5.754 -0.880
-999.0000000  915.000 302.791 15.492  -6.526 -0.978
-999.0000000  890.000 303.753 14.457  -7.227 -1.097
-999.0000000  865.000 304.702 13.109  -7.833 -1.109
-999.0000000  840.000 305.841 11.538  -8.341 -0.937
-999.0000000  815.000 307.072  9.951  -8.626 -0.563
-999.0000000  790.000 308.307  8.628  -8.584 -0.072
-999.0000000  765.000 309.608  7.512  -8.293  0.393
-999.0000000  740.000 310.930  6.635  -7.792  0.709
-999.0000000  715.000 312.248  5.945  -7.172  0.860
-999.0000000  690.000 313.531  5.340  -6.554  0.876
-999.0000000  665.000 314.755  4.834  -5.968  0.741
-999.0000000  640.000 316.054  4.359  -5.478  0.583
-999.0000000  615.000 317.470  3.921  -5.144  0.422
-999.0000000  590.000 319.086  3.544  -5.060  0.233
-999.0000000  565.000 320.904  3.221  -5.304  0.011
-999.0000000  540.000 322.737  2.846  -5.825 -0.204
-999.0000000  515.000 324.526  2.409  -6.645 -0.403
-999.0000000  490.000 326.406  1.917  -7.664 -0.604
-999.0000000  465.000 328.397  1.362  -8.797 -0.813
-999.0000000  440.000 330.451  0.946  -9.723 -1.033
-999.0000000  415.000 332.515  0.663 -10.192 -1.272
-999.0000000  390.000 334.555  0.492  -9.889 -1.551
-999.0000000  365.000 336.512  0.420  -8.667 -1.840
-999.0000000  340.000 338.361  0.375  -6.748 -2.005
-999.0000000  315.000 340.086  0.349  -4.471 -2.073
-999.0000000  290.000 341.770  0.278  -2.612 -2.304
-999.0000000  265.000 343.434  0.187  -1.541 -2.732
-999.0000000  240.000 344.936  0.117  -1.151 -3.030
-999.0000000  215.000 346.203  0.073  -1.119 -3.047
-999.0000000  190.000 347.670  0.043  -0.716 -3.070
-999.0000000  165.000 350.377  0.020   0.521 -2.829
-999.0000000  140.000 355.955  0.008   2.177 -1.331
-999.0000000  115.000 368.648  0.006   4.654  0.549
-999.0000000   90.000 395.672  0.005   7.648  0.517
-999.0000000   65.000 444.139  0.003   1.824  0.076
-999.0000000   40.000 533.352  0.014 -11.393 -0.155
-999.0000000   15.000 722.214  0.070 -22.266  0.715
263.75  45   1003.08  day,levels,pres0
-999.0000000 1115.000 290.052 15.391  -4.117 -0.174
-999.0000000 1090.000 291.938 15.391  -4.117 -0.174
-999.0000000 1065.000 293.879 15.391  -4.117 -0.174
-999.0000000 1040.000 295.881 15.391  -4.117 -0.174
-999.0000000 1015.000 297.945 15.391  -4.117 -0.174
-999.0000000  990.000 300.075 15.391  -4.117 -0.174
-999.0000000  965.000 301.233 15.902  -5.394 -0.114
-999.0000000  940.000 302.586 15.999  -6.047 -0.069
-999.0000000  915.000 304.033 15.381  -6.372 -0.138
-999.0000000  890.000 304.961 14.418  -6.697 -0.204
-999.0000000  865.000 305.753 13.090  -7.013 -0.146
-999.0000000  840.000 306.594 11.683  -7.284  0.063
-999.0000000  815.000 307.497 10.310  -7.435  0.412
-999.0000000  790.000 308.579  9.060  -7.422  0.846
-999.0000000  765.000 309.821  7.976  -7.230  1.272
-999.0000000  740.000 311.107  7.078  -6.876  1.591
-999.0000000  715.000 312.378  6.334  -6.420  1.783
-999.0000000  690.000 313.595  5.669  -5.936  1.838
-999.0000000  665.000 314.733  5.099  -5.444  1.725
-999.0000000  640.000 315.957  4.572  -5.043  1.506
-999.0000000  615.000 317.335  4.100  -4.798  1.175
-999.0000000  590.000 319.009  3.731  -4.794  0.781
-999.0000000  565.000 321.000  3.455  -5.101  0.333
-999.0000000  540.000 322.983  3.086  -5.654 -0.113
-999.0000000  515.000 324.868  2.601  -6.452 -0.541
-999.0000000  490.000 326.832  2.070  -7.350 -0.944
-999.0000000  465.000 328.914  1.486  -8.233 -1.309
-999.0000000  440.000 331.074  1.063  -8.807 -1.615
-999.0000000  415.000 333.258  0.794  -8.865 -1.852
-999.0000000  390.000 335.400  0.611  -8.253 -2.051
-999.0000000  365.000 337.434  0.506  -6.956 -2.204
-999.0000000  340.000 339.328  0.419  -5.353 -2.266
-999.0000000  315.000 341.053  0.349  -3.740 -2.272
-999.0000000  290.000 342.619  0.264  -2.492 -2.402
-999.0000000  265.000 344.045  0.178  -1.768 -2.723
-999.0000000  240.000 345.292  0.110  -1.419 -3.145
-999.0000000  215.000 346.419  0.070  -1.135 -3.544
-999.0000000  190.000 347.856  0.043  -0.332 -3.731
-999.0000000  165.000 350.414  0.020   1.209 -3.053
-999.0000000  140.000 355.678  0.009   2.833 -0.931
-999.0000000  115.000 368.154  0.006   5.054  1.077
-999.0000000   90.000 395.059  0.005   7.782  0.940
-999.0000000   65.000 443.706  0.003   2.024  0.212
-999.0000000   40.000 532.373  0.014 -11.216 -0.250
-999.0000000   15.000 720.856  0.066 -22.015  0.315
263.875  45   1002.66  day,levels,pres0
-999.0000000 1115.000 289.847 15.928  -3.711 -0.435
-999.0000000 1090.000 291.731 15.928  -3.711 -0.435
-999.0000000 1065.000 293.671 15.928  -3.711 -0.435
-999.0000000 1040.000 295.671 15.928  -3.711 -0.435
-999.0000000 1015.000 297.734 15.928  -3.711 -0.435
-999.0000000  990.000 299.863 15.928  -3.711 -0.435
-999.0000000  965.000 301.128 16.081  -5.276 -0.471
-999.0000000  940.000 302.511 15.866  -6.277 -0.300
-999.0000000  915.000 303.935 14.790  -7.007 -0.205
-999.0000000  890.000 304.955 13.497  -7.634 -0.184
-999.0000000  865.000 305.933 12.027  -8.186 -0.097
-999.0000000  840.000 306.889 10.619  -8.588  0.129
-999.0000000  815.000 307.902  9.320  -8.763  0.492
-999.0000000  790.000 309.006  8.225  -8.680  0.904
-999.0000000  765.000 310.165  7.351  -8.354  1.261
-999.0000000  740.000 311.331  6.650  -7.842  1.481
-999.0000000  715.000 312.498  6.054  -7.233  1.565
-999.0000000  690.000 313.645  5.486  -6.616  1.526
-999.0000000  665.000 314.755  4.951  -6.025  1.342
-999.0000000  640.000 315.961  4.454  -5.585  1.084
-999.0000000  615.000 317.313  4.002  -5.363  0.756
-999.0000000  590.000 318.923  3.652  -5.346  0.397
-999.0000000  565.000 320.811  3.402  -5.565  0.015
-999.0000000  540.000 322.753  3.053  -5.942 -0.367
-999.0000000  515.000 324.686  2.581  -6.495 -0.725
-999.0000000  490.000 326.722  2.049  -7.261 -1.004
-999.0000000  465.000 328.876  1.443  -8.193 -1.175
-999.0000000  440.000 331.074  1.016  -8.924 -1.258
-999.0000000  415.000 333.248  0.763  -9.191 -1.276
-999.0000000  390.000 335.349  0.590  -8.679 -1.323
-999.0000000  365.000 337.319  0.492  -7.317 -1.404
-999.0000000  340.000 339.169  0.410  -5.552 -1.394
-999.0000000  315.000 340.877  0.342  -3.709 -1.305
-999.0000000  290.000 342.448  0.261  -2.173 -1.340
-999.0000000  265.000 343.902  0.180  -1.112 -1.587
-999.0000000  240.000 345.229  0.113  -0.435 -1.985
-999.0000000  215.000 346.513  0.072   0.054 -2.421
-999.0000000  190.000 348.168  0.045   0.804 -2.662
-999.0000000  165.000 350.841  0.022   1.965 -2.100
-999.0000000  140.000 356.045  0.010   3.221 -0.417
-999.0000000  115.000 368.334  0.006   5.306  0.983
-999.0000000   90.000 394.709  0.005   7.834  0.771
-999.0000000   65.000 442.776  0.004   1.992  0.129
-999.0000000   40.000 532.218  0.013 -11.675  0.118
-999.0000000   15.000 721.706  0.068 -22.481  0.638
264.0  45   1005.89  day,levels,pres0
-999.0000000 1115.000 289.638 16.444  -3.310 -0.697
-999.0000000 1090.000 291.521 16.444  -3.310 -0.697
-999.0000000 1065.000 293.460 16.444  -3.310 -0.697
-999.0000000 1040.000 295.458 16.444  -3.310 -0.697
-999.0000000 1015.000 297.520 16.444  -3.310 -0.697
-999.0000000  990.000 299.647 16.444  -3.310 -0.697
-999.0000000  965.000 301.019 16.251  -5.163 -0.828
-999.0000000  940.000 302.433 15.727  -6.504 -0.531
-999.0000000  915.000 303.835 14.204  -7.642 -0.274
-999.0000000  890.000 304.951 12.577  -8.577 -0.164
-999.0000000  865.000 306.113 10.939  -9.359 -0.048
-999.0000000  840.000 307.187  9.513  -9.885  0.197
-999.0000000  815.000 308.309  8.273 -10.075  0.579
-999.0000000  790.000 309.436  7.337  -9.918  0.972
-999.0000000  765.000 310.511  6.694  -9.457  1.260
-999.0000000  740.000 311.556  6.207  -8.789  1.380
-999.0000000  715.000 312.619  5.767  -8.029  1.358
-999.0000000  690.000 313.696  5.300  -7.281  1.227
-999.0000000  665.000 314.780  4.801  -6.593  0.974
-999.0000000  640.000 315.965  4.334  -6.114  0.678
-999.0000000  615.000 317.293  3.902  -5.917  0.354
-999.0000000  590.000 318.838  3.573  -5.889  0.030
-999.0000000  565.000 320.623  3.349  -6.021 -0.289
-999.0000000  540.000 322.522  3.019  -6.220 -0.606
-999.0000000  515.000 324.501  2.560  -6.527 -0.898
-999.0000000  490.000 326.610  2.027  -7.161 -1.056
-999.0000000  465.000 328.837  1.400  -8.143 -1.034
-999.0000000  440.000 331.074  0.968  -9.033 -0.896
-999.0000000  415.000 333.240  0.730  -9.511 -0.695
-999.0000000  390.000 335.298  0.569  -9.101 -0.592
-999.0000000  365.000 337.207  0.479  -7.676 -0.598
-999.0000000  340.000 339.011  0.401  -5.749 -0.518
-999.0000000  315.000 340.706  0.335  -3.676 -0.334
-999.0000000  290.000 342.280  0.258  -1.851 -0.275
-999.0000000  265.000 343.759  0.181  -0.455 -0.449
-999.0000000  240.000 345.166  0.116   0.550 -0.823
-999.0000000  215.000 346.608  0.074   1.242 -1.295
-999.0000000  190.000 348.478  0.047   1.938 -1.589
-999.0000000  165.000 351.266  0.024   2.719 -1.144
-999.0000000  140.000 356.411  0.011   3.609  0.100
-999.0000000  115.000 368.512  0.006   5.557  0.891
-999.0000000   90.000 394.359  0.005   7.885  0.602
-999.0000000   65.000 441.846  0.004   1.961  0.046
-999.0000000   40.000 532.060  0.013 -12.134  0.486
-999.0000000   15.000 722.556  0.071 -22.946  0.961
264.125  45   1006.38  day,levels,pres0
-999.0000000 1115.000 289.480 16.065  -3.497 -1.081
-999.0000000 1090.000 291.362 16.065  -3.497 -1.081
-999.0000000 1065.000 293.300 16.065  -3.497 -1.081
-999.0000000 1040.000 295.297 16.065  -3.497 -1.081
-999.0000000 1015.000 297.357 16.065  -3.497 -1.081
-999.0000000  990.000 299.484 16.065  -3.497 -1.081
-999.0000000  965.000 301.257 15.826  -5.648 -1.483
-999.0000000  940.000 302.636 15.447  -7.061 -1.482
-999.0000000  915.000 303.747 14.339  -8.077 -1.499
-999.0000000  890.000 304.728 12.970  -8.843 -1.560
-999.0000000  865.000 305.887 11.331  -9.507 -1.463
-999.0000000  840.000 307.041  9.715  -9.965 -1.069
-999.0000000  815.000 308.285  8.201 -10.073 -0.433
-999.0000000  790.000 309.486  7.112  -9.811  0.264
-999.0000000  765.000 310.561  6.479  -9.280  0.875
-999.0000000  740.000 311.562  6.055  -8.601  1.281
-999.0000000  715.000 312.574  5.649  -7.885  1.480
-999.0000000  690.000 313.631  5.134  -7.245  1.495
-999.0000000  665.000 314.736  4.491  -6.731  1.295
-999.0000000  640.000 315.954  3.931  -6.365  1.005
-999.0000000  615.000 317.315  3.450  -6.174  0.648
-999.0000000  590.000 318.858  3.115  -6.043  0.323
-999.0000000  565.000 320.595  2.928  -5.953  0.056
-999.0000000  540.000 322.421  2.657  -5.891 -0.188
-999.0000000  515.000 324.306  2.286  -5.937 -0.411
-999.0000000  490.000 326.310  1.837  -6.421 -0.588
-999.0000000  465.000 328.433  1.297  -7.416 -0.662
-999.0000000  440.000 330.634  0.915  -8.474 -0.488
-999.0000000  415.000 332.844  0.686  -9.241 -0.078
-999.0000000  390.000 334.948  0.549  -9.073  0.224
-999.0000000  365.000 336.864  0.494  -7.777  0.303
-999.0000000  340.000 338.632  0.428  -5.909  0.289
-999.0000000  315.000 340.261  0.358  -3.867  0.231
-999.0000000  290.000 341.811  0.279  -2.131  0.113
-999.0000000  265.000 343.369  0.202  -0.852 -0.084
-999.0000000  240.000 344.966  0.130   0.218 -0.384
-999.0000000  215.000 346.602  0.080   1.247 -0.778
-999.0000000  190.000 348.507  0.049   2.367 -1.077
-999.0000000  165.000 351.181  0.025   3.424 -0.562
-999.0000000  140.000 356.057  0.011   4.384  1.035
-999.0000000  115.000 367.902  0.006   6.120  2.064
-999.0000000   90.000 394.295  0.005   7.867  1.326
-999.0000000   65.000 442.866  0.004   1.746 -0.019
-999.0000000   40.000 533.276  0.014 -11.898  0.489
-999.0000000   15.000 723.542  0.073 -22.152  1.205
264.25  45   1004.83  day,levels,pres0
-999.0000000 1115.000 289.322 15.690  -3.682 -1.465
-999.0000000 1090.000 291.203 15.690  -3.682 -1.465
-999.0000000 1065.000 293.140 15.690  -3.682 -1.465
-999.0000000 1040.000 295.136 15.690  -3.682 -1.465
-999.0000000 1015.000 297.195 15.690  -3.682 -1.465
-999.0000000  990.000 299.320 15.690  -3.682 -1.465
-999.0000000  965.000 301.494 15.384  -6.132 -2.138
-999.0000000  940.000 302.838 15.153  -7.617 -2.432
-999.0000000  915.000 303.659 14.469  -8.512 -2.723
-999.0000000  890.000 304.504 13.348  -9.110 -2.956
-999.0000000  865.000 305.662 11.708  -9.657 -2.877
-999.0000000  840.000 306.897  9.911 -10.046 -2.333
-999.0000000  815.000 308.263  8.128 -10.070 -1.441
-999.0000000  790.000 309.537  6.885  -9.700 -0.439
-999.0000000  765.000 310.611  6.261  -9.099  0.496
-999.0000000  740.000 311.568  5.902  -8.409  1.188
-999.0000000  715.000 312.528  5.532  -7.737  1.608
-999.0000000  690.000 313.564  4.969  -7.205  1.770
-999.0000000  665.000 314.692  4.183  -6.864  1.625
-999.0000000  640.000 315.943  3.528  -6.611  1.340
-999.0000000  615.000 317.336  2.998  -6.425  0.949
-999.0000000  590.000 318.879  2.655  -6.191  0.622
-999.0000000  565.000 320.568  2.509  -5.880  0.408
-999.0000000  540.000 322.320  2.300  -5.556  0.236
-999.0000000  515.000 324.111  2.018  -5.343  0.080
-999.0000000  490.000 326.008  1.653  -5.677 -0.116
-999.0000000  465.000 328.028  1.198  -6.685 -0.287
-999.0000000  440.000 330.194  0.864  -7.912 -0.079
-999.0000000  415.000 332.448  0.644  -8.970  0.541
-999.0000000  390.000 334.597  0.529  -9.045  1.041
-999.0000000  365.000 336.523  0.507  -7.879  1.206
-999.0000000  340.000 338.253  0.453  -6.068  1.097
-999.0000000  315.000 339.816  0.380  -4.058  0.798
-999.0000000  290.000 341.344  0.299  -2.411  0.502
-999.0000000  265.000 342.977  0.222  -1.248  0.282
-999.0000000  240.000 344.766  0.145  -0.112  0.057
-999.0000000  215.000 346.592  0.086   1.253 -0.259
-999.0000000  190.000 348.533  0.052   2.796 -0.564
-999.0000000  165.000 351.094  0.026   4.127  0.022
-999.0000000  140.000 355.703  0.011   5.160  1.970
-999.0000000  115.000 367.292  0.006   6.682  3.237
-999.0000000   90.000 394.231  0.006   7.850  2.050
-999.0000000   65.000 443.885  0.003   1.532 -0.085
-999.0000000   40.000 534.490  0.015 -11.662  0.492
-999.0000000   15.000 724.528  0.076 -21.357  1.449
264.375  45   1005.44  day,levels,pres0
-999.0000000 1115.000 289.120 15.937  -3.797 -1.118
-999.0000000 1090.000 290.999 15.937  -3.797 -1.118
-999.0000000 1065.000 292.935 15.937  -3.797 -1.118
-999.0000000 1040.000 294.929 15.937  -3.797 -1.118
-999.0000000 1015.000 296.987 15.937  -3.797 -1.118
-999.0000000  990.000 299.111 15.937  -3.797 -1.118
-999.0000000  965.000 300.868 15.415  -6.286 -1.824
-999.0000000  940.000 302.192 15.243  -7.800 -2.348
-999.0000000  915.000 303.009 14.743  -8.589 -2.845
-999.0000000  890.000 303.836 13.769  -9.053 -3.222
-999.0000000  865.000 304.923 12.343  -9.469 -3.195
-999.0000000  840.000 306.177 10.638  -9.792 -2.612
-999.0000000  815.000 307.616  8.726  -9.814 -1.665
-999.0000000  790.000 308.981  7.217  -9.431 -0.641
-999.0000000  765.000 310.182  6.282  -8.787  0.294
-999.0000000  740.000 311.266  5.725  -8.024  1.010
-999.0000000  715.000 312.342  5.299  -7.268  1.484
-999.0000000  690.000 313.506  4.682  -6.721  1.656
-999.0000000  665.000 314.774  3.831  -6.458  1.452
-999.0000000  640.000 316.121  3.148  -6.328  1.066
-999.0000000  615.000 317.535  2.632  -6.302  0.535
-999.0000000  590.000 319.022  2.300  -6.202  0.092
-999.0000000  565.000 320.571  2.164  -5.979 -0.194
-999.0000000  540.000 322.175  1.982  -5.702 -0.394
-999.0000000  515.000 323.833  1.752  -5.481 -0.539
-999.0000000  490.000 325.644  1.449  -5.735 -0.744
-999.0000000  465.000 327.647  1.068  -6.595 -0.943
-999.0000000  440.000 329.875  0.783  -7.690 -0.701
-999.0000000  415.000 332.262  0.581  -8.670  0.073
-999.0000000  390.000 334.520  0.481  -8.729  0.908
-999.0000000  365.000 336.488  0.470  -7.620  1.539
-999.0000000  340.000 338.211  0.426  -5.937  1.751
-999.0000000  315.000 339.734  0.358  -4.084  1.533
-999.0000000  290.000 341.239  0.282  -2.499  1.217
-999.0000000  265.000 342.879  0.208  -1.270  0.948
-999.0000000  240.000 344.688  0.137  -0.055  0.658
-999.0000000  215.000 346.533  0.083   1.254  0.302
-999.0000000  190.000 348.494  0.050   2.506  0.092
-999.0000000  165.000 351.063  0.025   3.337  0.872
-999.0000000  140.000 355.794  0.011   3.987  2.504
-999.0000000  115.000 367.761  0.006   5.510  2.986
-999.0000000   90.000 394.882  0.005   6.972  1.776
-999.0000000   65.000 444.067  0.003   0.994 -0.012
-999.0000000   40.000 533.974  0.015 -11.729  0.358
-999.0000000   15.000 723.376  0.073 -21.177  0.700
264.5  45   1007.83  day,levels,pres0
-999.0000000 1115.000 288.916 16.174  -3.912 -0.771
-999.0000000 1090.000 290.794 16.174  -3.912 -0.771
-999.0000000 1065.000 292.728 16.174  -3.912 -0.771
-999.0000000 1040.000 294.722 16.174  -3.912 -0.771
-999.0000000 1015.000 296.778 16.174  -3.912 -0.771
-999.0000000  990.000 298.900 16.174  -3.912 -0.771
-999.0000000  965.000 300.241 15.418  -6.438 -1.509
-999.0000000  940.000 301.547 15.300  -7.982 -2.263
-999.0000000  915.000 302.358 14.971  -8.667 -2.965
-999.0000000  890.000 303.169 14.129  -8.999 -3.485
-999.0000000  865.000 304.184 12.893  -9.284 -3.508
-999.0000000  840.000 305.458 11.278  -9.541 -2.885
-999.0000000  815.000 306.969  9.263  -9.559 -1.886
-999.0000000  790.000 308.426  7.516  -9.162 -0.842
-999.0000000  765.000 309.753  6.295  -8.473  0.092
-999.0000000  740.000 310.966  5.552  -7.638  0.831
-999.0000000  715.000 312.156  5.070  -6.800  1.358
-999.0000000  690.000 313.448  4.396  -6.236  1.539
-999.0000000  665.000 314.857  3.475  -6.051  1.277
-999.0000000  640.000 316.298  2.757  -6.044  0.789
-999.0000000  615.000 317.734  2.256  -6.177  0.120
-999.0000000  590.000 319.166  1.938  -6.213 -0.439
-999.0000000  565.000 320.576  1.819  -6.078 -0.797
-999.0000000  540.000 322.029  1.670  -5.848 -1.025
-999.0000000  515.000 323.555  1.494  -5.620 -1.158
-999.0000000  490.000 325.280  1.254  -5.795 -1.372
-999.0000000  465.000 327.266  0.944  -6.506 -1.599
-999.0000000  440.000 329.557  0.704  -7.468 -1.324
-999.0000000  415.000 332.075  0.519  -8.369 -0.395
-999.0000000  390.000 334.442  0.433  -8.413  0.774
-999.0000000  365.000 336.455  0.434  -7.361  1.872
-999.0000000  340.000 338.170  0.398  -5.806  2.404
-999.0000000  315.000 339.653  0.337  -4.110  2.268
-999.0000000  290.000 341.132  0.265  -2.587  1.931
-999.0000000  265.000 342.781  0.194  -1.291  1.614
-999.0000000  240.000 344.608  0.129   0.003  1.258
-999.0000000  215.000 346.474  0.079   1.256  0.862
-999.0000000  190.000 348.456  0.048   2.217  0.746
-999.0000000  165.000 351.032  0.024   2.546  1.723
-999.0000000  140.000 355.887  0.011   2.814  3.037
-999.0000000  115.000 368.232  0.006   4.338  2.735
-999.0000000   90.000 395.533  0.005   6.094  1.502
-999.0000000   65.000 444.250  0.003   0.457  0.061
-999.0000000   40.000 533.454  0.014 -11.797  0.225
-999.0000000   15.000 722.224  0.070 -20.998 -0.048
264.625  45   1007.15  day,levels,pres0
-999.0000000 1115.000 290.267 15.660  -3.126 -0.824
-999.0000000 1090.000 292.154 15.660  -3.126 -0.824
-999.0000000 1065.000 294.097 15.660  -3.126 -0.824
-999.0000000 1040.000 296.100 15.660  -3.126 -0.824
-999.0000000 1015.000 298.166 15.660  -3.126 -0.824
-999.0000000  990.000 300.298 15.660  -3.126 -0.824
-999.0000000  965.000 301.175 15.113  -4.817 -1.237
-999.0000000  940.000 302.137 14.961  -6.086 -1.606
-999.0000000  915.000 302.947 14.746  -6.820 -1.979
-999.0000000  890.000 303.847 14.188  -7.167 -2.264
-999.0000000  865.000 304.937 13.073  -7.514 -2.311
-999.0000000  840.000 306.104 11.533  -7.989 -2.024
-999.0000000  815.000 307.370  9.770  -8.317 -1.447
-999.0000000  790.000 308.671  8.157  -8.273 -0.755
-999.0000000  765.000 309.885  6.958  -7.872 -0.103
-999.0000000  740.000 311.042  6.111  -7.255  0.397
-999.0000000  715.000 312.229  5.456  -6.596  0.706
-999.0000000  690.000 313.505  4.695  -6.132  0.718
-999.0000000  665.000 314.871  3.786  -5.940  0.349
-999.0000000  640.000 316.276  3.036  -5.865 -0.221
-999.0000000  615.000 317.704  2.449  -5.876 -0.961
-999.0000000  590.000 319.200  2.028  -5.836 -1.624
-999.0000000  565.000 320.764  1.783  -5.716 -2.137
-999.0000000  540.000 322.375  1.541  -5.601 -2.543
-999.0000000  515.000 324.040  1.302  -5.570 -2.837
-999.0000000  490.000 325.909  1.110  -5.841 -3.033
-999.0000000  465.000 328.044  0.965  -6.480 -3.030
-999.0000000  440.000 330.429  0.834  -7.264 -2.495
-999.0000000  415.000 332.963  0.710  -7.951 -1.318
-999.0000000  390.000 335.271  0.589  -7.952  0.187
-999.0000000  365.000 337.164  0.473  -7.072  1.703
-999.0000000  340.000 338.743  0.373  -5.696  2.574
-999.0000000  315.000 340.096  0.292  -4.086  2.657
-999.0000000  290.000 341.454  0.222  -2.551  2.530
-999.0000000  265.000 342.987  0.166  -1.183  2.476
-999.0000000  240.000 344.704  0.113   0.144  2.483
-999.0000000  215.000 346.491  0.073   1.385  2.652
-999.0000000  190.000 348.388  0.045   2.344  3.213
-999.0000000  165.000 350.848  0.024   2.621  4.136
-999.0000000  140.000 355.874  0.011   2.939  4.134
-999.0000000  115.000 368.640  0.006   4.708  2.416
-999.0000000   90.000 395.561  0.004   6.416  0.783
-999.0000000   65.000 443.440  0.004   0.715 -0.270
-999.0000000   40.000 532.361  0.014 -11.529 -0.665
-999.0000000   15.000 721.507  0.068 -20.441 -1.322
264.75  45   1003.69  day,levels,pres0
-999.0000000 1115.000 291.619 14.904  -2.346 -0.879
-999.0000000 1090.000 293.514 14.904  -2.346 -0.879
-999.0000000 1065.000 295.467 14.904  -2.346 -0.879
-999.0000000 1040.000 297.479 14.904  -2.346 -0.879
-999.0000000 1015.000 299.554 14.904  -2.346 -0.879
-999.0000000  990.000 301.696 14.904  -2.346 -0.879
-999.0000000  965.000 302.109 14.699  -3.198 -0.972
-999.0000000  940.000 302.728 14.566  -4.186 -0.965
-999.0000000  915.000 303.536 14.483  -4.967 -1.016
-999.0000000  890.000 304.526 14.226  -5.331 -1.067
-999.0000000  865.000 305.693 13.240  -5.746 -1.136
-999.0000000  840.000 306.755 11.788  -6.443 -1.177
-999.0000000  815.000 307.773 10.294  -7.085 -1.016
-999.0000000  790.000 308.917  8.815  -7.394 -0.672
-999.0000000  765.000 310.017  7.632  -7.276 -0.298
-999.0000000  740.000 311.120  6.674  -6.875 -0.036
-999.0000000  715.000 312.301  5.843  -6.392  0.057
-999.0000000  690.000 313.559  4.993  -6.025 -0.098
-999.0000000  665.000 314.883  4.094  -5.826 -0.571
-999.0000000  640.000 316.256  3.309  -5.680 -1.223
-999.0000000  615.000 317.674  2.637  -5.569 -2.033
-999.0000000  590.000 319.237  2.115  -5.454 -2.803
-999.0000000  565.000 320.955  1.741  -5.347 -3.472
-999.0000000  540.000 322.722  1.402  -5.346 -4.058
-999.0000000  515.000 324.524  1.094  -5.512 -4.513
-999.0000000  490.000 326.538  0.952  -5.879 -4.693
-999.0000000  465.000 328.821  0.984  -6.450 -4.459
-999.0000000  440.000 331.301  0.976  -7.057 -3.665
-999.0000000  415.000 333.848  0.920  -7.530 -2.238
-999.0000000  390.000 336.099  0.761  -7.491 -0.398
-999.0000000  365.000 337.874  0.515  -6.783  1.534
-999.0000000  340.000 339.316  0.346  -5.586  2.744
-999.0000000  315.000 340.539  0.244  -4.062  3.046
-999.0000000  290.000 341.776  0.178  -2.515  3.128
-999.0000000  265.000 343.193  0.136  -1.076  3.339
-999.0000000  240.000 344.801  0.097   0.284  3.707
-999.0000000  215.000 346.505  0.066   1.513  4.441
-999.0000000  190.000 348.318  0.043   2.468  5.677
-999.0000000  165.000 350.662  0.023   2.693  6.546
-999.0000000  140.000 355.862  0.011   3.062  5.228
-999.0000000  115.000 369.048  0.006   5.078  2.098
-999.0000000   90.000 395.588  0.004   6.738  0.063
-999.0000000   65.000 442.630  0.004   0.973 -0.600
-999.0000000   40.000 531.269  0.013 -11.261 -1.554
-999.0000000   15.000 720.790  0.066 -19.885 -2.596
264.875  45   1003.13  day,levels,pres0
-999.0000000 1115.000 291.212 15.292  -1.893 -0.080
-999.0000000 1090.000 293.105 15.292  -1.893 -0.080
-999.0000000 1065.000 295.054 15.292  -1.893 -0.080
-999.0000000 1040.000 297.063 15.292  -1.893 -0.080
-999.0000000 1015.000 299.136 15.292  -1.893 -0.080
-999.0000000  990.000 301.275 15.292  -1.893 -0.080
-999.0000000  965.000 301.999 15.055  -2.934 -0.341
-999.0000000  940.000 302.671 14.968  -3.903 -0.458
-999.0000000  915.000 303.494 14.762  -4.774 -0.551
-999.0000000  890.000 304.413 14.274  -5.439 -0.594
-999.0000000  865.000 305.497 13.091  -6.165 -0.629
-999.0000000  840.000 306.558 11.522  -7.038 -0.613
-999.0000000  815.000 307.646  9.895  -7.838 -0.400
-999.0000000  790.000 308.867  8.321  -8.328  0.001
-999.0000000  765.000 310.026  7.084  -8.360  0.438
-999.0000000  740.000 311.146  6.137  -7.991  0.721
-999.0000000  715.000 312.308  5.371  -7.425  0.787
-999.0000000  690.000 313.534  4.621  -6.924  0.608
-999.0000000  665.000 314.824  3.868  -6.546  0.125
-999.0000000  640.000 316.192  3.181  -6.226 -0.516
-999.0000000  615.000 317.652  2.549  -5.959 -1.300
-999.0000000  590.000 319.276  2.045  -5.715 -2.095
-999.0000000  565.000 321.074  1.663  -5.509 -2.873
-999.0000000  540.000 322.922  1.341  -5.426 -3.653
-999.0000000  515.000 324.797  1.082  -5.522 -4.391
-999.0000000  490.000 326.836  0.970  -5.816 -4.871
-999.0000000  465.000 329.076  1.017  -6.318 -4.915
-999.0000000  440.000 331.457  1.009  -6.910 -4.318
-999.0000000  415.000 333.865  0.941  -7.445 -3.014
-999.0000000  390.000 336.026  0.765  -7.547 -1.353
-999.0000000  365.000 337.794  0.501  -7.016  0.348
-999.0000000  340.000 339.293  0.329  -5.879  1.475
-999.0000000  315.000 340.607  0.233  -4.241  1.884
-999.0000000  290.000 341.928  0.169  -2.470  2.082
-999.0000000  265.000 343.385  0.128  -0.777  2.328
-999.0000000  240.000 344.964  0.093   0.731  2.654
-999.0000000  215.000 346.609  0.068   1.950  3.246
-999.0000000  190.000 348.443  0.046   2.890  4.335
-999.0000000  165.000 350.896  0.025   3.284  5.252
-999.0000000  140.000 356.145  0.011   3.770  4.370
-999.0000000  115.000 369.087  0.006   5.475  1.785
-999.0000000   90.000 395.115  0.004   6.716 -0.363
-999.0000000   65.000 442.165  0.004   0.799 -1.287
-999.0000000   40.000 531.139  0.013 -11.105 -1.415
-999.0000000   15.000 721.334  0.067 -19.565 -1.641
265.0  45   1005.50  day,levels,pres0
-999.0000000 1115.000 290.807 15.650  -1.447  0.719
-999.0000000 1090.000 292.698 15.650  -1.447  0.719
-999.0000000 1065.000 294.645 15.650  -1.447  0.719
-999.0000000 1040.000 296.651 15.650  -1.447  0.719
-999.0000000 1015.000 298.721 15.650  -1.447  0.719
-999.0000000  990.000 300.857 15.650  -1.447  0.719
-999.0000000  965.000 301.890 15.402  -2.686  0.300
-999.0000000  940.000 302.614 15.361  -3.636  0.053
-999.0000000  915.000 303.450 15.035  -4.587 -0.090
-999.0000000  890.000 304.296 14.316  -5.548 -0.122
-999.0000000  865.000 305.300 12.943  -6.589 -0.121
-999.0000000  840.000 306.362 11.261  -7.642 -0.046
-999.0000000  815.000 307.521  9.500  -8.601  0.219
-999.0000000  790.000 308.819  7.829  -9.265  0.677
-999.0000000  765.000 310.036  6.535  -9.437  1.176
-999.0000000  740.000 311.175  5.597  -9.094  1.479
-999.0000000  715.000 312.316  4.899  -8.441  1.520
-999.0000000  690.000 313.511  4.249  -7.807  1.317
-999.0000000  665.000 314.764  3.643  -7.253  0.825
-999.0000000  640.000 316.129  3.052  -6.761  0.196
-999.0000000  615.000 317.631  2.461  -6.341 -0.560
-999.0000000  590.000 319.317  1.974  -5.969 -1.379
-999.0000000  565.000 321.193  1.582  -5.667 -2.266
-999.0000000  540.000 323.125  1.278  -5.503 -3.243
-999.0000000  515.000 325.072  1.068  -5.531 -4.268
-999.0000000  490.000 327.138  0.989  -5.754 -5.049
-999.0000000  465.000 329.335  1.050  -6.188 -5.370
-999.0000000  440.000 331.615  1.043  -6.764 -4.971
-999.0000000  415.000 333.884  0.962  -7.362 -3.788
-999.0000000  390.000 335.954  0.769  -7.605 -2.307
-999.0000000  365.000 337.715  0.488  -7.250 -0.839
-999.0000000  340.000 339.267  0.312  -6.172  0.206
-999.0000000  315.000 340.674  0.222  -4.419  0.722
-999.0000000  290.000 342.079  0.161  -2.424  1.036
-999.0000000  265.000 343.576  0.120  -0.477  1.319
-999.0000000  240.000 345.127  0.090   1.179  1.601
-999.0000000  215.000 346.712  0.070   2.387  2.051
-999.0000000  190.000 348.565  0.049   3.311  2.993
-999.0000000  165.000 351.125  0.026   3.873  3.958
-999.0000000  140.000 356.425  0.012   4.476  3.512
-999.0000000  115.000 369.124  0.006   5.871  1.471
-999.0000000   90.000 394.641  0.004   6.694 -0.788
-999.0000000   65.000 441.700  0.004   0.626 -1.974
-999.0000000   40.000 531.009  0.013 -10.949 -1.276
-999.0000000   15.000 721.875  0.069 -19.244 -0.685
265.125  45   1006.18  day,levels,pres0
-999.0000000 1115.000 291.013 15.654  -1.280 -0.613
-999.0000000 1090.000 292.905 15.654  -1.280 -0.613
-999.0000000 1065.000 294.853 15.654  -1.280 -0.613
-999.0000000 1040.000 296.861 15.654  -1.280 -0.613
-999.0000000 1015.000 298.932 15.654  -1.280 -0.613
-999.0000000  990.000 301.069 15.654  -1.280 -0.613
-999.0000000  965.000 302.596 15.408  -2.293 -1.188
-999.0000000  940.000 303.360 15.532  -3.113 -1.370
-999.0000000  915.000 304.042 15.107  -4.050 -1.507
-999.0000000  890.000 304.696 14.181  -5.079 -1.572
-999.0000000  865.000 305.450 12.828  -6.158 -1.573
-999.0000000  840.000 306.242 11.362  -7.197 -1.498
-999.0000000  815.000 307.104  9.881  -8.119 -1.278
-999.0000000  790.000 308.140  8.373  -8.821 -0.836
-999.0000000  765.000 309.241  7.022  -9.109 -0.203
-999.0000000  740.000 310.388  5.928  -8.840  0.409
-999.0000000  715.000 311.596  5.079  -8.169  0.869
-999.0000000  690.000 312.900  4.289  -7.494  1.078
-999.0000000  665.000 314.319  3.543  -6.896  0.964
-999.0000000  640.000 315.890  2.848  -6.418  0.672
-999.0000000  615.000 317.625  2.182  -6.083  0.211
-999.0000000  590.000 319.433  1.676  -5.779 -0.282
-999.0000000  565.000 321.268  1.343  -5.518 -0.814
-999.0000000  540.000 323.073  1.093  -5.463 -1.554
-999.0000000  515.000 324.832  0.936  -5.692 -2.537
-999.0000000  490.000 326.729  0.840  -6.143 -3.503
-999.0000000  465.000 328.810  0.807  -6.771 -4.236
-999.0000000  440.000 331.017  0.772  -7.354 -4.267
-999.0000000  415.000 333.267  0.732  -7.735 -3.452
-999.0000000  390.000 335.391  0.621  -7.704 -2.252
-999.0000000  365.000 337.279  0.449  -7.079 -0.966
-999.0000000  340.000 338.961  0.319  -5.715 -0.026
-999.0000000  315.000 340.474  0.229  -3.697  0.483
-999.0000000  290.000 341.979  0.170  -1.581  0.946
-999.0000000  265.000 343.585  0.132   0.286  1.530
-999.0000000  240.000 345.219  0.100   1.709  2.151
-999.0000000  215.000 346.769  0.078   2.632  2.829
-999.0000000  190.000 348.457  0.051   3.231  3.673
-999.0000000  165.000 350.903  0.025   3.290  4.189
-999.0000000  140.000 355.997  0.011   3.368  3.641
-999.0000000  115.000 368.520  0.006   4.919  1.992
-999.0000000   90.000 395.033  0.004   6.638 -0.338
-999.0000000   65.000 443.230  0.004   1.254 -1.617
-999.0000000   40.000 532.684  0.014 -10.001 -1.154
-999.0000000   15.000 722.649  0.071 -18.369 -0.228
265.25  45   1005.09  day,levels,pres0
-999.0000000 1115.000 291.218 15.654  -1.115 -1.947
-999.0000000 1090.000 293.111 15.654  -1.115 -1.947
-999.0000000 1065.000 295.061 15.654  -1.115 -1.947
-999.0000000 1040.000 297.070 15.654  -1.115 -1.947
-999.0000000 1015.000 299.143 15.654  -1.115 -1.947
-999.0000000  990.000 301.282 15.654  -1.115 -1.947
-999.0000000  965.000 303.301 15.381  -1.905 -2.674
-999.0000000  940.000 304.107 15.683  -2.594 -2.792
-999.0000000  915.000 304.633 15.161  -3.517 -2.927
-999.0000000  890.000 305.096 14.027  -4.610 -3.027
-999.0000000  865.000 305.598 12.707  -5.727 -3.031
-999.0000000  840.000 306.121 11.458  -6.752 -2.957
-999.0000000  815.000 306.687 10.233  -7.635 -2.782
-999.0000000  790.000 307.459  8.853  -8.371 -2.357
-999.0000000  765.000 308.447  7.441  -8.772 -1.589
-999.0000000  740.000 309.601  6.211  -8.576 -0.664
-999.0000000  715.000 310.876  5.232  -7.887  0.217
-999.0000000  690.000 312.291  4.318  -7.174  0.839
-999.0000000  665.000 313.873  3.444  -6.534  1.104
-999.0000000  640.000 315.652  2.649  -6.072  1.149
-999.0000000  615.000 317.620  1.903  -5.823  0.984
-999.0000000  590.000 319.551  1.375  -5.586  0.818
-999.0000000  565.000 321.343  1.102  -5.366  0.641
-999.0000000  540.000 323.021  0.909  -5.420  0.138
-999.0000000  515.000 324.592  0.808  -5.852 -0.804
-999.0000000  490.000 326.321  0.697  -6.531 -1.958
-999.0000000  465.000 328.285  0.579  -7.354 -3.102
-999.0000000  440.000 330.418  0.521  -7.944 -3.564
-999.0000000  415.000 332.651  0.519  -8.108 -3.116
-999.0000000  390.000 334.831  0.482  -7.803 -2.197
-999.0000000  365.000 336.844  0.412  -6.907 -1.093
-999.0000000  340.000 338.655  0.326  -5.257 -0.256
-999.0000000  315.000 340.274  0.235  -2.974  0.244
-999.0000000  290.000 341.881  0.178  -0.737  0.857
-999.0000000  265.000 343.592  0.144   1.049  1.742
-999.0000000  240.000 345.309  0.111   2.239  2.701
-999.0000000  215.000 346.827  0.086   2.876  3.607
-999.0000000  190.000 348.350  0.054   3.151  4.353
-999.0000000  165.000 350.679  0.025   2.708  4.421
-999.0000000  140.000 355.568  0.011   2.260  3.771
-999.0000000  115.000 367.913  0.006   3.967  2.513
-999.0000000   90.000 395.427  0.005   6.582  0.112
-999.0000000   65.000 444.761  0.003   1.881 -1.260
-999.0000000   40.000 534.360  0.015  -9.053 -1.033
-999.0000000   15.000 723.422  0.073 -17.494  0.228
265.375  45   1005.32  day,levels,pres0
-999.0000000 1115.000 290.672 16.119  -0.884 -1.161
-999.0000000 1090.000 292.561 16.119  -0.884 -1.161
-999.0000000 1065.000 294.507 16.119  -0.884 -1.161
-999.0000000 1040.000 296.513 16.119  -0.884 -1.161
-999.0000000 1015.000 298.581 16.119  -0.884 -1.161
-999.0000000  990.000 300.716 16.119  -0.884 -1.161
-999.0000000  965.000 302.636 15.398  -1.866 -2.099
-999.0000000  940.000 303.516 15.236  -2.658 -2.570
-999.0000000  915.000 304.082 14.557  -3.497 -2.950
-999.0000000  890.000 304.578 13.560  -4.425 -3.203
-999.0000000  865.000 305.121 12.451  -5.386 -3.272
-999.0000000  840.000 305.717 11.300  -6.314 -3.175
-999.0000000  815.000 306.362 10.052  -7.183 -2.932
-999.0000000  790.000 307.145  8.666  -7.967 -2.459
-999.0000000  765.000 308.101  7.284  -8.446 -1.703
-999.0000000  740.000 309.234  6.109  -8.295 -0.825
-999.0000000  715.000 310.520  5.187  -7.604  0.017
-999.0000000  690.000 311.965  4.302  -6.830  0.655
-999.0000000  665.000 313.599  3.422  -6.073  1.005
-999.0000000  640.000 315.423  2.629  -5.576  1.114
-999.0000000  615.000 317.428  1.897  -5.411  0.975
-999.0000000  590.000 319.411  1.381  -5.278  0.846
-999.0000000  565.000 321.274  1.122  -5.169  0.734
-999.0000000  540.000 323.019  0.928  -5.379  0.346
-999.0000000  515.000 324.646  0.812  -6.017 -0.427
-999.0000000  490.000 326.414  0.687  -6.877 -1.410
-999.0000000  465.000 328.393  0.553  -7.814 -2.414
-999.0000000  440.000 330.500  0.484  -8.399 -2.823
-999.0000000  415.000 332.659  0.476  -8.438 -2.432
-999.0000000  390.000 334.754  0.449  -8.015 -1.632
-999.0000000  365.000 336.692  0.406  -7.073 -0.657
-999.0000000  340.000 338.464  0.332  -5.483  0.160
-999.0000000  315.000 340.084  0.241  -3.377  0.772
-999.0000000  290.000 341.697  0.185  -1.397  1.517
-999.0000000  265.000 343.402  0.151   0.094  2.475
-999.0000000  240.000 345.130  0.119   1.016  3.408
-999.0000000  215.000 346.713  0.090   1.454  4.188
-999.0000000  190.000 348.324  0.054   1.603  4.638
-999.0000000  165.000 350.674  0.025   1.070  4.368
-999.0000000  140.000 355.543  0.011   0.753  3.537
-999.0000000  115.000 368.195  0.006   3.000  2.438
-999.0000000   90.000 396.329  0.006   6.358  0.658
-999.0000000   65.000 445.169  0.003   2.181 -0.474
-999.0000000   40.000 533.858  0.015  -8.681 -0.471
-999.0000000   15.000 721.265  0.067 -17.154  0.305
265.5  45   1007.16  day,levels,pres0
-999.0000000 1115.000 290.128 16.536  -0.655 -0.383
-999.0000000 1090.000 292.014 16.536  -0.655 -0.383
-999.0000000 1065.000 293.956 16.536  -0.655 -0.383
-999.0000000 1040.000 295.958 16.536  -0.655 -0.383
-999.0000000 1015.000 298.023 16.536  -0.655 -0.383
-999.0000000  990.000 300.154 16.536  -0.655 -0.383
-999.0000000  965.000 301.973 15.388  -1.827 -1.525
-999.0000000  940.000 302.926 14.796  -2.718 -2.342
-999.0000000  915.000 303.531 13.972  -3.472 -2.961
-999.0000000  890.000 304.059 13.106  -4.237 -3.368
-999.0000000  865.000 304.642 12.197  -5.043 -3.506
-999.0000000  840.000 305.312 11.140  -5.874 -3.387
-999.0000000  815.000 306.035  9.872  -6.730 -3.074
-999.0000000  790.000 306.828  8.479  -7.562 -2.549
-999.0000000  765.000 307.754  7.126  -8.119 -1.803
-999.0000000  740.000 308.867  6.007  -8.014 -0.973
-999.0000000  715.000 310.164  5.140  -7.320 -0.174
-999.0000000  690.000 311.640  4.284  -6.485  0.479
-999.0000000  665.000 313.324  3.399  -5.611  0.913
-999.0000000  640.000 315.195  2.608  -5.079  1.085
-999.0000000  615.000 317.236  1.889  -4.998  0.971
-999.0000000  590.000 319.270  1.386  -4.970  0.878
-999.0000000  565.000 321.204  1.140  -4.973  0.830
-999.0000000  540.000 323.016  0.947  -5.338  0.556
-999.0000000  515.000 324.700  0.817  -6.180 -0.048
-999.0000000  490.000 326.509  0.677  -7.222 -0.860
-999.0000000  465.000 328.502  0.526  -8.274 -1.724
-999.0000000  440.000 330.583  0.446  -8.854 -2.082
-999.0000000  415.000 332.668  0.432  -8.768 -1.746
-999.0000000  390.000 334.677  0.417  -8.227 -1.065
-999.0000000  365.000 336.540  0.400  -7.238 -0.221
-999.0000000  340.000 338.274  0.337  -5.709  0.576
-999.0000000  315.000 339.894  0.247  -3.780  1.301
-999.0000000  290.000 341.514  0.191  -2.057  2.179
-999.0000000  265.000 343.212  0.159  -0.860  3.208
-999.0000000  240.000 344.949  0.127  -0.207  4.117
-999.0000000  215.000 346.600  0.095   0.031  4.769
-999.0000000  190.000 348.298  0.054   0.055  4.925
-999.0000000  165.000 350.669  0.024  -0.568  4.318
-999.0000000  140.000 355.520  0.011  -0.754  3.305
-999.0000000  115.000 368.475  0.006   2.032  2.362
-999.0000000   90.000 397.228  0.006   6.135  1.203
-999.0000000   65.000 445.575  0.003   2.480  0.311
-999.0000000   40.000 533.354  0.014  -8.308  0.091
-999.0000000   15.000 719.107  0.062 -16.814  0.382
265.625  45   1006.71  day,levels,pres0
-999.0000000 1115.000 290.302 15.055  -0.759 -0.134
-999.0000000 1090.000 292.189 15.055  -0.759 -0.134
-999.0000000 1065.000 294.133 15.055  -0.759 -0.134
-999.0000000 1040.000 296.136 15.055  -0.759 -0.134
-999.0000000 1015.000 298.202 15.055  -0.759 -0.134
-999.0000000  990.000 300.334 15.055  -0.759 -0.134
-999.0000000  965.000 301.876 15.126  -1.604 -0.718
-999.0000000  940.000 303.210 15.120  -2.517 -1.596
-999.0000000  915.000 304.244 14.467  -3.199 -2.398
-999.0000000  890.000 305.004 13.617  -3.723 -2.874
-999.0000000  865.000 305.638 12.636  -4.351 -3.003
-999.0000000  840.000 306.267 11.447  -5.105 -2.857
-999.0000000  815.000 306.970 10.114  -5.907 -2.540
-999.0000000  790.000 307.796  8.744  -6.652 -2.040
-999.0000000  765.000 308.759  7.407  -7.169 -1.370
-999.0000000  740.000 309.896  6.217  -7.204 -0.654
-999.0000000  715.000 311.200  5.214  -6.807  0.006
-999.0000000  690.000 312.630  4.288  -6.266  0.506
-999.0000000  665.000 314.191  3.415  -5.641  0.772
-999.0000000  640.000 315.914  2.670  -5.226  0.769
-999.0000000  615.000 317.801  2.045  -5.120  0.465
-999.0000000  590.000 319.739  1.607  -5.177  0.118
-999.0000000  565.000 321.660  1.381  -5.426 -0.236
-999.0000000  540.000 323.480  1.180  -5.983 -0.712
-999.0000000  515.000 325.173  1.012  -6.870 -1.328
-999.0000000  490.000 326.971  0.845  -7.744 -1.911
-999.0000000  465.000 328.929  0.679  -8.421 -2.314
-999.0000000  440.000 330.961  0.563  -8.668 -2.242
-999.0000000  415.000 332.999  0.493  -8.378 -1.604
-999.0000000  390.000 334.983  0.442  -7.715 -0.716
-999.0000000  365.000 336.851  0.407  -6.723  0.261
-999.0000000  340.000 338.600  0.342  -5.454  1.167
-999.0000000  315.000 340.218  0.260  -4.055  1.971
-999.0000000  290.000 341.756  0.208  -2.902  2.811
-999.0000000  265.000 343.278  0.174  -2.163  3.693
-999.0000000  240.000 344.810  0.137  -1.756  4.477
-999.0000000  215.000 346.349  0.097  -1.593  5.116
-999.0000000  190.000 348.094  0.053  -1.751  5.483
-999.0000000  165.000 350.635  0.024  -2.482  5.204
-999.0000000  140.000 355.731  0.011  -1.926  3.985
-999.0000000  115.000 368.705  0.006   2.138  2.204
-999.0000000   90.000 396.768  0.005   6.992  0.522
-999.0000000   65.000 444.381  0.003   3.523 -0.123
-999.0000000   40.000 532.612  0.014  -7.646  0.010
-999.0000000   15.000 719.236  0.062 -16.197  0.397
265.75  45   1002.59  day,levels,pres0
-999.0000000 1115.000 290.482 13.537  -0.874  0.121
-999.0000000 1090.000 292.370 13.537  -0.874  0.121
-999.0000000 1065.000 294.315 13.537  -0.874  0.121
-999.0000000 1040.000 296.319 13.537  -0.874  0.121
-999.0000000 1015.000 298.386 13.537  -0.874  0.121
-999.0000000  990.000 300.520 13.537  -0.874  0.121
-999.0000000  965.000 301.783 14.867  -1.395  0.092
-999.0000000  940.000 303.496 15.448  -2.323 -0.839
-999.0000000  915.000 304.954 14.967  -2.925 -1.824
-999.0000000  890.000 305.947 14.129  -3.204 -2.374
-999.0000000  865.000 306.629 13.069  -3.655 -2.507
-999.0000000  840.000 307.218 11.741  -4.333 -2.338
-999.0000000  815.000 307.903 10.342  -5.079 -2.011
-999.0000000  790.000 308.762  9.002  -5.740 -1.530
-999.0000000  765.000 309.762  7.688  -6.219 -0.935
-999.0000000  740.000 310.923  6.425  -6.395 -0.339
-999.0000000  715.000 312.237  5.273  -6.292  0.176
-999.0000000  690.000 313.620  4.272  -6.046  0.521
-999.0000000  665.000 315.058  3.420  -5.669  0.620
-999.0000000  640.000 316.634  2.732  -5.372  0.445
-999.0000000  615.000 318.366  2.210  -5.243 -0.046
-999.0000000  590.000 320.209  1.840  -5.388 -0.643
-999.0000000  565.000 322.117  1.633  -5.884 -1.302
-999.0000000  540.000 323.947  1.425  -6.632 -1.978
-999.0000000  515.000 325.647  1.218  -7.562 -2.607
-999.0000000  490.000 327.436  1.022  -8.266 -2.961
-999.0000000  465.000 329.356  0.839  -8.567 -2.905
-999.0000000  440.000 331.339  0.684  -8.479 -2.403
-999.0000000  415.000 333.329  0.556  -7.987 -1.463
-999.0000000  390.000 335.287  0.467  -7.202 -0.369
-999.0000000  365.000 337.161  0.414  -6.207  0.739
-999.0000000  340.000 338.926  0.348  -5.201  1.754
-999.0000000  315.000 340.541  0.275  -4.330  2.637
-999.0000000  290.000 341.999  0.225  -3.747  3.440
-999.0000000  265.000 343.344  0.189  -3.467  4.177
-999.0000000  240.000 344.670  0.147  -3.307  4.836
-999.0000000  215.000 346.097  0.098  -3.219  5.463
-999.0000000  190.000 347.890  0.051  -3.561  6.041
-999.0000000  165.000 350.602  0.024  -4.399  6.091
-999.0000000  140.000 355.941  0.011  -3.098  4.665
-999.0000000  115.000 368.935  0.006   2.243  2.046
-999.0000000   90.000 396.307  0.005   7.849 -0.160
-999.0000000   65.000 443.187  0.003   4.567 -0.557
-999.0000000   40.000 531.869  0.013  -6.984 -0.072
-999.0000000   15.000 719.369  0.063 -15.580  0.412
265.875  45   1002.17  day,levels,pres0
-999.0000000 1115.000 290.308 13.828  -1.695  0.744
-999.0000000 1090.000 292.195 13.828  -1.695  0.744
-999.0000000 1065.000 294.139 13.828  -1.695  0.744
-999.0000000 1040.000 296.142 13.828  -1.695  0.744
-999.0000000 1015.000 298.208 13.828  -1.695  0.744
-999.0000000  990.000 300.340 13.828  -1.695  0.744
-999.0000000  965.000 301.925 14.806  -2.240  0.241
-999.0000000  940.000 303.473 15.334  -2.601 -0.872
-999.0000000  915.000 304.612 15.059  -2.818 -1.804
-999.0000000  890.000 305.398 14.312  -3.039 -2.301
-999.0000000  865.000 306.101 13.165  -3.602 -2.395
-999.0000000  840.000 306.828 11.805  -4.459 -2.154
-999.0000000  815.000 307.620 10.431  -5.408 -1.728
-999.0000000  790.000 308.572  9.048  -6.267 -1.165
-999.0000000  765.000 309.662  7.659  -6.896 -0.522
-999.0000000  740.000 310.877  6.351  -7.120  0.084
-999.0000000  715.000 312.198  5.195  -6.968  0.576
-999.0000000  690.000 313.576  4.210  -6.618  0.879
-999.0000000  665.000 315.006  3.401  -6.085  0.922
-999.0000000  640.000 316.567  2.752  -5.631  0.726
-999.0000000  615.000 318.289  2.270  -5.363  0.261
-999.0000000  590.000 320.158  1.925  -5.404 -0.300
-999.0000000  565.000 322.137  1.728  -5.842 -0.919
-999.0000000  540.000 324.037  1.516  -6.580 -1.529
-999.0000000  515.000 325.793  1.288  -7.546 -2.064
-999.0000000  490.000 327.605  1.077  -8.290 -2.340
-999.0000000  465.000 329.500  0.885  -8.627 -2.254
-999.0000000  440.000 331.403  0.724  -8.591 -1.833
-999.0000000  415.000 333.257  0.595  -8.177 -1.098
-999.0000000  390.000 335.078  0.500  -7.510 -0.246
-999.0000000  365.000 336.844  0.437  -6.673  0.622
-999.0000000  340.000 338.545  0.372  -5.838  1.423
-999.0000000  315.000 340.147  0.308  -5.137  2.118
-999.0000000  290.000 341.640  0.255  -4.705  2.727
-999.0000000  265.000 343.067  0.208  -4.537  3.267
-999.0000000  240.000 344.542  0.158  -4.401  3.802
-999.0000000  215.000 346.198  0.104  -4.215  4.421
-999.0000000  190.000 348.220  0.054  -4.342  4.994
-999.0000000  165.000 351.085  0.026  -4.755  4.865
-999.0000000  140.000 356.513  0.012  -2.989  3.300
-999.0000000  115.000 369.264  0.006   2.550  0.926
-999.0000000   90.000 395.825  0.005   8.225 -0.823
-999.0000000   65.000 442.802  0.003   4.590 -1.001
-999.0000000   40.000 531.540  0.013  -6.935 -0.145
-999.0000000   15.000 719.996  0.064 -15.763  0.500
266.0  45   1004.69  day,levels,pres0
-999.0000000 1115.000 290.136 14.104  -2.525  1.354
-999.0000000 1090.000 292.022 14.104  -2.525  1.354
-999.0000000 1065.000 293.964 14.104  -2.525  1.354
-999.0000000 1040.000 295.966 14.104  -2.525  1.354
-999.0000000 1015.000 298.031 14.104  -2.525  1.354
-999.0000000  990.000 300.162 14.104  -2.525  1.354
-999.0000000  965.000 302.067 14.731  -3.083  0.384
-999.0000000  940.000 303.449 15.208  -2.871 -0.906
-999.0000000  915.000 304.267 15.131  -2.701 -1.779
-999.0000000  890.000 304.847 14.459  -2.870 -2.224
-999.0000000  865.000 305.572 13.235  -3.553 -2.283
-999.0000000  840.000 306.435 11.855  -4.590 -1.968
-999.0000000  815.000 307.336 10.510  -5.740 -1.442
-999.0000000  790.000 308.380  9.089  -6.798 -0.798
-999.0000000  765.000 309.561  7.626  -7.580 -0.107
-999.0000000  740.000 310.829  6.275  -7.851  0.508
-999.0000000  715.000 312.157  5.116  -7.647  0.978
-999.0000000  690.000 313.532  4.147  -7.191  1.240
-999.0000000  665.000 314.953  3.381  -6.499  1.229
-999.0000000  640.000 316.502  2.772  -5.888  1.011
-999.0000000  615.000 318.213  2.329  -5.481  0.571
-999.0000000  590.000 320.108  2.011  -5.416  0.046
-999.0000000  565.000 322.158  1.823  -5.796 -0.532
-999.0000000  540.000 324.130  1.608  -6.523 -1.076
-999.0000000  515.000 325.941  1.360  -7.527 -1.519
-999.0000000  490.000 327.776  1.133  -8.312 -1.719
-999.0000000  465.000 329.648  0.931  -8.685 -1.604
-999.0000000  440.000 331.470  0.765  -8.699 -1.264
-999.0000000  415.000 333.189  0.634  -8.365 -0.734
-999.0000000  390.000 334.874  0.533  -7.817 -0.124
-999.0000000  365.000 336.529  0.458  -7.139  0.506
-999.0000000  340.000 338.165  0.395  -6.476  1.093
-999.0000000  315.000 339.755  0.340  -5.944  1.601
-999.0000000  290.000 341.284  0.283  -5.664  2.014
-999.0000000  265.000 342.793  0.226  -5.608  2.359
-999.0000000  240.000 344.416  0.169  -5.494  2.770
-999.0000000  215.000 346.298  0.109  -5.210  3.380
-999.0000000  190.000 348.549  0.057  -5.122  3.948
-999.0000000  165.000 351.567  0.027  -5.110  3.639
-999.0000000  140.000 357.081  0.012  -2.880  1.935
-999.0000000  115.000 369.590  0.006   2.858 -0.194
-999.0000000   90.000 395.344  0.005   8.600 -1.485
-999.0000000   65.000 442.420  0.004   4.613 -1.445
-999.0000000   40.000 531.212  0.013  -6.886 -0.217
-999.0000000   15.000 720.627  0.066 -15.946  0.588
266.125  45   1005.11  day,levels,pres0
-999.0000000 1115.000 290.164 14.941  -1.537  1.621
-999.0000000 1090.000 292.050 14.941  -1.537  1.621
-999.0000000 1065.000 293.992 14.941  -1.537  1.621
-999.0000000 1040.000 295.994 14.941  -1.537  1.621
-999.0000000 1015.000 298.059 14.941  -1.537  1.621
-999.0000000  990.000 300.191 14.941  -1.537  1.621
-999.0000000  965.000 302.282 15.235  -2.331  0.851
-999.0000000  940.000 303.666 15.436  -2.533 -0.477
-999.0000000  915.000 304.397 15.154  -2.804 -1.469
-999.0000000  890.000 304.854 14.428  -3.367 -2.054
-999.0000000  865.000 305.384 13.312  -4.303 -2.264
-999.0000000  840.000 306.038 12.030  -5.516 -2.144
-999.0000000  815.000 306.804 10.695  -6.826 -1.820
-999.0000000  790.000 307.782  9.274  -8.033 -1.334
-999.0000000  765.000 308.989  7.789  -8.934 -0.704
-999.0000000  740.000 310.350  6.383  -9.189  0.004
-999.0000000  715.000 311.799  5.150  -8.812  0.689
-999.0000000  690.000 313.278  4.130  -8.093  1.194
-999.0000000  665.000 314.775  3.343  -7.049  1.437
-999.0000000  640.000 316.373  2.710  -6.102  1.442
-999.0000000  615.000 318.096  2.241  -5.435  1.154
-999.0000000  590.000 319.988  1.878  -5.351  0.613
-999.0000000  565.000 322.031  1.624  -6.021 -0.195
-999.0000000  540.000 324.022  1.382  -7.186 -1.086
-999.0000000  515.000 325.874  1.152  -8.652 -1.949
-999.0000000  490.000 327.686  0.946  -9.477 -2.483
-999.0000000  465.000 329.454  0.767  -9.339 -2.535
-999.0000000  440.000 331.181  0.624  -8.673 -2.149
-999.0000000  415.000 332.855  0.518  -7.693 -1.355
-999.0000000  390.000 334.555  0.440  -6.816 -0.423
-999.0000000  365.000 336.285  0.389  -6.212  0.491
-999.0000000  340.000 338.012  0.342  -5.812  1.209
-999.0000000  315.000 339.696  0.299  -5.572  1.669
-999.0000000  290.000 341.321  0.254  -5.409  1.965
-999.0000000  265.000 342.926  0.208  -5.244  2.243
-999.0000000  240.000 344.599  0.160  -4.956  2.809
-999.0000000  215.000 346.398  0.108  -4.492  3.771
-999.0000000  190.000 348.350  0.057  -4.151  4.579
-999.0000000  165.000 351.007  0.026  -3.907  4.134
-999.0000000  140.000 356.473  0.012  -1.691  2.031
-999.0000000  115.000 369.551  0.007   3.608 -0.235
-999.0000000   90.000 396.480  0.005   8.682 -1.277
-999.0000000   65.000 443.855  0.003   4.443 -1.005
-999.0000000   40.000 532.225  0.013  -6.759 -0.338
-999.0000000   15.000 720.591  0.066 -15.451  0.047
266.25  45   1004.39  day,levels,pres0
-999.0000000 1115.000 290.193 15.784  -0.547  1.873
-999.0000000 1090.000 292.079 15.784  -0.547  1.873
-999.0000000 1065.000 294.022 15.784  -0.547  1.873
-999.0000000 1040.000 296.024 15.784  -0.547  1.873
-999.0000000 1015.000 298.089 15.784  -0.547  1.873
-999.0000000  990.000 300.221 15.784  -0.547  1.873
-999.0000000  965.000 302.499 15.755  -1.567  1.312
-999.0000000  940.000 303.882 15.670  -2.184 -0.048
-999.0000000  915.000 304.527 15.177  -2.897 -1.153
-999.0000000  890.000 304.861 14.396  -3.859 -1.877
-999.0000000  865.000 305.197 13.383  -5.054 -2.238
-999.0000000  840.000 305.639 12.187  -6.445 -2.314
-999.0000000  815.000 306.271 10.854  -7.914 -2.194
-999.0000000  790.000 307.182  9.430  -9.271 -1.868
-999.0000000  765.000 308.415  7.930 -10.292 -1.299
-999.0000000  740.000 309.873  6.478 -10.530 -0.498
-999.0000000  715.000 311.439  5.180  -9.979  0.405
-999.0000000  690.000 313.025  4.111  -8.995  1.154
-999.0000000  665.000 314.599  3.306  -7.598  1.652
-999.0000000  640.000 316.242  2.648  -6.315  1.879
-999.0000000  615.000 317.978  2.154  -5.388  1.743
-999.0000000  590.000 319.868  1.747  -5.284  1.184
-999.0000000  565.000 321.905  1.427  -6.241  0.144
-999.0000000  540.000 323.914  1.159  -7.845 -1.094
-999.0000000  515.000 325.807  0.945  -9.773 -2.377
-999.0000000  490.000 327.597  0.760 -10.639 -3.246
-999.0000000  465.000 329.263  0.606  -9.993 -3.466
-999.0000000  440.000 330.896  0.489  -8.647 -3.033
-999.0000000  415.000 332.523  0.406  -7.021 -1.976
-999.0000000  390.000 334.238  0.352  -5.816 -0.720
-999.0000000  365.000 336.043  0.321  -5.285  0.478
-999.0000000  340.000 337.863  0.290  -5.149  1.327
-999.0000000  315.000 339.639  0.258  -5.199  1.740
-999.0000000  290.000 341.360  0.224  -5.154  1.917
-999.0000000  265.000 343.057  0.190  -4.880  2.128
-999.0000000  240.000 344.784  0.152  -4.416  2.850
-999.0000000  215.000 346.499  0.106  -3.773  4.164
-999.0000000  190.000 348.150  0.056  -3.179  5.211
-999.0000000  165.000 350.444  0.025  -2.703  4.629
-999.0000000  140.000 355.862  0.011  -0.502  2.128
-999.0000000  115.000 369.514  0.007   4.358 -0.277
-999.0000000   90.000 397.618  0.005   8.764 -1.068
-999.0000000   65.000 445.292  0.003   4.273 -0.564
-999.0000000   40.000 533.239  0.014  -6.633 -0.458
-999.0000000   15.000 720.551  0.066 -14.956 -0.494
266.375  45   1004.33  day,levels,pres0
-999.0000000 1115.000 289.407 16.379  -0.726  1.842
-999.0000000 1090.000 291.288 16.379  -0.726  1.842
-999.0000000 1065.000 293.225 16.379  -0.726  1.842
-999.0000000 1040.000 295.222 16.379  -0.726  1.842
-999.0000000 1015.000 297.282 16.379  -0.726  1.842
-999.0000000  990.000 299.408 16.379  -0.726  1.842
-999.0000000  965.000 301.525 15.968  -1.670  1.446
-999.0000000  940.000 302.981 15.775  -2.284  0.044
-999.0000000  915.000 303.846 15.264  -3.007 -1.216
-999.0000000  890.000 304.412 14.452  -3.970 -2.161
-999.0000000  865.000 304.912 13.421  -5.150 -2.758
-999.0000000  840.000 305.484 12.162  -6.514 -2.992
-999.0000000  815.000 306.210 10.645  -7.910 -2.876
-999.0000000  790.000 307.145  9.057  -9.111 -2.435
-999.0000000  765.000 308.306  7.586  -9.950 -1.693
-999.0000000  740.000 309.652  6.318 -10.161 -0.697
-999.0000000  715.000 311.119  5.253  -9.781  0.409
-999.0000000  690.000 312.628  4.354  -9.024  1.365
-999.0000000  665.000 314.153  3.636  -7.880  2.067
-999.0000000  640.000 315.734  3.014  -6.775  2.449
-999.0000000  615.000 317.394  2.498  -5.901  2.411
-999.0000000  590.000 319.261  2.061  -5.699  1.977
-999.0000000  565.000 321.353  1.695  -6.395  1.109
-999.0000000  540.000 323.445  1.378  -7.703  0.047
-999.0000000  515.000 325.436  1.111  -9.369 -1.086
-999.0000000  490.000 327.344  0.871 -10.149 -1.914
-999.0000000  465.000 329.135  0.663  -9.642 -2.230
-999.0000000  440.000 330.849  0.524  -8.554 -1.956
-999.0000000  415.000 332.501  0.452  -7.249 -1.093
-999.0000000  390.000 334.234  0.406  -6.328 -0.032
-999.0000000  365.000 336.073  0.383  -6.001  0.974
-999.0000000  340.000 337.929  0.343  -6.012  1.612
-999.0000000  315.000 339.733  0.291  -6.187  1.806
-999.0000000  290.000 341.447  0.241  -6.328  1.824
-999.0000000  265.000 343.089  0.195  -6.349  1.927
-999.0000000  240.000 344.713  0.151  -6.262  2.467
-999.0000000  215.000 346.343  0.105  -5.921  3.470
-999.0000000  190.000 348.056  0.056  -5.343  4.186
-999.0000000  165.000 350.577  0.025  -4.422  3.417
-999.0000000  140.000 356.073  0.011  -1.508  1.052
-999.0000000  115.000 369.529  0.007   3.934 -1.017
-999.0000000   90.000 397.612  0.006   8.991 -1.613
-999.0000000   65.000 445.191  0.003   4.726 -0.827
-999.0000000   40.000 532.213  0.013  -6.675 -0.373
-999.0000000   15.000 718.111  0.060 -15.637 -0.065
266.5  45   1006.54  day,levels,pres0
-999.0000000 1115.000 288.619 16.872  -0.903  1.811
-999.0000000 1090.000 290.495 16.872  -0.903  1.811
-999.0000000 1065.000 292.427 16.872  -0.903  1.811
-999.0000000 1040.000 294.418 16.872  -0.903  1.811
-999.0000000 1015.000 296.472 16.872  -0.903  1.811
-999.0000000  990.000 298.592 16.872  -0.903  1.811
-999.0000000  965.000 300.550 16.096  -1.769  1.579
-999.0000000  940.000 302.081 15.815  -2.380  0.135
-999.0000000  915.000 303.165 15.314  -3.112 -1.280
-999.0000000  890.000 303.961 14.490  -4.078 -2.446
-999.0000000  865.000 304.628 13.453  -5.244 -3.279
-999.0000000  840.000 305.328 12.137  -6.582 -3.672
-999.0000000  815.000 306.150 10.437  -7.904 -3.563
-999.0000000  790.000 307.106  8.685  -8.950 -3.007
-999.0000000  765.000 308.195  7.246  -9.607 -2.092
-999.0000000  740.000 309.429  6.161  -9.791 -0.903
-999.0000000  715.000 310.797  5.320  -9.582  0.407
-999.0000000  690.000 312.230  4.581  -9.051  1.572
-999.0000000  665.000 313.707  3.944  -8.162  2.478
-999.0000000  640.000 315.226  3.354  -7.234  3.016
-999.0000000  615.000 316.809  2.813  -6.413  3.077
-999.0000000  590.000 318.655  2.348  -6.114  2.769
-999.0000000  565.000 320.801  1.944  -6.548  2.074
-999.0000000  540.000 322.975  1.584  -7.561  1.189
-999.0000000  515.000 325.066  1.269  -8.965  0.205
-999.0000000  490.000 327.092  0.979  -9.658 -0.583
-999.0000000  465.000 329.008  0.719  -9.292 -0.994
-999.0000000  440.000 330.802  0.559  -8.462 -0.879
-999.0000000  415.000 332.478  0.497  -7.478 -0.209
-999.0000000  390.000 334.230  0.460  -6.839  0.655
-999.0000000  365.000 336.103  0.444  -6.718  1.469
-999.0000000  340.000 337.996  0.396  -6.875  1.896
-999.0000000  315.000 339.826  0.324  -7.174  1.872
-999.0000000  290.000 341.534  0.258  -7.501  1.730
-999.0000000  265.000 343.122  0.200  -7.818  1.724
-999.0000000  240.000 344.644  0.151  -8.107  2.083
-999.0000000  215.000 346.183  0.105  -8.069  2.776
-999.0000000  190.000 347.959  0.056  -7.507  3.161
-999.0000000  165.000 350.709  0.025  -6.141  2.206
-999.0000000  140.000 356.283  0.011  -2.514 -0.024
-999.0000000  115.000 369.544  0.007   3.511 -1.758
-999.0000000   90.000 397.604  0.006   9.219 -2.157
-999.0000000   65.000 445.091  0.003   5.179 -1.089
-999.0000000   40.000 531.187  0.013  -6.717 -0.288
-999.0000000   15.000 715.671  0.055 -16.318  0.364
266.625  45   1006.11  day,levels,pres0
-999.0000000 1115.000 290.268 16.816  -1.645  0.929
-999.0000000 1090.000 292.155 16.816  -1.645  0.929
-999.0000000 1065.000 294.098 16.816  -1.645  0.929
-999.0000000 1040.000 296.101 16.816  -1.645  0.929
-999.0000000 1015.000 298.167 16.816  -1.645  0.929
-999.0000000  990.000 300.299 16.816  -1.645  0.929
-999.0000000  965.000 301.382 16.141  -2.451  0.757
-999.0000000  940.000 302.405 15.809  -3.087 -0.139
-999.0000000  915.000 303.462 15.220  -3.747 -1.205
-999.0000000  890.000 304.447 14.299  -4.446 -2.163
-999.0000000  865.000 305.305 13.098  -5.325 -2.784
-999.0000000  840.000 306.103 11.675  -6.380 -2.986
-999.0000000  815.000 306.926 10.066  -7.463 -2.765
-999.0000000  790.000 307.878  8.476  -8.465 -2.207
-999.0000000  765.000 308.976  7.159  -9.273 -1.391
-999.0000000  740.000 310.186  6.193  -9.686 -0.390
-999.0000000  715.000 311.482  5.493  -9.686  0.679
-999.0000000  690.000 312.835  4.847  -9.346  1.615
-999.0000000  665.000 314.231  4.253  -8.630  2.324
-999.0000000  640.000 315.711  3.697  -7.895  2.712
-999.0000000  615.000 317.303  3.177  -7.277  2.694
-999.0000000  590.000 319.152  2.710  -7.064  2.416
-999.0000000  565.000 321.282  2.274  -7.393  1.883
-999.0000000  540.000 323.437  1.831  -8.051  1.246
-999.0000000  515.000 325.514  1.366  -8.863  0.568
-999.0000000  490.000 327.535  1.005  -9.077  0.004
-999.0000000  465.000 329.458  0.756  -8.476 -0.328
-999.0000000  440.000 331.257  0.603  -7.632 -0.269
-999.0000000  415.000 332.923  0.544  -6.836  0.206
-999.0000000  390.000 334.631  0.491  -6.450  0.792
-999.0000000  365.000 336.417  0.446  -6.595  1.304
-999.0000000  340.000 338.200  0.381  -7.039  1.533
-999.0000000  315.000 339.922  0.304  -7.608  1.451
-999.0000000  290.000 341.589  0.240  -8.068  1.299
-999.0000000  265.000 343.225  0.188  -8.321  1.229
-999.0000000  240.000 344.811  0.143  -8.379  1.315
-999.0000000  215.000 346.344  0.100  -8.129  1.551
-999.0000000  190.000 348.065  0.055  -7.510  1.838
-999.0000000  165.000 350.794  0.025  -5.852  1.573
-999.0000000  140.000 356.450  0.011  -1.634  0.521
-999.0000000  115.000 369.664  0.007   4.563 -0.427
-999.0000000   90.000 397.136  0.006   9.799 -1.366
-999.0000000   65.000 443.988  0.003   5.068 -1.037
-999.0000000   40.000 530.745  0.012  -7.293 -1.130
-999.0000000   15.000 716.205  0.056 -17.102 -0.426
266.75  45   1002.55  day,levels,pres0
-999.0000000 1115.000 291.918 16.524  -2.392  0.052
-999.0000000 1090.000 293.816 16.524  -2.392  0.052
-999.0000000 1065.000 295.770 16.524  -2.392  0.052
-999.0000000 1040.000 297.784 16.524  -2.392  0.052
-999.0000000 1015.000 299.862 16.524  -2.392  0.052
-999.0000000  990.000 302.006 16.524  -2.392  0.052
-999.0000000  965.000 302.217 16.142  -3.140 -0.059
-999.0000000  940.000 302.731 15.793  -3.804 -0.410
-999.0000000  915.000 303.762 15.117  -4.394 -1.128
-999.0000000  890.000 304.935 14.081  -4.826 -1.877
-999.0000000  865.000 305.985 12.688  -5.414 -2.284
-999.0000000  840.000 306.879 11.138  -6.185 -2.292
-999.0000000  815.000 307.701  9.631  -7.027 -1.954
-999.0000000  790.000 308.649  8.224  -7.982 -1.391
-999.0000000  765.000 309.754  7.044  -8.938 -0.672
-999.0000000  740.000 310.942  6.212  -9.579  0.141
-999.0000000  715.000 312.167  5.669  -9.789  0.968
-999.0000000  690.000 313.438  5.126  -9.640  1.673
-999.0000000  665.000 314.757  4.578  -9.099  2.180
-999.0000000  640.000 316.196  4.057  -8.559  2.415
-999.0000000  615.000 317.797  3.560  -8.145  2.318
-999.0000000  590.000 319.650  3.090  -8.021  2.067
-999.0000000  565.000 321.765  2.623  -8.245  1.695
-999.0000000  540.000 323.900  2.089  -8.548  1.306
-999.0000000  515.000 325.961  1.467  -8.767  0.934
-999.0000000  490.000 327.976  1.032  -8.499  0.594
-999.0000000  465.000 329.907  0.795  -7.662  0.342
-999.0000000  440.000 331.712  0.650  -6.804  0.343
-999.0000000  415.000 333.368  0.593  -6.197  0.623
-999.0000000  390.000 335.031  0.524  -6.063  0.932
-999.0000000  365.000 336.731  0.448  -6.475  1.140
-999.0000000  340.000 338.403  0.366  -7.206  1.171
-999.0000000  315.000 340.016  0.283  -8.043  1.030
-999.0000000  290.000 341.643  0.222  -8.636  0.867
-999.0000000  265.000 343.329  0.177  -8.825  0.734
-999.0000000  240.000 344.978  0.134  -8.651  0.546
-999.0000000  215.000 346.504  0.095  -8.187  0.326
-999.0000000  190.000 348.170  0.054  -7.512  0.515
-999.0000000  165.000 350.879  0.025  -5.562  0.941
-999.0000000  140.000 356.616  0.011  -0.755  1.067
-999.0000000  115.000 369.785  0.007   5.616  0.904
-999.0000000   90.000 396.671  0.006  10.379 -0.575
-999.0000000   65.000 442.883  0.003   4.957 -0.984
-999.0000000   40.000 530.306  0.012  -7.868 -1.973
-999.0000000   15.000 716.736  0.057 -17.886 -1.216
266.875  45   1002.06  day,levels,pres0
-999.0000000 1115.000 291.454 16.660  -1.682  0.976
-999.0000000 1090.000 293.348 16.660  -1.682  0.976
-999.0000000 1065.000 295.300 16.660  -1.682  0.976
-999.0000000 1040.000 297.311 16.660  -1.682  0.976
-999.0000000 1015.000 299.385 16.660  -1.682  0.976
-999.0000000  990.000 301.526 16.660  -1.682  0.976
-999.0000000  965.000 302.259 16.021  -2.659  0.662
-999.0000000  940.000 302.869 15.606  -3.302 -0.012
-999.0000000  915.000 303.842 14.859  -3.849 -0.835
-999.0000000  890.000 304.965 13.831  -4.296 -1.512
-999.0000000  865.000 305.980 12.539  -4.922 -1.849
-999.0000000  840.000 306.853 11.097  -5.816 -1.890
-999.0000000  815.000 307.690  9.713  -6.876 -1.680
-999.0000000  790.000 308.648  8.417  -8.052 -1.268
-999.0000000  765.000 309.721  7.305  -9.204 -0.672
-999.0000000  740.000 310.849  6.497 -10.035  0.108
-999.0000000  715.000 312.010  5.942 -10.438  0.998
-999.0000000  690.000 313.203  5.405 -10.406  1.827
-999.0000000  665.000 314.426  4.883  -9.863  2.518
-999.0000000  640.000 315.778  4.354  -9.193  2.910
-999.0000000  615.000 317.313  3.811  -8.510  2.918
-999.0000000  590.000 319.145  3.264  -8.136  2.720
-999.0000000  565.000 321.305  2.673  -8.182  2.343
-999.0000000  540.000 323.576  2.061  -8.411  1.930
-999.0000000  515.000 325.860  1.401  -8.691  1.519
-999.0000000  490.000 328.081  0.946  -8.617  1.127
-999.0000000  465.000 330.151  0.720  -8.119  0.819
-999.0000000  440.000 332.054  0.588  -7.697  0.800
-999.0000000  415.000 333.761  0.550  -7.589  1.115
-999.0000000  390.000 335.421  0.497  -7.912  1.497
-999.0000000  365.000 337.064  0.435  -8.613  1.788
-999.0000000  340.000 338.668  0.366  -9.244  1.831
-999.0000000  315.000 340.233  0.294  -9.570  1.595
-999.0000000  290.000 341.834  0.231  -9.541  1.241
-999.0000000  265.000 343.509  0.175  -9.203  0.854
-999.0000000  240.000 345.151  0.125  -8.767  0.460
-999.0000000  215.000 346.664  0.084  -8.281  0.166
-999.0000000  190.000 348.335  0.049  -7.373  0.318
-999.0000000  165.000 351.109  0.025  -4.775  0.636
-999.0000000  140.000 356.779  0.012   0.499  0.659
-999.0000000  115.000 369.486  0.007   6.528  0.531
-999.0000000   90.000 395.752  0.006  10.231 -0.633
-999.0000000   65.000 442.300  0.003   4.166 -0.948
-999.0000000   40.000 530.542  0.012  -8.885 -1.417
-999.0000000   15.000 718.184  0.060 -18.711 -0.586
267.0  45   1004.80  day,levels,pres0
-999.0000000 1115.000 290.988 16.767  -0.970  1.901
-999.0000000 1090.000 292.879 16.767  -0.970  1.901
-999.0000000 1065.000 294.827 16.767  -0.970  1.901
-999.0000000 1040.000 296.835 16.767  -0.970  1.901
-999.0000000 1015.000 298.906 16.767  -0.970  1.901
-999.0000000  990.000 301.043 16.767  -0.970  1.901
-999.0000000  965.000 302.300 15.895  -2.178  1.387
-999.0000000  940.000 303.008 15.411  -2.797  0.385
-999.0000000  915.000 303.922 14.596  -3.303 -0.551
-999.0000000  890.000 304.994 13.577  -3.767 -1.166
-999.0000000  865.000 305.976 12.386  -4.433 -1.438
-999.0000000  840.000 306.828 11.050  -5.452 -1.514
-999.0000000  815.000 307.680  9.790  -6.733 -1.427
-999.0000000  790.000 308.647  8.603  -8.134 -1.158
-999.0000000  765.000 309.688  7.559  -9.482 -0.678
-999.0000000  740.000 310.758  6.775 -10.499  0.076
-999.0000000  715.000 311.855  6.209 -11.092  1.034
-999.0000000  690.000 312.969  5.675 -11.174  1.990
-999.0000000  665.000 314.097  5.176 -10.629  2.864
-999.0000000  640.000 315.362  4.634  -9.829  3.415
-999.0000000  615.000 316.832  4.045  -8.880  3.528
-999.0000000  590.000 318.640  3.424  -8.256  3.383
-999.0000000  565.000 320.845  2.717  -8.123  3.001
-999.0000000  540.000 323.250  2.033  -8.277  2.562
-999.0000000  515.000 325.760  1.334  -8.619  2.112
-999.0000000  490.000 328.182  0.858  -8.737  1.666
-999.0000000  465.000 330.393  0.642  -8.574  1.299
-999.0000000  440.000 332.393  0.524  -8.587  1.260
-999.0000000  415.000 334.153  0.504  -8.981  1.608
-999.0000000  390.000 335.810  0.468  -9.760  2.062
-999.0000000  365.000 337.395  0.421 -10.750  2.436
-999.0000000  340.000 338.934  0.365 -11.280  2.492
-999.0000000  315.000 340.450  0.306 -11.096  2.161
-999.0000000  290.000 342.025  0.239 -10.444  1.616
-999.0000000  265.000 343.692  0.173  -9.582  0.976
-999.0000000  240.000 345.325  0.115  -8.882  0.375
-999.0000000  215.000 346.825  0.072  -8.374  0.007
-999.0000000  190.000 348.501  0.045  -7.234  0.122
-999.0000000  165.000 351.336  0.025  -3.986  0.331
-999.0000000  140.000 356.943  0.012   1.752  0.253
-999.0000000  115.000 369.186  0.007   7.440  0.159
-999.0000000   90.000 394.834  0.006  10.083 -0.692
-999.0000000   65.000 441.717  0.003   3.374 -0.912
-999.0000000   40.000 530.780  0.012  -9.901 -0.862
-999.0000000   15.000 719.635  0.063 -19.535  0.044
267.125  45   1005.85  day,levels,pres0
-999.0000000 1115.000 290.751 15.976  -1.026  2.082
-999.0000000 1090.000 292.641 15.976  -1.026  2.082
-999.0000000 1065.000 294.588 15.976  -1.026  2.082
-999.0000000 1040.000 296.594 15.976  -1.026  2.082
-999.0000000 1015.000 298.663 15.976  -1.026  2.082
-999.0000000  990.000 300.799 15.976  -1.026  2.082
-999.0000000  965.000 302.424 15.078  -2.231  1.597
-999.0000000  940.000 303.176 14.861  -2.917  0.408
-999.0000000  915.000 303.972 14.337  -3.545 -0.679
-999.0000000  890.000 304.918 13.554  -4.258 -1.451
-999.0000000  865.000 305.880 12.576  -5.177 -1.911
-999.0000000  840.000 306.750 11.508  -6.307 -2.196
-999.0000000  815.000 307.556 10.482  -7.571 -2.349
-999.0000000  790.000 308.427  9.466  -8.914 -2.321
-999.0000000  765.000 309.390  8.485 -10.225 -2.006
-999.0000000  740.000 310.460  7.572 -11.245 -1.255
-999.0000000  715.000 311.632  6.753 -11.863 -0.137
-999.0000000  690.000 312.833  6.061 -11.942  1.077
-999.0000000  665.000 314.040  5.500 -11.345  2.320
-999.0000000  640.000 315.308  4.974 -10.428  3.299
-999.0000000  615.000 316.673  4.491  -9.275  3.892
-999.0000000  590.000 318.310  3.933  -8.372  4.212
-999.0000000  565.000 320.289  3.266  -7.901  4.250
-999.0000000  540.000 322.505  2.560  -7.804  4.141
-999.0000000  515.000 324.910  1.760  -8.037  3.873
-999.0000000  490.000 327.336  1.158  -8.164  3.370
-999.0000000  465.000 329.666  0.775  -8.091  2.664
-999.0000000  440.000 331.801  0.572  -8.096  2.133
-999.0000000  415.000 333.681  0.553  -8.345  1.924
-999.0000000  390.000 335.463  0.506  -8.990  1.946
-999.0000000  365.000 337.188  0.439  -9.909  2.101
-999.0000000  340.000 338.877  0.355 -10.400  2.125
-999.0000000  315.000 340.524  0.264 -10.200  1.926
-999.0000000  290.000 342.145  0.194  -9.572  1.611
-999.0000000  265.000 343.769  0.140  -8.840  1.270
-999.0000000  240.000 345.361  0.092  -8.505  1.013
-999.0000000  215.000 346.813  0.057  -8.464  0.911
-999.0000000  190.000 348.422  0.037  -7.386  0.992
-999.0000000  165.000 351.288  0.023  -3.533  0.903
-999.0000000  140.000 356.913  0.012   2.701  0.748
-999.0000000  115.000 369.067  0.007   8.044  0.873
-999.0000000   90.000 394.745  0.006  10.114  0.167
-999.0000000   65.000 442.187  0.004   3.063 -0.222
-999.0000000   40.000 531.269  0.013 -10.208 -0.403
-999.0000000   15.000 720.262  0.065 -19.967  0.396
267.25  45   1004.58  day,levels,pres0
-999.0000000 1115.000 290.515 15.203  -1.084  2.263
-999.0000000 1090.000 292.403 15.203  -1.084  2.263
-999.0000000 1065.000 294.348 15.203  -1.084  2.263
-999.0000000 1040.000 296.352 15.203  -1.084  2.263
-999.0000000 1015.000 298.420 15.203  -1.084  2.263
-999.0000000  990.000 300.554 15.203  -1.084  2.263
-999.0000000  965.000 302.548 14.247  -2.285  1.808
-999.0000000  940.000 303.344 14.297  -3.037  0.432
-999.0000000  915.000 304.023 14.076  -3.787 -0.806
-999.0000000  890.000 304.842 13.531  -4.748 -1.734
-999.0000000  865.000 305.785 12.763  -5.917 -2.382
-999.0000000  840.000 306.672 11.959  -7.159 -2.873
-999.0000000  815.000 307.432 11.161  -8.404 -3.266
-999.0000000  790.000 308.208 10.304  -9.691 -3.479
-999.0000000  765.000 309.093  9.374 -10.966 -3.329
-999.0000000  740.000 310.164  8.337 -11.990 -2.581
-999.0000000  715.000 311.410  7.280 -12.634 -1.307
-999.0000000  690.000 312.698  6.439 -12.710  0.164
-999.0000000  665.000 313.985  5.822 -12.062  1.775
-999.0000000  640.000 315.256  5.312 -11.026  3.181
-999.0000000  615.000 316.516  4.927  -9.668  4.253
-999.0000000  590.000 317.980  4.420  -8.486  5.037
-999.0000000  565.000 319.732  3.773  -7.677  5.495
-999.0000000  540.000 321.760  3.034  -7.327  5.715
-999.0000000  515.000 324.061  2.137  -7.452  5.631
-999.0000000  490.000 326.490  1.423  -7.588  5.071
-999.0000000  465.000 328.938  0.895  -7.605  4.026
-999.0000000  440.000 331.208  0.616  -7.603  3.005
-999.0000000  415.000 333.208  0.599  -7.708  2.239
-999.0000000  390.000 335.118  0.542  -8.220  1.830
-999.0000000  365.000 336.983  0.457  -9.068  1.765
-999.0000000  340.000 338.821  0.346  -9.519  1.758
-999.0000000  315.000 340.598  0.222  -9.303  1.691
-999.0000000  290.000 342.264  0.148  -8.699  1.605
-999.0000000  265.000 343.848  0.107  -8.097  1.563
-999.0000000  240.000 345.399  0.069  -8.128  1.651
-999.0000000  215.000 346.799  0.042  -8.553  1.814
-999.0000000  190.000 348.342  0.030  -7.539  1.861
-999.0000000  165.000 351.236  0.020  -3.080  1.475
-999.0000000  140.000 356.883  0.012   3.649  1.243
-999.0000000  115.000 368.946  0.007   8.648  1.587
-999.0000000   90.000 394.655  0.006  10.145  1.027
-999.0000000   65.000 442.656  0.004   2.751  0.469
-999.0000000   40.000 531.759  0.013 -10.516  0.055
-999.0000000   15.000 720.889  0.066 -20.399  0.747
267.375  45   1004.62  day,levels,pres0
-999.0000000 1115.000 289.875 15.543  -2.106  1.466
-999.0000000 1090.000 291.759 15.543  -2.106  1.466
-999.0000000 1065.000 293.700 15.543  -2.106  1.466
-999.0000000 1040.000 295.700 15.543  -2.106  1.466
-999.0000000 1015.000 297.763 15.543  -2.106  1.466
-999.0000000  990.000 299.892 15.543  -2.106  1.466
-999.0000000  965.000 301.620 14.484  -3.690  1.095
-999.0000000  940.000 302.556 14.392  -4.586 -0.022
-999.0000000  915.000 303.325 14.113  -5.368 -1.050
-999.0000000  890.000 304.134 13.648  -6.237 -1.875
-999.0000000  865.000 305.004 13.087  -7.164 -2.525
-999.0000000  840.000 305.849 12.474  -8.029 -3.063
-999.0000000  815.000 306.669 11.792  -8.788 -3.500
-999.0000000  790.000 307.528 10.986  -9.521 -3.748
-999.0000000  765.000 308.485 10.016 -10.259 -3.643
-999.0000000  740.000 309.607  8.834 -10.881 -2.957
-999.0000000  715.000 310.901  7.559 -11.294 -1.760
-999.0000000  690.000 312.279  6.533 -11.295 -0.324
-999.0000000  665.000 313.710  5.763 -10.752  1.322
-999.0000000  640.000 315.137  5.197  -9.873  2.833
-999.0000000  615.000 316.553  4.867  -8.704  4.081
-999.0000000  590.000 318.164  4.421  -7.727  5.009
-999.0000000  565.000 320.038  3.840  -7.121  5.554
-999.0000000  540.000 322.110  3.183  -6.902  5.862
-999.0000000  515.000 324.348  2.400  -7.071  5.889
-999.0000000  490.000 326.646  1.742  -7.275  5.476
-999.0000000  465.000 328.913  1.210  -7.418  4.589
-999.0000000  440.000 331.041  0.875  -7.563  3.595
-999.0000000  415.000 332.964  0.742  -7.812  2.701
-999.0000000  390.000 334.796  0.629  -8.415  2.180
-999.0000000  365.000 336.580  0.537  -9.309  2.070
-999.0000000  340.000 338.400  0.408  -9.867  2.023
-999.0000000  315.000 340.240  0.259  -9.858  1.896
-999.0000000  290.000 341.965  0.165  -9.529  1.748
-999.0000000  265.000 343.566  0.112  -9.189  1.655
-999.0000000  240.000 345.112  0.070  -9.277  1.728
-999.0000000  215.000 346.490  0.041  -9.523  1.936
-999.0000000  190.000 347.993  0.028  -8.269  1.959
-999.0000000  165.000 350.858  0.020  -3.625  1.361
-999.0000000  140.000 356.581  0.012   2.992  0.768
-999.0000000  115.000 369.145  0.007   7.747  0.832
-999.0000000   90.000 395.602  0.006   9.389  0.515
-999.0000000   65.000 443.473  0.003   2.199  0.569
-999.0000000   40.000 531.247  0.013 -11.422  0.152
-999.0000000   15.000 718.599  0.061 -21.781  0.700
267.5  45   1006.72  day,levels,pres0
-999.0000000 1115.000 289.236 15.823  -3.132  0.669
-999.0000000 1090.000 291.116 15.823  -3.132  0.669
-999.0000000 1065.000 293.052 15.823  -3.132  0.669
-999.0000000 1040.000 295.048 15.823  -3.132  0.669
-999.0000000 1015.000 297.106 15.823  -3.132  0.669
-999.0000000  990.000 299.231 15.823  -3.132  0.669
-999.0000000  965.000 300.693 14.645  -5.096  0.383
-999.0000000  940.000 301.769 14.444  -6.136 -0.472
-999.0000000  915.000 302.626 14.122  -6.950 -1.288
-999.0000000  890.000 303.424 13.726  -7.724 -2.008
-999.0000000  865.000 304.222 13.346  -8.407 -2.658
-999.0000000  840.000 305.026 12.903  -8.893 -3.241
-999.0000000  815.000 305.907 12.336  -9.162 -3.723
-999.0000000  790.000 306.846 11.591  -9.343 -4.006
-999.0000000  765.000 307.875 10.593  -9.547 -3.946
-999.0000000  740.000 309.050  9.283  -9.770 -3.327
-999.0000000  715.000 310.393  7.812  -9.955 -2.214
-999.0000000  690.000 311.858  6.618  -9.882 -0.816
-999.0000000  665.000 313.435  5.704  -9.443  0.862
-999.0000000  640.000 315.018  5.083  -8.719  2.476
-999.0000000  615.000 316.590  4.806  -7.737  3.899
-999.0000000  590.000 318.348  4.422  -6.963  4.969
-999.0000000  565.000 320.343  3.907  -6.560  5.599
-999.0000000  540.000 322.458  3.335  -6.470  5.996
-999.0000000  515.000 324.637  2.672  -6.683  6.135
-999.0000000  490.000 326.802  2.068  -6.957  5.873
-999.0000000  465.000 328.887  1.524  -7.226  5.146
-999.0000000  440.000 330.873  1.128  -7.520  4.180
-999.0000000  415.000 332.720  0.881  -7.915  3.161
-999.0000000  390.000 334.476  0.712  -8.610  2.528
-999.0000000  365.000 336.179  0.613  -9.550  2.374
-999.0000000  340.000 337.982  0.467 -10.214  2.286
-999.0000000  315.000 339.884  0.293 -10.413  2.099
-999.0000000  290.000 341.668  0.182 -10.359  1.889
-999.0000000  265.000 343.284  0.117 -10.280  1.744
-999.0000000  240.000 344.823  0.070 -10.424  1.802
-999.0000000  215.000 346.180  0.040 -10.493  2.055
-999.0000000  190.000 347.644  0.026  -9.001  2.055
-999.0000000  165.000 350.476  0.019  -4.173  1.245
-999.0000000  140.000 356.281  0.012   2.334  0.292
-999.0000000  115.000 369.341  0.007   6.846  0.077
-999.0000000   90.000 396.549  0.005   8.633  0.002
-999.0000000   65.000 444.289  0.003   1.646  0.670
-999.0000000   40.000 530.738  0.012 -12.328  0.249
-999.0000000   15.000 716.308  0.056 -23.164  0.654
267.625  45   1006.75  day,levels,pres0
-999.0000000 1115.000 290.509 15.639  -3.436 -0.045
-999.0000000 1090.000 292.397 15.639  -3.436 -0.045
-999.0000000 1065.000 294.342 15.639  -3.436 -0.045
-999.0000000 1040.000 296.346 15.639  -3.436 -0.045
-999.0000000 1015.000 298.414 15.639  -3.436 -0.045
-999.0000000  990.000 300.548 15.639  -3.436 -0.045
-999.0000000  965.000 301.390 14.813  -4.965 -0.347
-999.0000000  940.000 302.111 14.551  -5.859 -0.904
-999.0000000  915.000 302.838 14.076  -6.630 -1.473
-999.0000000  890.000 303.696 13.431  -7.302 -2.076
-999.0000000  865.000 304.649 12.851  -7.731 -2.666
-999.0000000  840.000 305.556 12.282  -7.952 -3.139
-999.0000000  815.000 306.441 11.560  -8.159 -3.499
-999.0000000  790.000 307.497 10.642  -8.369 -3.652
-999.0000000  765.000 308.688  9.580  -8.600 -3.445
-999.0000000  740.000 309.986  8.423  -8.794 -2.799
-999.0000000  715.000 311.368  7.287  -8.892 -1.820
-999.0000000  690.000 312.772  6.387  -8.764 -0.700
-999.0000000  665.000 314.172  5.754  -8.337  0.539
-999.0000000  640.000 315.609  5.244  -7.737  1.719
-999.0000000  615.000 317.105  4.883  -7.001  2.768
-999.0000000  590.000 318.831  4.452  -6.437  3.607
-999.0000000  565.000 320.829  3.923  -6.164  4.190
-999.0000000  540.000 322.926  3.352  -6.152  4.635
-999.0000000  515.000 325.043  2.707  -6.409  4.904
-999.0000000  490.000 327.132  2.122  -6.769  4.811
-999.0000000  465.000 329.136  1.600  -7.192  4.282
-999.0000000  440.000 331.066  1.223  -7.680  3.530
-999.0000000  415.000 332.911  0.990  -8.275  2.739
-999.0000000  390.000 334.753  0.838  -9.086  2.359
-999.0000000  365.000 336.615  0.757 -10.037  2.501
-999.0000000  340.000 338.538  0.619 -10.684  2.784
-999.0000000  315.000 340.463  0.444 -10.844  3.028
-999.0000000  290.000 342.217  0.302 -10.648  3.204
-999.0000000  265.000 343.763  0.192 -10.254  3.310
-999.0000000  240.000 345.173  0.109  -9.897  3.327
-999.0000000  215.000 346.347  0.052  -9.459  3.131
-999.0000000  190.000 347.639  0.029  -7.659  2.481
-999.0000000  165.000 350.362  0.020  -2.728  1.171
-999.0000000  140.000 356.201  0.011   3.404  0.318
-999.0000000  115.000 369.325  0.007   7.123  0.666
-999.0000000   90.000 396.253  0.005   8.685  0.710
-999.0000000   65.000 443.342  0.003   1.936  0.991
-999.0000000   40.000 530.449  0.012 -12.123  0.225
-999.0000000   15.000 716.723  0.057 -23.326  0.647
267.75  45   1002.69  day,levels,pres0
-999.0000000 1115.000 291.782 15.271  -3.736 -0.752
-999.0000000 1090.000 293.678 15.271  -3.736 -0.752
-999.0000000 1065.000 295.632 15.271  -3.736 -0.752
-999.0000000 1040.000 297.645 15.271  -3.736 -0.752
-999.0000000 1015.000 299.721 15.271  -3.736 -0.752
-999.0000000  990.000 301.865 15.271  -3.736 -0.752
-999.0000000  965.000 302.087 14.933  -4.833 -1.071
-999.0000000  940.000 302.454 14.637  -5.582 -1.328
-999.0000000  915.000 303.055 14.025  -6.310 -1.649
-999.0000000  890.000 303.973 13.125  -6.877 -2.131
-999.0000000  865.000 305.082 12.325  -7.050 -2.656
-999.0000000  840.000 306.092 11.609  -7.003 -3.017
-999.0000000  815.000 306.981 10.720  -7.144 -3.261
-999.0000000  790.000 308.150  9.595  -7.379 -3.295
-999.0000000  765.000 309.501  8.430  -7.634 -2.952
-999.0000000  740.000 310.920  7.418  -7.796 -2.283
-999.0000000  715.000 312.340  6.654  -7.808 -1.432
-999.0000000  690.000 313.681  6.097  -7.628 -0.581
-999.0000000  665.000 314.906  5.790  -7.213  0.232
-999.0000000  640.000 316.198  5.407  -6.737  0.985
-999.0000000  615.000 317.618  4.958  -6.250  1.658
-999.0000000  590.000 319.312  4.477  -5.901  2.265
-999.0000000  565.000 321.315  3.935  -5.765  2.798
-999.0000000  540.000 323.393  3.366  -5.837  3.288
-999.0000000  515.000 325.451  2.742  -6.141  3.680
-999.0000000  490.000 327.461  2.178  -6.590  3.752
-999.0000000  465.000 329.382  1.679  -7.171  3.421
-999.0000000  440.000 331.258  1.321  -7.854  2.883
-999.0000000  415.000 333.101  1.103  -8.647  2.321
-999.0000000  390.000 335.029  0.969  -9.573  2.194
-999.0000000  365.000 337.052  0.910 -10.533  2.631
-999.0000000  340.000 339.093  0.783 -11.161  3.286
-999.0000000  315.000 341.044  0.606 -11.280  3.962
-999.0000000  290.000 342.768  0.430 -10.938  4.522
-999.0000000  265.000 344.245  0.273 -10.228  4.878
-999.0000000  240.000 345.524  0.151  -9.370  4.855
-999.0000000  215.000 346.513  0.065  -8.424  4.210
-999.0000000  190.000 347.631  0.032  -6.311  2.909
-999.0000000  165.000 350.245  0.020  -1.278  1.098
-999.0000000  140.000 356.118  0.011   4.475  0.347
-999.0000000  115.000 369.308  0.007   7.400  1.256
-999.0000000   90.000 395.954  0.005   8.737  1.417
-999.0000000   65.000 442.394  0.003   2.227  1.313
-999.0000000   40.000 530.161  0.012 -11.918  0.201
-999.0000000   15.000 717.141  0.058 -23.487  0.640
267.875  45   1001.92  day,levels,pres0
-999.0000000 1115.000 291.698 15.342  -3.086 -0.205
-999.0000000 1090.000 293.594 15.342  -3.086 -0.205
-999.0000000 1065.000 295.547 15.342  -3.086 -0.205
-999.0000000 1040.000 297.560 15.342  -3.086 -0.205
-999.0000000 1015.000 299.636 15.342  -3.086 -0.205
-999.0000000  990.000 301.778 15.342  -3.086 -0.205
-999.0000000  965.000 302.469 14.754  -4.392 -0.839
-999.0000000  940.000 302.943 14.375  -5.181 -1.428
-999.0000000  915.000 303.477 13.824  -5.873 -1.980
-999.0000000  890.000 304.232 13.092  -6.449 -2.540
-999.0000000  865.000 305.216 12.329  -6.813 -3.038
-999.0000000  840.000 306.224 11.526  -7.039 -3.379
-999.0000000  815.000 307.153 10.524  -7.367 -3.524
-999.0000000  790.000 308.255  9.296  -7.723 -3.410
-999.0000000  765.000 309.607  7.948  -7.985 -3.025
-999.0000000  740.000 311.100  6.793  -8.015 -2.474
-999.0000000  715.000 312.603  5.976  -7.799 -1.871
-999.0000000  690.000 313.973  5.441  -7.411 -1.327
-999.0000000  665.000 315.151  5.248  -6.843 -0.863
-999.0000000  640.000 316.357  4.976  -6.287 -0.370
-999.0000000  615.000 317.659  4.643  -5.805  0.192
-999.0000000  590.000 319.234  4.259  -5.475  0.878
-999.0000000  565.000 321.137  3.807  -5.366  1.702
-999.0000000  540.000 323.183  3.308  -5.529  2.528
-999.0000000  515.000 325.292  2.725  -6.006  3.247
-999.0000000  490.000 327.346  2.190  -6.657  3.577
-999.0000000  465.000 329.276  1.709  -7.442  3.406
-999.0000000  440.000 331.145  1.335  -8.265  2.941
-999.0000000  415.000 332.957  1.069  -9.131  2.349
-999.0000000  390.000 334.794  0.908 -10.168  2.072
-999.0000000  365.000 336.664  0.838 -11.337  2.277
-999.0000000  340.000 338.539  0.712 -12.307  2.788
-999.0000000  315.000 340.361  0.549 -12.767  3.464
-999.0000000  290.000 342.044  0.399 -12.323  4.089
-999.0000000  265.000 343.597  0.272 -10.938  4.524
-999.0000000  240.000 345.095  0.162  -9.245  4.561
-999.0000000  215.000 346.530  0.072  -7.831  3.942
-999.0000000  190.000 348.247  0.032  -5.861  2.767
-999.0000000  165.000 351.249  0.020  -1.609  1.356
-999.0000000  140.000 357.116  0.011   3.288  0.975
-999.0000000  115.000 369.807  0.007   6.196  1.837
-999.0000000   90.000 395.582  0.005   8.132  1.804
-999.0000000   65.000 442.018  0.003   1.643  1.317
-999.0000000   40.000 530.249  0.012 -12.736  0.286
-999.0000000   15.000 718.439  0.061 -24.646  0.609
268.0  45   1004.40  day,levels,pres0
-999.0000000 1115.000 291.619 15.404  -2.434  0.339
-999.0000000 1090.000 293.514 15.404  -2.434  0.339
-999.0000000 1065.000 295.467 15.404  -2.434  0.339
-999.0000000 1040.000 297.479 15.404  -2.434  0.339
-999.0000000 1015.000 299.554 15.404  -2.434  0.339
-999.0000000  990.000 301.696 15.404  -2.434  0.339
-999.0000000  965.000 302.856 14.557  -3.955 -0.610
-999.0000000  940.000 303.435 14.084  -4.786 -1.531
-999.0000000  915.000 303.903 13.605  -5.442 -2.308
-999.0000000  890.000 304.491 13.054  -6.030 -2.938
-999.0000000  865.000 305.353 12.334  -6.584 -3.408
-999.0000000  840.000 306.355 11.442  -7.084 -3.728
-999.0000000  815.000 307.327 10.325  -7.594 -3.778
-999.0000000  790.000 308.362  8.992  -8.067 -3.521
-999.0000000  765.000 309.715  7.459  -8.334 -3.096
-999.0000000  740.000 311.282  6.153  -8.231 -2.666
-999.0000000  715.000 312.867  5.275  -7.789 -2.311
-999.0000000  690.000 314.267  4.758  -7.195 -2.073
-999.0000000  665.000 315.394  4.687  -6.472 -1.957
-999.0000000  640.000 316.515  4.535  -5.836 -1.725
-999.0000000  615.000 317.701  4.325  -5.361 -1.273
-999.0000000  590.000 319.157  4.042  -5.050 -0.509
-999.0000000  565.000 320.958  3.681  -4.971  0.605
-999.0000000  540.000 322.975  3.251  -5.226  1.767
-999.0000000  515.000 325.134  2.707  -5.877  2.812
-999.0000000  490.000 327.232  2.203  -6.730  3.399
-999.0000000  465.000 329.172  1.739  -7.715  3.388
-999.0000000  440.000 331.031  1.348  -8.675  2.993
-999.0000000  415.000 332.812  1.035  -9.614  2.371
-999.0000000  390.000 334.559  0.849 -10.762  1.946
-999.0000000  365.000 336.271  0.769 -12.139  1.920
-999.0000000  340.000 337.981  0.645 -13.452  2.288
-999.0000000  315.000 339.674  0.495 -14.251  2.966
-999.0000000  290.000 341.314  0.370 -13.704  3.656
-999.0000000  265.000 342.943  0.270 -11.645  4.169
-999.0000000  240.000 344.664  0.172  -9.119  4.267
-999.0000000  215.000 346.550  0.078  -7.239  3.675
-999.0000000  190.000 348.866  0.032  -5.411  2.626
-999.0000000  165.000 352.255  0.020  -1.939  1.615
-999.0000000  140.000 358.114  0.012   2.104  1.602
-999.0000000  115.000 370.306  0.007   4.993  2.418
-999.0000000   90.000 395.208  0.004   7.527  2.190
-999.0000000   65.000 441.645  0.004   1.060  1.321
-999.0000000   40.000 530.339  0.012 -13.553  0.371
-999.0000000   15.000 719.737  0.064 -25.805  0.577
268.125  45   1005.75  day,levels,pres0
-999.0000000 1115.000 290.570 15.830  -2.592  0.386
-999.0000000 1090.000 292.459 15.830  -2.592  0.386
-999.0000000 1065.000 294.404 15.830  -2.592  0.386
-999.0000000 1040.000 296.409 15.830  -2.592  0.386
-999.0000000 1015.000 298.477 15.830  -2.592  0.386
-999.0000000  990.000 300.611 15.830  -2.592  0.386
-999.0000000  965.000 302.407 14.766  -4.241 -0.557
-999.0000000  940.000 303.437 13.994  -5.235 -1.722
-999.0000000  915.000 304.169 13.349  -6.075 -2.817
-999.0000000  890.000 304.842 12.749  -6.868 -3.803
-999.0000000  865.000 305.630 12.062  -7.611 -4.658
-999.0000000  840.000 306.439 11.258  -8.228 -5.315
-999.0000000  815.000 307.237 10.172  -8.712 -5.610
-999.0000000  790.000 308.285  8.665  -9.013 -5.481
-999.0000000  765.000 309.737  6.889  -8.981 -5.038
-999.0000000  740.000 311.389  5.455  -8.526 -4.454
-999.0000000  715.000 313.018  4.602  -7.751 -3.859
-999.0000000  690.000 314.439  4.138  -6.883 -3.304
-999.0000000  665.000 315.565  4.155  -5.981 -2.783
-999.0000000  640.000 316.655  4.137  -5.302 -2.137
-999.0000000  615.000 317.771  4.113  -4.955 -1.294
-999.0000000  590.000 319.132  3.988  -4.845 -0.264
-999.0000000  565.000 320.812  3.772  -5.004  0.945
-999.0000000  540.000 322.686  3.450  -5.413  2.083
-999.0000000  515.000 324.687  2.987  -6.073  2.998
-999.0000000  490.000 326.651  2.477  -6.774  3.435
-999.0000000  465.000 328.505  1.918  -7.427  3.274
-999.0000000  440.000 330.357  1.430  -7.944  2.714
-999.0000000  415.000 332.203  1.015  -8.395  1.921
-999.0000000  390.000 333.983  0.791  -9.193  1.381
-999.0000000  365.000 335.701  0.732 -10.417  1.355
-999.0000000  340.000 337.551  0.592 -11.656  1.911
-999.0000000  315.000 339.547  0.402 -12.438  2.952
-999.0000000  290.000 341.489  0.286 -11.998  4.016
-999.0000000  265.000 343.325  0.221 -10.262  4.875
-999.0000000  240.000 345.163  0.150  -8.261  5.376
-999.0000000  215.000 347.058  0.075  -6.715  5.104
-999.0000000  190.000 349.208  0.033  -4.832  4.034
-999.0000000  165.000 352.196  0.020  -1.209  2.735
-999.0000000  140.000 357.379  0.011   2.902  2.175
-999.0000000  115.000 369.260  0.007   5.504  2.516
-999.0000000   90.000 395.212  0.005   7.169  2.441
-999.0000000   65.000 442.981  0.003   0.263  1.371
-999.0000000   40.000 532.112  0.013 -13.651  0.975
-999.0000000   15.000 721.142  0.067 -25.066  0.964
268.25  45   1003.70  day,levels,pres0
-999.0000000 1115.000 289.524 16.128  -2.746  0.443
-999.0000000 1090.000 291.406 16.128  -2.746  0.443
-999.0000000 1065.000 293.344 16.128  -2.746  0.443
-999.0000000 1040.000 295.342 16.128  -2.746  0.443
-999.0000000 1015.000 297.402 16.128  -2.746  0.443
-999.0000000  990.000 299.529 16.128  -2.746  0.443
-999.0000000  965.000 301.959 14.947  -4.530 -0.487
-999.0000000  940.000 303.439 13.901  -5.686 -1.898
-999.0000000  915.000 304.433 13.079  -6.710 -3.315
-999.0000000  890.000 305.192 12.421  -7.704 -4.665
-999.0000000  865.000 305.908 11.772  -8.632 -5.912
-999.0000000  840.000 306.522 11.068  -9.364 -6.912
-999.0000000  815.000 307.145 10.017  -9.821 -7.458
-999.0000000  790.000 308.208  8.340  -9.948 -7.457
-999.0000000  765.000 309.759  6.316  -9.615 -6.985
-999.0000000  740.000 311.498  4.747  -8.806 -6.237
-999.0000000  715.000 313.169  3.915  -7.698 -5.393
-999.0000000  690.000 314.615  3.503  -6.558 -4.518
-999.0000000  665.000 315.737  3.610  -5.475 -3.594
-999.0000000  640.000 316.794  3.732  -4.756 -2.534
-999.0000000  615.000 317.841  3.899  -4.536 -1.303
-999.0000000  590.000 319.109  3.934  -4.628 -0.008
-999.0000000  565.000 320.667  3.860  -5.029  1.294
-999.0000000  540.000 322.396  3.640  -5.596  2.408
-999.0000000  515.000 324.241  3.248  -6.270  3.191
-999.0000000  490.000 326.070  2.729  -6.821  3.478
-999.0000000  465.000 327.838  2.079  -7.142  3.168
-999.0000000  440.000 329.683  1.503  -7.215  2.443
-999.0000000  415.000 331.592  0.994  -7.175  1.479
-999.0000000  390.000 333.407  0.737  -7.622  0.825
-999.0000000  365.000 335.132  0.697  -8.692  0.797
-999.0000000  340.000 337.121  0.542  -9.857  1.539
-999.0000000  315.000 339.421  0.311 -10.621  2.942
-999.0000000  290.000 341.663  0.200 -10.288  4.379
-999.0000000  265.000 343.705  0.170  -8.875  5.583
-999.0000000  240.000 345.661  0.127  -7.402  6.488
-999.0000000  215.000 347.564  0.072  -6.193  6.535
-999.0000000  190.000 349.549  0.033  -4.254  5.446
-999.0000000  165.000 352.139  0.019  -0.482  3.857
-999.0000000  140.000 356.644  0.011   3.702  2.751
-999.0000000  115.000 368.214  0.007   6.015  2.615
-999.0000000   90.000 395.214  0.006   6.810  2.691
-999.0000000   65.000 444.320  0.003  -0.533  1.421
-999.0000000   40.000 533.883  0.015 -13.748  1.579
-999.0000000   15.000 722.546  0.070 -24.328  1.350
268.375  45   1004.17  day,levels,pres0
-999.0000000 1115.000 289.531 16.513  -3.235  0.549
-999.0000000 1090.000 291.413 16.513  -3.235  0.549
-999.0000000 1065.000 293.351 16.513  -3.235  0.549
-999.0000000 1040.000 295.349 16.513  -3.235  0.549
-999.0000000 1015.000 297.409 16.513  -3.235  0.549
-999.0000000  990.000 299.536 16.513  -3.235  0.549
-999.0000000  965.000 301.468 15.293  -5.456 -0.112
-999.0000000  940.000 302.971 14.305  -6.854 -1.369
-999.0000000  915.000 303.995 13.533  -7.825 -2.698
-999.0000000  890.000 304.782 12.868  -8.565 -4.009
-999.0000000  865.000 305.480 12.207  -9.121 -5.271
-999.0000000  840.000 306.052 11.520  -9.464 -6.372
-999.0000000  815.000 306.543 10.615  -9.601 -7.146
-999.0000000  790.000 307.378  9.186  -9.532 -7.341
-999.0000000  765.000 308.865  7.241  -9.139 -6.857
-999.0000000  740.000 310.755  5.372  -8.328 -6.059
-999.0000000  715.000 312.697  3.999  -7.230 -5.222
-999.0000000  690.000 314.346  3.244  -6.153 -4.344
-999.0000000  665.000 315.561  3.299  -5.209 -3.390
-999.0000000  640.000 316.678  3.450  -4.687 -2.278
-999.0000000  615.000 317.762  3.736  -4.718 -0.976
-999.0000000  590.000 319.027  3.875  -5.022  0.338
-999.0000000  565.000 320.535  3.892  -5.548  1.587
-999.0000000  540.000 322.203  3.708  -6.091  2.618
-999.0000000  515.000 323.999  3.304  -6.563  3.291
-999.0000000  490.000 325.876  2.737  -6.838  3.401
-999.0000000  465.000 327.805  1.992  -6.888  2.862
-999.0000000  440.000 329.782  1.391  -6.905  2.004
-999.0000000  415.000 331.744  0.923  -7.098  1.050
-999.0000000  390.000 333.542  0.706  -7.934  0.475
-999.0000000  365.000 335.190  0.704  -9.476  0.544
-999.0000000  340.000 337.066  0.570 -11.099  1.317
-999.0000000  315.000 339.253  0.350 -12.208  2.660
-999.0000000  290.000 341.430  0.221 -11.978  4.004
-999.0000000  265.000 343.462  0.156 -10.474  5.151
-999.0000000  240.000 345.405  0.111  -8.922  6.124
-999.0000000  215.000 347.320  0.069  -7.528  6.277
-999.0000000  190.000 349.396  0.034  -5.138  5.093
-999.0000000  165.000 352.098  0.019  -0.941  3.263
-999.0000000  140.000 356.823  0.011   3.536  1.969
-999.0000000  115.000 368.831  0.007   6.179  1.767
-999.0000000   90.000 396.010  0.006   7.067  1.885
-999.0000000   65.000 444.501  0.003  -0.334  0.967
-999.0000000   40.000 533.208  0.014 -13.961  0.949
-999.0000000   15.000 721.012  0.067 -24.601  0.679
268.5  45   1006.24  day,levels,pres0
-999.0000000 1115.000 289.538 16.895  -3.718  0.651
-999.0000000 1090.000 291.420 16.895  -3.718  0.651
-999.0000000 1065.000 293.358 16.895  -3.718  0.651
-999.0000000 1040.000 295.356 16.895  -3.718  0.651
-999.0000000 1015.000 297.416 16.895  -3.718  0.651
-999.0000000  990.000 299.543 16.895  -3.718  0.651
-999.0000000  965.000 300.977 15.599  -6.370  0.256
-999.0000000  940.000 302.501 14.665  -8.009 -0.847
-999.0000000  915.000 303.555 13.944  -8.925 -2.085
-999.0000000  890.000 304.370 13.277  -9.414 -3.357
-999.0000000  865.000 305.053 12.607  -9.598 -4.631
-999.0000000  840.000 305.583 11.936  -9.556 -5.833
-999.0000000  815.000 305.942 11.156  -9.378 -6.832
-999.0000000  790.000 306.550  9.925  -9.112 -7.220
-999.0000000  765.000 307.970  8.044  -8.655 -6.725
-999.0000000  740.000 310.011  5.928  -7.841 -5.883
-999.0000000  715.000 312.224  4.073  -6.757 -5.058
-999.0000000  690.000 314.077  2.993  -5.745 -4.181
-999.0000000  665.000 315.383  2.994  -4.941 -3.198
-999.0000000  640.000 316.563  3.173  -4.616 -2.032
-999.0000000  615.000 317.685  3.576  -4.898 -0.659
-999.0000000  590.000 318.947  3.816  -5.415  0.674
-999.0000000  565.000 320.405  3.922  -6.067  1.868
-999.0000000  540.000 322.010  3.773  -6.585  2.820
-999.0000000  515.000 323.757  3.357  -6.854  3.384
-999.0000000  490.000 325.684  2.744  -6.853  3.317
-999.0000000  465.000 327.772  1.905  -6.632  2.549
-999.0000000  440.000 329.882  1.277  -6.593  1.557
-999.0000000  415.000 331.893  0.851  -7.018  0.612
-999.0000000  390.000 333.677  0.675  -8.244  0.117
-999.0000000  365.000 335.248  0.712 -10.259  0.284
-999.0000000  340.000 337.013  0.598 -12.339  1.089
-999.0000000  315.000 339.083  0.389 -13.794  2.375
-999.0000000  290.000 341.196  0.241 -13.669  3.627
-999.0000000  265.000 343.219  0.142 -12.073  4.717
-999.0000000  240.000 345.148  0.095 -10.444  5.759
-999.0000000  215.000 347.076  0.066  -8.863  6.019
-999.0000000  190.000 349.243  0.035  -6.022  4.740
-999.0000000  165.000 352.056  0.019  -1.399  2.667
-999.0000000  140.000 357.002  0.010   3.370  1.185
-999.0000000  115.000 369.447  0.007   6.342  0.919
-999.0000000   90.000 396.804  0.005   7.324  1.079
-999.0000000   65.000 444.680  0.003  -0.135  0.513
-999.0000000   40.000 532.534  0.014 -14.174  0.319
-999.0000000   15.000 719.478  0.063 -24.875  0.008
268.625  45   1005.87  day,levels,pres0
-999.0000000 1115.000 291.125 16.934  -3.429  0.084
-999.0000000 1090.000 293.018 16.934  -3.429  0.084
-999.0000000 1065.000 294.967 16.934  -3.429  0.084
-999.0000000 1040.000 296.975 16.934  -3.429  0.084
-999.0000000 1015.000 299.047 16.934  -3.429  0.084
-999.0000000  990.000 301.186 16.934  -3.429  0.084
-999.0000000  965.000 301.946 16.027  -5.255 -0.296
-999.0000000  940.000 302.846 15.357  -6.437 -1.081
-999.0000000  915.000 303.699 14.675  -7.151 -1.982
-999.0000000  890.000 304.572 13.840  -7.510 -2.917
-999.0000000  865.000 305.394 12.884  -7.703 -3.817
-999.0000000  840.000 306.122 11.915  -7.765 -4.615
-999.0000000  815.000 306.718 10.925  -7.771 -5.246
-999.0000000  790.000 307.466  9.775  -7.692 -5.481
-999.0000000  765.000 308.735  8.267  -7.474 -5.205
-999.0000000  740.000 310.514  6.453  -7.070 -4.786
-999.0000000  715.000 312.530  4.598  -6.533 -4.430
-999.0000000  690.000 314.259  3.494  -5.993 -3.929
-999.0000000  665.000 315.530  3.393  -5.513 -3.197
-999.0000000  640.000 316.706  3.508  -5.349 -2.264
-999.0000000  615.000 317.860  3.894  -5.591 -1.113
-999.0000000  590.000 319.230  4.056  -5.946  0.083
-999.0000000  565.000 320.875  4.009  -6.329  1.245
-999.0000000  540.000 322.631  3.738  -6.574  2.168
-999.0000000  515.000 324.445  3.210  -6.605  2.687
-999.0000000  490.000 326.332  2.568  -6.448  2.582
-999.0000000  465.000 328.263  1.798  -6.178  1.795
-999.0000000  440.000 330.169  1.229  -6.183  0.804
-999.0000000  415.000 331.979  0.853  -6.711 -0.098
-999.0000000  390.000 333.687  0.663  -7.958 -0.452
-999.0000000  365.000 335.337  0.631  -9.872 -0.014
-999.0000000  340.000 337.192  0.515 -11.800  1.172
-999.0000000  315.000 339.303  0.347 -13.230  2.889
-999.0000000  290.000 341.434  0.231 -13.609  4.461
-999.0000000  265.000 343.484  0.155 -12.985  5.607
-999.0000000  240.000 345.477  0.107 -12.129  6.362
-999.0000000  215.000 347.413  0.072 -10.862  6.291
-999.0000000  190.000 349.420  0.039  -7.824  4.949
-999.0000000  165.000 352.047  0.019  -2.441  2.901
-999.0000000  140.000 357.197  0.010   3.362  1.387
-999.0000000  115.000 370.033  0.006   7.167  0.999
-999.0000000   90.000 397.047  0.005   8.271  1.006
-999.0000000   65.000 444.069  0.003   0.846  0.527
-999.0000000   40.000 531.618  0.013 -13.861 -0.185
-999.0000000   15.000 718.718  0.061 -24.647 -0.646
268.75  45   1001.95  day,levels,pres0
-999.0000000 1115.000 292.716 16.772  -3.149 -0.477
-999.0000000 1090.000 294.619 16.772  -3.149 -0.477
-999.0000000 1065.000 296.578 16.772  -3.149 -0.477
-999.0000000 1040.000 298.598 16.772  -3.149 -0.477
-999.0000000 1015.000 300.681 16.772  -3.149 -0.477
-999.0000000  990.000 302.831 16.772  -3.149 -0.477
-999.0000000  965.000 302.917 16.438  -4.155 -0.842
-999.0000000  940.000 303.194 16.070  -4.882 -1.309
-999.0000000  915.000 303.844 15.419  -5.392 -1.875
-999.0000000  890.000 304.776 14.413  -5.622 -2.475
-999.0000000  865.000 305.737 13.166  -5.823 -3.000
-999.0000000  840.000 306.660 11.873  -5.985 -3.391
-999.0000000  815.000 307.492 10.638  -6.170 -3.657
-999.0000000  790.000 308.379  9.568  -6.281 -3.742
-999.0000000  765.000 309.500  8.485  -6.307 -3.684
-999.0000000  740.000 311.016  6.998  -6.313 -3.685
-999.0000000  715.000 312.837  5.139  -6.318 -3.795
-999.0000000  690.000 314.442  4.006  -6.245 -3.668
-999.0000000  665.000 315.676  3.799  -6.088 -3.187
-999.0000000  640.000 316.849  3.848  -6.083 -2.487
-999.0000000  615.000 318.037  4.218  -6.286 -1.557
-999.0000000  590.000 319.513  4.300  -6.480 -0.499
-999.0000000  565.000 321.346  4.096  -6.592  0.629
-999.0000000  540.000 323.254  3.692  -6.562  1.523
-999.0000000  515.000 325.133  3.042  -6.356  1.995
-999.0000000  490.000 326.981  2.372  -6.042  1.852
-999.0000000  465.000 328.756  1.683  -5.725  1.047
-999.0000000  440.000 330.456  1.179  -5.775  0.059
-999.0000000  415.000 332.064  0.855  -6.406 -0.800
-999.0000000  390.000 333.698  0.651  -7.676 -1.014
-999.0000000  365.000 335.424  0.549  -9.489 -0.309
-999.0000000  340.000 337.369  0.431 -11.264  1.255
-999.0000000  315.000 339.521  0.303 -12.668  3.403
-999.0000000  290.000 341.670  0.220 -13.550  5.295
-999.0000000  265.000 343.749  0.169 -13.897  6.497
-999.0000000  240.000 345.803  0.119 -13.815  6.965
-999.0000000  215.000 347.750  0.078 -12.862  6.563
-999.0000000  190.000 349.597  0.044  -9.626  5.157
-999.0000000  165.000 352.041  0.019  -3.483  3.135
-999.0000000  140.000 357.391  0.009   3.355  1.589
-999.0000000  115.000 370.620  0.006   7.992  1.080
-999.0000000   90.000 397.292  0.004   9.218  0.933
-999.0000000   65.000 443.455  0.003   1.827  0.541
-999.0000000   40.000 530.703  0.012 -13.548 -0.689
-999.0000000   15.000 717.955  0.060 -24.420 -1.300
268.875  45   1000.91  day,levels,pres0
-999.0000000 1115.000 291.638 17.126  -3.320  0.108
-999.0000000 1090.000 293.534 17.126  -3.320  0.108
-999.0000000 1065.000 295.486 17.126  -3.320  0.108
-999.0000000 1040.000 297.499 17.126  -3.320  0.108
-999.0000000 1015.000 299.574 17.126  -3.320  0.108
-999.0000000  990.000 301.716 17.126  -3.320  0.108
-999.0000000  965.000 302.363 16.574  -4.789 -0.341
-999.0000000  940.000 302.955 16.074  -5.565 -1.066
-999.0000000  915.000 303.693 15.455  -6.026 -1.802
-999.0000000  890.000 304.532 14.645  -6.227 -2.441
-999.0000000  865.000 305.430 13.646  -6.344 -2.909
-999.0000000  840.000 306.361 12.505  -6.454 -3.258
-999.0000000  815.000 307.263 11.261  -6.651 -3.586
-999.0000000  790.000 308.232 10.071  -6.830 -3.831
-999.0000000  765.000 309.345  8.909  -6.932 -3.953
-999.0000000  740.000 310.703  7.524  -6.982 -4.026
-999.0000000  715.000 312.283  5.933  -7.001 -4.095
-999.0000000  690.000 313.824  4.778  -6.922 -4.012
-999.0000000  665.000 315.239  4.137  -6.733 -3.698
-999.0000000  640.000 316.594  3.914  -6.633 -3.129
-999.0000000  615.000 317.915  4.189  -6.672 -2.254
-999.0000000  590.000 319.526  4.206  -6.742 -1.200
-999.0000000  565.000 321.507  3.955  -6.787 -0.037
-999.0000000  540.000 323.575  3.494  -6.653  0.854
-999.0000000  515.000 325.618  2.766  -6.286  1.264
-999.0000000  490.000 327.588  2.065  -5.814  1.058
-999.0000000  465.000 329.424  1.399  -5.381  0.219
-999.0000000  440.000 331.131  0.946  -5.421 -0.723
-999.0000000  415.000 332.700  0.701  -6.153 -1.434
-999.0000000  390.000 334.279  0.549  -7.510 -1.429
-999.0000000  365.000 335.934  0.478  -9.378 -0.468
-999.0000000  340.000 337.758  0.385 -11.294  1.321
-999.0000000  315.000 339.730  0.280 -12.943  3.627
-999.0000000  290.000 341.702  0.210 -14.049  5.623
-999.0000000  265.000 343.630  0.163 -14.491  6.860
-999.0000000  240.000 345.570  0.119 -14.235  7.227
-999.0000000  215.000 347.534  0.084 -12.877  6.577
-999.0000000  190.000 349.602  0.051  -9.396  5.012
-999.0000000  165.000 352.360  0.022  -3.113  3.194
-999.0000000  140.000 357.767  0.009   4.247  2.078
-999.0000000  115.000 370.399  0.006   9.203  1.778
-999.0000000   90.000 396.382  0.005   9.777  1.374
-999.0000000   65.000 442.863  0.003   1.518  0.459
-999.0000000   40.000 530.635  0.012 -14.296 -0.784
-999.0000000   15.000 718.622  0.061 -25.031 -1.335
269.0  45   1003.41  day,levels,pres0
-999.0000000 1115.000 290.563 17.354  -3.483  0.696
-999.0000000 1090.000 292.452 17.354  -3.483  0.696
-999.0000000 1065.000 294.397 17.354  -3.483  0.696
-999.0000000 1040.000 296.402 17.354  -3.483  0.696
-999.0000000 1015.000 298.470 17.354  -3.483  0.696
-999.0000000  990.000 300.604 17.354  -3.483  0.696
-999.0000000  965.000 301.812 16.681  -5.417  0.160
-999.0000000  940.000 302.719 16.076  -6.243 -0.823
-999.0000000  915.000 303.544 15.488  -6.659 -1.726
-999.0000000  890.000 304.290 14.867  -6.831 -2.399
-999.0000000  865.000 305.127 14.103  -6.858 -2.802
-999.0000000  840.000 306.063 13.107  -6.920 -3.105
-999.0000000  815.000 307.036 11.860  -7.131 -3.497
-999.0000000  790.000 308.083 10.561  -7.381 -3.901
-999.0000000  765.000 309.188  9.319  -7.559 -4.203
-999.0000000  740.000 310.389  8.023  -7.653 -4.352
-999.0000000  715.000 311.731  6.667  -7.682 -4.390
-999.0000000  690.000 313.208  5.485  -7.595 -4.358
-999.0000000  665.000 314.805  4.454  -7.374 -4.210
-999.0000000  640.000 316.342  3.979  -7.180 -3.772
-999.0000000  615.000 317.797  4.162  -7.058 -2.950
-999.0000000  590.000 319.543  4.112  -7.005 -1.899
-999.0000000  565.000 321.671  3.810  -6.982 -0.704
-999.0000000  540.000 323.898  3.286  -6.743  0.181
-999.0000000  515.000 326.103  2.468  -6.212  0.531
-999.0000000  490.000 328.196  1.729  -5.580  0.261
-999.0000000  465.000 330.093  1.087  -5.030 -0.614
-999.0000000  440.000 331.806  0.690  -5.063 -1.512
-999.0000000  415.000 333.334  0.532  -5.898 -2.075
-999.0000000  390.000 334.857  0.439  -7.343 -1.852
-999.0000000  365.000 336.444  0.402  -9.268 -0.634
-999.0000000  340.000 338.144  0.337 -11.326  1.379
-999.0000000  315.000 339.937  0.257 -13.218  3.843
-999.0000000  290.000 341.730  0.199 -14.549  5.944
-999.0000000  265.000 343.509  0.156 -15.086  7.219
-999.0000000  240.000 345.333  0.119 -14.653  7.486
-999.0000000  215.000 347.314  0.090 -12.891  6.589
-999.0000000  190.000 349.603  0.058  -9.164  4.867
-999.0000000  165.000 352.677  0.025  -2.743  3.254
-999.0000000  140.000 358.140  0.009   5.139  2.567
-999.0000000  115.000 370.176  0.006  10.413  2.476
-999.0000000   90.000 395.473  0.005  10.335  1.814
-999.0000000   65.000 442.274  0.004   1.209  0.377
-999.0000000   40.000 530.570  0.012 -15.045 -0.880
-999.0000000   15.000 719.289  0.063 -25.641 -1.371
269.125  45   1005.03  day,levels,pres0
-999.0000000 1115.000 289.957 17.147  -3.877  0.585
-999.0000000 1090.000 291.842 17.147  -3.877  0.585
-999.0000000 1065.000 293.783 17.147  -3.877  0.585
-999.0000000 1040.000 295.784 17.147  -3.877  0.585
-999.0000000 1015.000 297.847 17.147  -3.877  0.585
-999.0000000  990.000 299.977 17.147  -3.877  0.585
-999.0000000  965.000 301.582 16.321  -6.211  0.235
-999.0000000  940.000 302.857 15.568  -7.235 -0.667
-999.0000000  915.000 303.773 15.013  -7.492 -1.613
-999.0000000  890.000 304.422 14.510  -7.369 -2.366
-999.0000000  865.000 305.077 13.857  -7.126 -2.887
-999.0000000  840.000 305.859 12.869  -6.912 -3.244
-999.0000000  815.000 306.773 11.558  -6.832 -3.533
-999.0000000  790.000 307.832 10.186  -6.859 -3.725
-999.0000000  765.000 309.005  8.846  -6.939 -3.789
-999.0000000  740.000 310.318  7.447  -7.086 -3.741
-999.0000000  715.000 311.769  6.030  -7.267 -3.632
-999.0000000  690.000 313.268  4.947  -7.313 -3.444
-999.0000000  665.000 314.772  4.237  -7.187 -3.127
-999.0000000  640.000 316.217  3.944  -7.135 -2.551
-999.0000000  615.000 317.603  4.144  -7.221 -1.647
-999.0000000  590.000 319.254  4.070  -7.377 -0.590
-999.0000000  565.000 321.256  3.700  -7.522  0.528
-999.0000000  540.000 323.379  3.170  -7.270  1.322
-999.0000000  515.000 325.530  2.427  -6.489  1.558
-999.0000000  490.000 327.654  1.715  -5.471  1.054
-999.0000000  465.000 329.665  1.035  -4.453 -0.234
-999.0000000  440.000 331.476  0.600  -4.110 -1.716
-999.0000000  415.000 333.041  0.410  -4.731 -3.003
-999.0000000  390.000 334.547  0.310  -6.095 -3.449
-999.0000000  365.000 336.073  0.287  -8.039 -2.714
-999.0000000  340.000 337.698  0.243 -10.117 -0.867
-999.0000000  315.000 339.454  0.188 -11.988  1.770
-999.0000000  290.000 341.353  0.147 -13.274  4.211
-999.0000000  265.000 343.408  0.116 -13.757  5.879
-999.0000000  240.000 345.548  0.092 -13.276  6.536
-999.0000000  215.000 347.658  0.074 -11.343  5.967
-999.0000000  190.000 349.796  0.052  -7.230  4.502
-999.0000000  165.000 352.616  0.026  -0.672  3.262
-999.0000000  140.000 357.919  0.010   6.490  3.028
-999.0000000  115.000 369.931  0.006  10.524  3.024
-999.0000000   90.000 395.624  0.005   9.827  1.944
-999.0000000   65.000 442.992  0.004   0.857  0.246
-999.0000000   40.000 531.543  0.013 -14.665 -1.066
-999.0000000   15.000 720.282  0.065 -24.977 -1.406
269.25  45   1003.58  day,levels,pres0
-999.0000000 1115.000 289.352 16.927  -4.270  0.485
-999.0000000 1090.000 291.233 16.927  -4.270  0.485
-999.0000000 1065.000 293.170 16.927  -4.270  0.485
-999.0000000 1040.000 295.167 16.927  -4.270  0.485
-999.0000000 1015.000 297.226 16.927  -4.270  0.485
-999.0000000  990.000 299.351 16.927  -4.270  0.485
-999.0000000  965.000 301.353 15.965  -7.005  0.323
-999.0000000  940.000 302.997 15.051  -8.222 -0.496
-999.0000000  915.000 304.005 14.521  -8.315 -1.482
-999.0000000  890.000 304.556 14.147  -7.897 -2.318
-999.0000000  865.000 305.028 13.612  -7.386 -2.962
-999.0000000  840.000 305.656 12.633  -6.896 -3.377
-999.0000000  815.000 306.510 11.260  -6.522 -3.563
-999.0000000  790.000 307.579  9.818  -6.322 -3.542
-999.0000000  765.000 308.821  8.379  -6.303 -3.365
-999.0000000  740.000 310.245  6.875  -6.507 -3.120
-999.0000000  715.000 311.806  5.388  -6.847 -2.860
-999.0000000  690.000 313.327  4.402  -7.030 -2.514
-999.0000000  665.000 314.738  4.018  -7.006 -2.027
-999.0000000  640.000 316.092  3.907  -7.097 -1.314
-999.0000000  615.000 317.409  4.125  -7.385 -0.332
-999.0000000  590.000 318.967  4.026  -7.747  0.729
-999.0000000  565.000 320.843  3.590  -8.055  1.768
-999.0000000  540.000 322.860  3.057  -7.789  2.470
-999.0000000  515.000 324.958  2.385  -6.761  2.596
-999.0000000  490.000 327.111  1.699  -5.359  1.858
-999.0000000  465.000 329.238  0.984  -3.877  0.160
-999.0000000  440.000 331.147  0.513  -3.158 -1.908
-999.0000000  415.000 332.749  0.291  -3.565 -3.921
-999.0000000  390.000 334.240  0.190  -4.846 -5.040
-999.0000000  365.000 335.704  0.178  -6.808 -4.788
-999.0000000  340.000 337.253  0.154  -8.906 -3.108
-999.0000000  315.000 338.972  0.124 -10.757 -0.299
-999.0000000  290.000 340.975  0.098 -11.996  2.480
-999.0000000  265.000 343.307  0.077 -12.426  4.541
-999.0000000  240.000 345.761  0.064 -11.897  5.588
-999.0000000  215.000 348.003  0.056  -9.795  5.347
-999.0000000  190.000 349.989  0.045  -5.297  4.141
-999.0000000  165.000 352.556  0.027   1.398  3.273
-999.0000000  140.000 357.698  0.012   7.840  3.492
-999.0000000  115.000 369.685  0.007  10.634  3.573
-999.0000000   90.000 395.777  0.005   9.319  2.075
-999.0000000   65.000 443.715  0.004   0.504  0.116
-999.0000000   40.000 532.516  0.014 -14.285 -1.252
-999.0000000   15.000 721.271  0.067 -24.312 -1.440
269.375  45   1003.87  day,levels,pres0
-999.0000000 1115.000 289.188 16.865  -4.393  0.141
-999.0000000 1090.000 291.067 16.865  -4.393  0.141
-999.0000000 1065.000 293.003 16.865  -4.393  0.141
-999.0000000 1040.000 294.999 16.865  -4.393  0.141
-999.0000000 1015.000 297.057 16.865  -4.393  0.141
-999.0000000  990.000 299.181 16.865  -4.393  0.141
-999.0000000  965.000 300.771 15.639  -7.154 -0.154
-999.0000000  940.000 302.508 14.345  -8.696 -1.024
-999.0000000  915.000 303.606 13.686  -8.831 -2.034
-999.0000000  890.000 304.217 13.364  -8.206 -2.809
-999.0000000  865.000 304.741 12.873  -7.438 -3.271
-999.0000000  840.000 305.392 11.952  -6.742 -3.362
-999.0000000  815.000 306.270 10.654  -6.258 -3.084
-999.0000000  790.000 307.431  9.189  -6.042 -2.561
-999.0000000  765.000 308.849  7.693  -6.094 -1.997
-999.0000000  740.000 310.391  6.268  -6.365 -1.632
-999.0000000  715.000 311.951  5.020  -6.709 -1.487
-999.0000000  690.000 313.425  4.208  -6.844 -1.326
-999.0000000  665.000 314.754  3.929  -6.731 -1.081
-999.0000000  640.000 316.066  3.797  -6.827 -0.641
-999.0000000  615.000 317.400  3.850  -7.247  0.046
-999.0000000  590.000 318.968  3.642  -7.730  0.830
-999.0000000  565.000 320.828  3.143  -8.112  1.642
-999.0000000  540.000 322.785  2.635  -7.881  2.240
-999.0000000  515.000 324.776  2.098  -6.847  2.415
-999.0000000  490.000 326.825  1.528  -5.409  1.799
-999.0000000  465.000 328.883  0.912  -3.863  0.248
-999.0000000  440.000 330.801  0.491  -3.065 -1.768
-999.0000000  415.000 332.507  0.267  -3.383 -3.875
-999.0000000  390.000 334.138  0.157  -4.586 -5.195
-999.0000000  365.000 335.737  0.139  -6.464 -5.244
-999.0000000  340.000 337.358  0.121  -8.403 -3.943
-999.0000000  315.000 339.059  0.102 -10.083 -1.453
-999.0000000  290.000 340.980  0.085 -11.414  1.436
-999.0000000  265.000 343.190  0.070 -12.251  4.042
-999.0000000  240.000 345.551  0.059 -12.144  5.547
-999.0000000  215.000 347.815  0.051 -10.215  5.432
-999.0000000  190.000 349.909  0.041  -5.761  4.320
-999.0000000  165.000 352.501  0.025   0.706  3.542
-999.0000000  140.000 357.504  0.012   6.768  3.373
-999.0000000  115.000 369.542  0.007   9.558  2.900
-999.0000000   90.000 395.998  0.006   8.971  1.611
-999.0000000   65.000 443.394  0.003   0.769  0.104
-999.0000000   40.000 532.112  0.013 -13.781 -0.112
-999.0000000   15.000 720.043  0.064 -24.007 -0.054
269.5  45   1005.68  day,levels,pres0
-999.0000000 1115.000 289.022 16.798  -4.511 -0.195
-999.0000000 1090.000 290.900 16.798  -4.511 -0.195
-999.0000000 1065.000 292.835 16.798  -4.511 -0.195
-999.0000000 1040.000 294.830 16.798  -4.511 -0.195
-999.0000000 1015.000 296.886 16.798  -4.511 -0.195
-999.0000000  990.000 299.009 16.798  -4.511 -0.195
-999.0000000  965.000 300.189 15.309  -7.295 -0.624
-999.0000000  940.000 302.017 13.661  -9.158 -1.548
-999.0000000  915.000 303.206 12.878  -9.332 -2.584
-999.0000000  890.000 303.877 12.604  -8.497 -3.296
-999.0000000  865.000 304.455 12.153  -7.470 -3.576
-999.0000000  840.000 305.130 11.285  -6.568 -3.342
-999.0000000  815.000 306.029 10.061  -5.971 -2.602
-999.0000000  790.000 307.284  8.567  -5.742 -1.576
-999.0000000  765.000 308.879  7.002  -5.869 -0.621
-999.0000000  740.000 310.537  5.647  -6.217 -0.134
-999.0000000  715.000 312.095  4.643  -6.573 -0.101
-999.0000000  690.000 313.522  4.010  -6.665 -0.124
-999.0000000  665.000 314.771  3.837  -6.460 -0.122
-999.0000000  640.000 316.042  3.685  -6.557  0.044
-999.0000000  615.000 317.390  3.575  -7.102  0.430
-999.0000000  590.000 318.971  3.258  -7.703  0.935
-999.0000000  565.000 320.812  2.696  -8.158  1.520
-999.0000000  540.000 322.710  2.217  -7.964  2.015
-999.0000000  515.000 324.595  1.818  -6.927  2.241
-999.0000000  490.000 326.541  1.363  -5.456  1.748
-999.0000000  465.000 328.528  0.842  -3.849  0.345
-999.0000000  440.000 330.456  0.469  -2.972 -1.621
-999.0000000  415.000 332.266  0.243  -3.201 -3.825
-999.0000000  390.000 334.037  0.130  -4.325 -5.349
-999.0000000  365.000 335.772  0.102  -6.120 -5.698
-999.0000000  340.000 337.463  0.087  -7.900 -4.776
-999.0000000  315.000 339.145  0.081  -9.408 -2.605
-999.0000000  290.000 340.984  0.072 -10.830  0.393
-999.0000000  265.000 343.075  0.063 -12.074  3.546
-999.0000000  240.000 345.340  0.055 -12.389  5.508
-999.0000000  215.000 347.626  0.046 -10.634  5.518
-999.0000000  190.000 349.828  0.036  -6.225  4.501
-999.0000000  165.000 352.447  0.024   0.015  3.812
-999.0000000  140.000 357.309  0.012   5.695  3.255
-999.0000000  115.000 369.399  0.007   8.483  2.228
-999.0000000   90.000 396.219  0.006   8.624  1.148
-999.0000000   65.000 443.075  0.003   1.033  0.091
-999.0000000   40.000 531.708  0.013 -13.277  1.028
-999.0000000   15.000 718.814  0.062 -23.702  1.333
269.625  45   1005.40  day,levels,pres0
-999.0000000 1115.000 291.826 15.753  -4.452 -0.587
-999.0000000 1090.000 293.723 15.753  -4.452 -0.587
-999.0000000 1065.000 295.677 15.753  -4.452 -0.587
-999.0000000 1040.000 297.690 15.753  -4.452 -0.587
-999.0000000 1015.000 299.767 15.753  -4.452 -0.587
-999.0000000  990.000 301.911 15.753  -4.452 -0.587
-999.0000000  965.000 302.448 14.618  -6.404 -0.929
-999.0000000  940.000 303.365 13.562  -7.581 -1.449
-999.0000000  915.000 304.040 13.150  -7.816 -2.021
-999.0000000  890.000 304.511 13.046  -7.470 -2.429
-999.0000000  865.000 304.988 12.718  -6.893 -2.609
-999.0000000  840.000 305.693 11.896  -6.241 -2.464
-999.0000000  815.000 306.631 10.517  -5.712 -1.947
-999.0000000  790.000 307.830  8.794  -5.488 -1.159
-999.0000000  765.000 309.428  6.965  -5.592 -0.310
-999.0000000  740.000 311.088  5.574  -5.829  0.246
-999.0000000  715.000 312.587  4.788  -6.002  0.456
-999.0000000  690.000 313.973  4.241  -6.056  0.632
-999.0000000  665.000 315.223  3.994  -6.023  0.839
-999.0000000  640.000 316.522  3.736  -6.337  1.147
-999.0000000  615.000 317.917  3.475  -7.100  1.582
-999.0000000  590.000 319.484  3.109  -7.790  2.033
-999.0000000  565.000 321.232  2.613  -8.169  2.445
-999.0000000  540.000 323.019  2.172  -7.875  2.681
-999.0000000  515.000 324.796  1.783  -6.760  2.581
-999.0000000  490.000 326.639  1.332  -5.284  1.814
-999.0000000  465.000 328.537  0.813  -3.793  0.263
-999.0000000  440.000 330.414  0.450  -3.233 -1.630
-999.0000000  415.000 332.225  0.237  -3.965 -3.512
-999.0000000  390.000 334.051  0.125  -5.537 -4.602
-999.0000000  365.000 335.869  0.098  -7.556 -4.597
-999.0000000  340.000 337.580  0.078  -9.155 -3.845
-999.0000000  315.000 339.183  0.070 -10.133 -2.434
-999.0000000  290.000 340.900  0.062 -11.141 -0.291
-999.0000000  265.000 342.888  0.054 -12.198  2.231
-999.0000000  240.000 345.143  0.046 -12.054  3.972
-999.0000000  215.000 347.505  0.039  -9.213  4.285
-999.0000000  190.000 349.849  0.033  -3.737  3.923
-999.0000000  165.000 352.635  0.023   2.532  3.781
-999.0000000  140.000 357.754  0.012   7.064  3.347
-999.0000000  115.000 369.835  0.007   8.572  2.175
-999.0000000   90.000 395.596  0.005   8.180  1.164
-999.0000000   65.000 442.080  0.003   0.699  0.375
-999.0000000   40.000 531.455  0.013 -13.247  0.954
-999.0000000   15.000 720.614  0.066 -23.545  0.978
269.75  45   1001.30  day,levels,pres0
-999.0000000 1115.000 294.630 13.634  -4.405 -0.977
-999.0000000 1090.000 296.545 13.634  -4.405 -0.977
-999.0000000 1065.000 298.517 13.634  -4.405 -0.977
-999.0000000 1040.000 300.550 13.634  -4.405 -0.977
-999.0000000 1015.000 302.647 13.634  -4.405 -0.977
-999.0000000  990.000 304.811 13.634  -4.405 -0.977
-999.0000000  965.000 304.705 13.359  -5.525 -1.235
-999.0000000  940.000 304.711 13.332  -6.019 -1.363
-999.0000000  915.000 304.873 13.410  -6.319 -1.477
-999.0000000  890.000 305.145 13.499  -6.459 -1.577
-999.0000000  865.000 305.521 13.301  -6.319 -1.643
-999.0000000  840.000 306.258 12.526  -5.906 -1.574
-999.0000000  815.000 307.233 10.989  -5.454 -1.281
-999.0000000  790.000 308.377  9.026  -5.254 -0.743
-999.0000000  765.000 309.978  6.916  -5.342 -0.010
-999.0000000  740.000 311.639  5.489  -5.460  0.611
-999.0000000  715.000 313.080  4.937  -5.437  1.004
-999.0000000  690.000 314.426  4.481  -5.449  1.385
-999.0000000  665.000 315.675  4.156  -5.589  1.799
-999.0000000  640.000 317.002  3.785  -6.119  2.250
-999.0000000  615.000 318.443  3.363  -7.095  2.729
-999.0000000  590.000 319.998  2.947  -7.871  3.125
-999.0000000  565.000 321.652  2.522  -8.176  3.363
-999.0000000  540.000 323.329  2.123  -7.783  3.341
-999.0000000  515.000 324.999  1.746  -6.594  2.917
-999.0000000  490.000 326.742  1.302  -5.114  1.877
-999.0000000  465.000 328.552  0.784  -3.739  0.179
-999.0000000  440.000 330.376  0.431  -3.495 -1.641
-999.0000000  415.000 332.189  0.232  -4.730 -3.201
-999.0000000  390.000 334.066  0.126  -6.749 -3.858
-999.0000000  365.000 335.965  0.097  -8.992 -3.499
-999.0000000  340.000 337.693  0.075 -10.410 -2.917
-999.0000000  315.000 339.216  0.060 -10.859 -2.265
-999.0000000  290.000 340.812  0.052 -11.452 -0.975
-999.0000000  265.000 342.698  0.046 -12.322  0.917
-999.0000000  240.000 344.945  0.038 -11.717  2.435
-999.0000000  215.000 347.385  0.033  -7.789  3.051
-999.0000000  190.000 349.869  0.030  -1.248  3.344
-999.0000000  165.000 352.819  0.023   5.048  3.749
-999.0000000  140.000 358.196  0.012   8.431  3.436
-999.0000000  115.000 370.269  0.006   8.661  2.121
-999.0000000   90.000 394.972  0.005   7.736  1.180
-999.0000000   65.000 441.086  0.004   0.365  0.659
-999.0000000   40.000 531.202  0.013 -13.217  0.880
-999.0000000   15.000 722.417  0.070 -23.388  0.623
269.875  45   999.97  day,levels,pres0
-999.0000000 1115.000 293.887 13.755  -4.644 -0.590
-999.0000000 1090.000 295.797 13.755  -4.644 -0.590
-999.0000000 1065.000 297.765 13.755  -4.644 -0.590
-999.0000000 1040.000 299.793 13.755  -4.644 -0.590
-999.0000000 1015.000 301.884 13.755  -4.644 -0.590
-999.0000000  990.000 304.043 13.755  -4.644 -0.590
-999.0000000  965.000 304.536 13.233  -6.279 -0.964
-999.0000000  940.000 304.675 13.113  -6.762 -1.250
-999.0000000  915.000 304.817 13.105  -6.886 -1.467
-999.0000000  890.000 305.066 13.081  -6.916 -1.634
-999.0000000  865.000 305.472 12.828  -6.742 -1.732
-999.0000000  840.000 306.139 12.186  -6.286 -1.628
-999.0000000  815.000 306.975 11.014  -5.755 -1.296
-999.0000000  790.000 308.086  9.220  -5.553 -0.826
-999.0000000  765.000 309.747  6.914  -5.768 -0.204
-999.0000000  740.000 311.443  5.314  -6.023  0.441
-999.0000000  715.000 312.847  4.823  -6.061  1.013
-999.0000000  690.000 314.154  4.416  -6.054  1.533
-999.0000000  665.000 315.381  4.132  -6.077  1.989
-999.0000000  640.000 316.714  3.763  -6.453  2.369
-999.0000000  615.000 318.195  3.300  -7.230  2.649
-999.0000000  590.000 319.808  2.845  -7.765  2.820
-999.0000000  565.000 321.538  2.382  -7.787  2.831
-999.0000000  540.000 323.340  1.941  -7.124  2.594
-999.0000000  515.000 325.190  1.515  -5.770  2.008
-999.0000000  490.000 327.134  1.075  -4.535  0.992
-999.0000000  465.000 329.143  0.609  -3.881 -0.361
-999.0000000  440.000 331.112  0.314  -4.409 -1.320
-999.0000000  415.000 332.979  0.185  -6.242 -1.602
-999.0000000  390.000 334.818  0.127  -8.427 -1.395
-999.0000000  365.000 336.592  0.101 -10.376 -0.942
-999.0000000  340.000 338.172  0.076 -11.414 -0.887
-999.0000000  315.000 339.568  0.057 -11.554 -1.197
-999.0000000  290.000 341.108  0.048 -11.869 -0.877
-999.0000000  265.000 343.040  0.042 -12.407  0.323
-999.0000000  240.000 345.388  0.034 -11.376  1.620
-999.0000000  215.000 347.868  0.030  -7.267  2.517
-999.0000000  190.000 350.315  0.031  -1.020  3.246
-999.0000000  165.000 353.220  0.025   4.883  3.982
-999.0000000  140.000 358.342  0.013   8.211  3.895
-999.0000000  115.000 369.933  0.007   8.846  2.529
-999.0000000   90.000 394.436  0.005   8.350  1.301
-999.0000000   65.000 440.601  0.004   0.695  0.415
-999.0000000   40.000 530.999  0.013 -13.321  0.949
-999.0000000   15.000 722.124  0.069 -23.919  0.863
270.0  45   1003.10  day,levels,pres0
-999.0000000 1115.000 293.143 13.823  -4.884 -0.206
-999.0000000 1090.000 295.048 13.823  -4.884 -0.206
-999.0000000 1065.000 297.011 13.823  -4.884 -0.206
-999.0000000 1040.000 299.033 13.823  -4.884 -0.206
-999.0000000 1015.000 301.119 13.823  -4.884 -0.206
-999.0000000  990.000 303.273 13.823  -4.884 -0.206
-999.0000000  965.000 304.366 13.092  -7.047 -0.696
-999.0000000  940.000 304.640 12.885  -7.525 -1.146
-999.0000000  915.000 304.760 12.800  -7.477 -1.468
-999.0000000  890.000 304.987 12.668  -7.394 -1.702
-999.0000000  865.000 305.423 12.356  -7.170 -1.825
-999.0000000  840.000 306.021 11.848  -6.655 -1.684
-999.0000000  815.000 306.719 11.037  -6.038 -1.321
-999.0000000  790.000 307.797  9.404  -5.834 -0.925
-999.0000000  765.000 309.520  6.909  -6.173 -0.412
-999.0000000  740.000 311.250  5.140  -6.562  0.262
-999.0000000  715.000 312.616  4.709  -6.666  1.018
-999.0000000  690.000 313.884  4.350  -6.642  1.680
-999.0000000  665.000 315.087  4.105  -6.556  2.178
-999.0000000  640.000 316.423  3.740  -6.779  2.490
-999.0000000  615.000 317.945  3.236  -7.361  2.573
-999.0000000  590.000 319.615  2.744  -7.656  2.518
-999.0000000  565.000 321.422  2.242  -7.395  2.301
-999.0000000  540.000 323.348  1.759  -6.463  1.848
-999.0000000  515.000 325.381  1.279  -4.948  1.099
-999.0000000  490.000 327.528  0.835  -3.959  0.107
-999.0000000  465.000 329.738  0.418  -4.023 -0.903
-999.0000000  440.000 331.851  0.201  -5.323 -1.001
-999.0000000  415.000 333.772  0.163  -7.752 -0.002
-999.0000000  390.000 335.572  0.133 -10.103  1.067
-999.0000000  365.000 337.220  0.105 -11.755  1.614
-999.0000000  340.000 338.649  0.079 -12.413  1.141
-999.0000000  315.000 339.918  0.057 -12.248 -0.131
-999.0000000  290.000 341.401  0.043 -12.286 -0.781
-999.0000000  265.000 343.380  0.038 -12.490 -0.272
-999.0000000  240.000 345.832  0.030 -11.033  0.805
-999.0000000  215.000 348.352  0.028  -6.743  1.982
-999.0000000  190.000 350.762  0.033  -0.791  3.149
-999.0000000  165.000 353.619  0.027   4.719  4.216
-999.0000000  140.000 358.484  0.014   7.992  4.354
-999.0000000  115.000 369.599  0.007   9.031  2.937
-999.0000000   90.000 393.901  0.005   8.963  1.423
-999.0000000   65.000 440.119  0.004   1.025  0.170
-999.0000000   40.000 530.798  0.012 -13.424  1.018
-999.0000000   15.000 721.832  0.069 -24.449  1.103
270.125  45   1004.97  day,levels,pres0
-999.0000000 1115.000 292.117 13.988  -4.818 -0.768
-999.0000000 1090.000 294.016 13.988  -4.818 -0.768
-999.0000000 1065.000 295.971 13.988  -4.818 -0.768
-999.0000000 1040.000 297.987 13.988  -4.818 -0.768
-999.0000000 1015.000 300.066 13.988  -4.818 -0.768
-999.0000000  990.000 302.212 13.988  -4.818 -0.768
-999.0000000  965.000 303.827 13.372  -7.257 -1.487
-999.0000000  940.000 304.515 13.151  -7.884 -2.101
-999.0000000  915.000 304.947 12.874  -7.836 -2.575
-999.0000000  890.000 305.401 12.428  -7.741 -2.880
-999.0000000  865.000 305.856 11.809  -7.650 -3.062
-999.0000000  840.000 306.241 11.232  -7.431 -3.050
-999.0000000  815.000 306.629 10.696  -7.149 -2.866
-999.0000000  790.000 307.408  9.421  -7.100 -2.573
-999.0000000  765.000 308.865  7.185  -7.328 -2.021
-999.0000000  740.000 310.489  5.374  -7.457 -1.199
-999.0000000  715.000 311.903  4.670  -7.286 -0.238
-999.0000000  690.000 313.210  4.224  -6.992  0.694
-999.0000000  665.000 314.424  4.104  -6.655  1.529
-999.0000000  640.000 315.853  3.733  -6.778  2.109
-999.0000000  615.000 317.571  3.064  -7.462  2.357
-999.0000000  590.000 319.382  2.486  -7.961  2.443
-999.0000000  565.000 321.223  1.988  -7.980  2.365
-999.0000000  540.000 323.087  1.543  -7.301  2.097
-999.0000000  515.000 324.972  1.152  -5.950  1.600
-999.0000000  490.000 327.003  0.777  -4.938  0.916
-999.0000000  465.000 329.159  0.406  -4.763  0.240
-999.0000000  440.000 331.199  0.195  -5.756  0.358
-999.0000000  415.000 333.035  0.155  -7.894  1.346
-999.0000000  390.000 334.883  0.127 -10.111  2.070
-999.0000000  365.000 336.753  0.102 -11.760  1.984
-999.0000000  340.000 338.451  0.078 -12.237  1.000
-999.0000000  315.000 339.980  0.057 -11.632 -0.503
-999.0000000  290.000 341.730  0.042 -11.184 -1.208
-999.0000000  265.000 343.963  0.034 -10.908 -0.594
-999.0000000  240.000 346.551  0.028  -8.905  0.792
-999.0000000  215.000 348.957  0.028  -4.240  2.363
-999.0000000  190.000 351.050  0.036   1.526  3.848
-999.0000000  165.000 353.445  0.028   6.236  5.136
-999.0000000  140.000 357.677  0.014   8.504  5.199
-999.0000000  115.000 368.496  0.007   8.801  3.370
-999.0000000   90.000 393.575  0.005   8.328  1.564
-999.0000000   65.000 441.370  0.004   0.645  0.014
-999.0000000   40.000 531.877  0.013 -13.208  0.448
-999.0000000   15.000 722.526  0.070 -23.697  0.114
270.25  45   1003.66  day,levels,pres0
-999.0000000 1115.000 291.091 14.072  -4.746 -1.332
-999.0000000 1090.000 292.984 14.072  -4.746 -1.332
-999.0000000 1065.000 294.932 14.072  -4.746 -1.332
-999.0000000 1040.000 296.941 14.072  -4.746 -1.332
-999.0000000 1015.000 299.012 14.072  -4.746 -1.332
-999.0000000  990.000 301.151 14.072  -4.746 -1.332
-999.0000000  965.000 303.288 13.616  -7.465 -2.279
-999.0000000  940.000 304.390 13.409  -8.241 -3.056
-999.0000000  915.000 305.134 12.943  -8.194 -3.678
-999.0000000  890.000 305.816 12.161  -8.086 -4.052
-999.0000000  865.000 306.289 11.218  -8.126 -4.291
-999.0000000  840.000 306.460 10.595  -8.199 -4.415
-999.0000000  815.000 306.540 10.359  -8.246 -4.412
-999.0000000  790.000 307.019  9.429  -8.348 -4.220
-999.0000000  765.000 308.210  7.421  -8.464 -3.625
-999.0000000  740.000 309.728  5.572  -8.338 -2.654
-999.0000000  715.000 311.191  4.625  -7.903 -1.489
-999.0000000  690.000 312.537  4.099  -7.341 -0.289
-999.0000000  665.000 313.761  4.094  -6.756  0.882
-999.0000000  640.000 315.281  3.720  -6.778  1.731
-999.0000000  615.000 317.195  2.897  -7.565  2.145
-999.0000000  590.000 319.148  2.233  -8.266  2.371
-999.0000000  565.000 321.024  1.739  -8.564  2.432
-999.0000000  540.000 322.826  1.333  -8.138  2.348
-999.0000000  515.000 324.562  1.031  -6.951  2.103
-999.0000000  490.000 326.478  0.721  -5.917  1.728
-999.0000000  465.000 328.579  0.393  -5.504  1.386
-999.0000000  440.000 330.547  0.201  -6.188  1.718
-999.0000000  415.000 332.298  0.149  -8.035  2.697
-999.0000000  390.000 334.195  0.122 -10.118  3.074
-999.0000000  365.000 336.287  0.099 -11.763  2.355
-999.0000000  340.000 338.253  0.077 -12.058  0.859
-999.0000000  315.000 340.044  0.057 -11.014 -0.875
-999.0000000  290.000 342.058  0.041 -10.082 -1.634
-999.0000000  265.000 344.545  0.031  -9.326 -0.916
-999.0000000  240.000 347.271  0.025  -6.777  0.778
-999.0000000  215.000 349.562  0.029  -1.738  2.745
-999.0000000  190.000 351.336  0.039   3.843  4.549
-999.0000000  165.000 353.271  0.029   7.755  6.057
-999.0000000  140.000 356.869  0.013   9.018  6.046
-999.0000000  115.000 367.394  0.007   8.571  3.803
-999.0000000   90.000 393.251  0.006   7.693  1.705
-999.0000000   65.000 442.621  0.004   0.265 -0.142
-999.0000000   40.000 532.953  0.014 -12.993 -0.121
-999.0000000   15.000 723.217  0.072 -22.944 -0.875
270.375  45   1003.98  day,levels,pres0
-999.0000000 1115.000 290.835 14.566  -4.588 -1.496
-999.0000000 1090.000 292.725 14.566  -4.588 -1.496
-999.0000000 1065.000 294.672 14.566  -4.588 -1.496
-999.0000000 1040.000 296.679 14.566  -4.588 -1.496
-999.0000000 1015.000 298.748 14.566  -4.588 -1.496
-999.0000000  990.000 300.885 14.566  -4.588 -1.496
-999.0000000  965.000 302.724 13.671  -7.300 -2.597
-999.0000000  940.000 303.861 13.335  -8.320 -3.435
-999.0000000  915.000 304.551 12.955  -8.468 -4.050
-999.0000000  890.000 305.165 12.349  -8.405 -4.399
-999.0000000  865.000 305.657 11.602  -8.477 -4.581
-999.0000000  840.000 305.923 11.003  -8.699 -4.674
-999.0000000  815.000 306.095 10.602  -8.966 -4.659
-999.0000000  790.000 306.622  9.588  -9.217 -4.379
-999.0000000  765.000 307.821  7.586  -9.302 -3.683
-999.0000000  740.000 309.334  5.663  -8.953 -2.732
-999.0000000  715.000 310.825  4.449  -8.194 -1.704
-999.0000000  690.000 312.192  3.735  -7.350 -0.622
-999.0000000  665.000 313.435  3.636  -6.565  0.484
-999.0000000  640.000 315.047  3.228  -6.500  1.336
-999.0000000  615.000 317.139  2.422  -7.333  1.816
-999.0000000  590.000 319.223  1.805  -8.128  2.025
-999.0000000  565.000 321.137  1.407  -8.555  1.972
-999.0000000  540.000 322.938  1.087  -8.285  1.892
-999.0000000  515.000 324.636  0.858  -7.278  1.847
-999.0000000  490.000 326.477  0.615  -6.419  1.832
-999.0000000  465.000 328.477  0.352  -6.184  1.893
-999.0000000  440.000 330.372  0.196  -7.111  2.183
-999.0000000  415.000 332.109  0.148  -9.207  2.605
-999.0000000  390.000 334.042  0.121 -11.239  2.539
-999.0000000  365.000 336.205  0.098 -12.458  1.710
-999.0000000  340.000 338.221  0.077 -12.226  0.255
-999.0000000  315.000 340.009  0.057 -10.707 -1.412
-999.0000000  290.000 341.982  0.041  -9.445 -2.213
-999.0000000  265.000 344.408  0.032  -8.593 -1.571
-999.0000000  240.000 347.086  0.026  -6.347  0.377
-999.0000000  215.000 349.332  0.030  -2.148  2.923
-999.0000000  190.000 351.006  0.039   2.224  5.129
-999.0000000  165.000 352.799  0.028   5.002  6.413
-999.0000000  140.000 356.611  0.013   5.998  5.810
-999.0000000  115.000 367.915  0.007   6.454  3.217
-999.0000000   90.000 394.277  0.005   6.666  1.012
-999.0000000   65.000 442.866  0.003   0.025 -0.517
-999.0000000   40.000 532.765  0.014 -12.860 -0.460
-999.0000000   15.000 722.523  0.070 -22.477 -0.979
270.5  45   1006.18  day,levels,pres0
-999.0000000 1115.000 290.578 15.039  -4.431 -1.661
-999.0000000 1090.000 292.466 15.039  -4.431 -1.661
-999.0000000 1065.000 294.412 15.039  -4.431 -1.661
-999.0000000 1040.000 296.417 15.039  -4.431 -1.661
-999.0000000 1015.000 298.485 15.039  -4.431 -1.661
-999.0000000  990.000 300.619 15.039  -4.431 -1.661
-999.0000000  965.000 302.160 13.704  -7.134 -2.915
-999.0000000  940.000 303.330 13.250  -8.398 -3.816
-999.0000000  915.000 303.968 12.948  -8.742 -4.420
-999.0000000  890.000 304.515 12.501  -8.725 -4.744
-999.0000000  865.000 305.026 11.938  -8.828 -4.867
-999.0000000  840.000 305.387 11.370  -9.200 -4.931
-999.0000000  815.000 305.648 10.821  -9.688 -4.904
-999.0000000  790.000 306.225  9.731 -10.087 -4.534
-999.0000000  765.000 307.430  7.736 -10.142 -3.739
-999.0000000  740.000 308.941  5.746  -9.571 -2.810
-999.0000000  715.000 310.459  4.278  -8.489 -1.919
-999.0000000  690.000 311.847  3.383  -7.361 -0.955
-999.0000000  665.000 313.109  3.195  -6.376  0.086
-999.0000000  640.000 314.812  2.750  -6.224  0.941
-999.0000000  615.000 317.082  1.949  -7.104  1.486
-999.0000000  590.000 319.297  1.370  -7.993  1.678
-999.0000000  565.000 321.253  1.070  -8.548  1.511
-999.0000000  540.000 323.050  0.836  -8.433  1.434
-999.0000000  515.000 324.709  0.683  -7.606  1.590
-999.0000000  490.000 326.476  0.509  -6.922  1.936
-999.0000000  465.000 328.374  0.312  -6.864  2.401
-999.0000000  440.000 330.198  0.190  -8.033  2.647
-999.0000000  415.000 331.920  0.147 -10.380  2.513
-999.0000000  390.000 333.889  0.119 -12.360  2.004
-999.0000000  365.000 336.124  0.098 -13.153  1.065
-999.0000000  340.000 338.188  0.077 -12.393 -0.349
-999.0000000  315.000 339.976  0.057 -10.401 -1.948
-999.0000000  290.000 341.905  0.042  -8.809 -2.793
-999.0000000  265.000 344.270  0.034  -7.861 -2.226
-999.0000000  240.000 346.902  0.026  -5.918 -0.025
-999.0000000  215.000 349.104  0.030  -2.557  3.100
-999.0000000  190.000 350.675  0.039   0.604  5.709
-999.0000000  165.000 352.327  0.028   2.250  6.769
-999.0000000  140.000 356.351  0.012   2.979  5.574
-999.0000000  115.000 368.436  0.006   4.336  2.632
-999.0000000   90.000 395.302  0.005   5.639  0.319
-999.0000000   65.000 443.110  0.003  -0.215 -0.893
-999.0000000   40.000 532.576  0.014 -12.728 -0.798
-999.0000000   15.000 721.829  0.069 -22.009 -1.083
270.625  45   1007.00  day,levels,pres0
-999.0000000 1115.000 291.412 14.762  -4.079 -1.336
-999.0000000 1090.000 293.307 14.762  -4.079 -1.336
-999.0000000 1065.000 295.257 14.762  -4.079 -1.336
-999.0000000 1040.000 297.268 14.762  -4.079 -1.336
-999.0000000 1015.000 299.342 14.762  -4.079 -1.336
-999.0000000  990.000 301.482 14.762  -4.079 -1.336
-999.0000000  965.000 302.360 13.976  -5.980 -2.049
-999.0000000  940.000 303.231 13.868  -7.053 -2.581
-999.0000000  915.000 303.948 13.736  -7.652 -3.077
-999.0000000  890.000 304.712 13.196  -7.930 -3.477
-999.0000000  865.000 305.557 12.273  -8.126 -3.694
-999.0000000  840.000 306.210 11.265  -8.489 -3.786
-999.0000000  815.000 306.739 10.226  -8.963 -3.828
-999.0000000  790.000 307.497  8.826  -9.333 -3.661
-999.0000000  765.000 308.613  6.964  -9.395 -3.207
-999.0000000  740.000 309.906  5.274  -8.999 -2.628
-999.0000000  715.000 311.224  4.061  -8.266 -2.036
-999.0000000  690.000 312.528  3.243  -7.557 -1.379
-999.0000000  665.000 313.828  2.884  -6.998 -0.660
-999.0000000  640.000 315.415  2.446  -6.890 -0.092
-999.0000000  615.000 317.359  1.882  -7.314  0.244
-999.0000000  590.000 319.337  1.474  -7.657  0.410
-999.0000000  565.000 321.240  1.243  -7.703  0.436
-999.0000000  540.000 323.089  0.993  -7.306  0.593
-999.0000000  515.000 324.870  0.724  -6.507  0.951
-999.0000000  490.000 326.693  0.500  -6.054  1.337
-999.0000000  465.000 328.555  0.322  -6.333  1.628
-999.0000000  440.000 330.410  0.210  -7.582  1.555
-999.0000000  415.000 332.263  0.161  -9.661  1.052
-999.0000000  390.000 334.308  0.129 -11.321  0.425
-999.0000000  365.000 336.519  0.110 -11.947 -0.274
-999.0000000  340.000 338.543  0.095 -11.426 -1.238
-999.0000000  315.000 340.306  0.084 -10.018 -2.351
-999.0000000  290.000 342.183  0.072  -8.789 -2.999
-999.0000000  265.000 344.431  0.061  -7.847 -2.576
-999.0000000  240.000 346.877  0.042  -6.026 -0.471
-999.0000000  215.000 348.893  0.030  -3.236  2.781
-999.0000000  190.000 350.344  0.034  -0.919  5.319
-999.0000000  165.000 352.044  0.025   0.201  5.797
-999.0000000  140.000 356.436  0.012   1.428  4.129
-999.0000000  115.000 368.965  0.006   3.945  1.526
-999.0000000   90.000 395.762  0.004   5.941 -0.250
-999.0000000   65.000 442.894  0.003   0.272 -0.850
-999.0000000   40.000 532.110  0.013 -12.485 -1.064
-999.0000000   15.000 721.241  0.067 -21.698 -1.288
270.75  45   1002.98  day,levels,pres0
-999.0000000 1115.000 292.245 14.396  -3.733 -1.007
-999.0000000 1090.000 294.145 14.396  -3.733 -1.007
-999.0000000 1065.000 296.101 14.396  -3.733 -1.007
-999.0000000 1040.000 298.118 14.396  -3.733 -1.007
-999.0000000 1015.000 300.197 14.396  -3.733 -1.007
-999.0000000  990.000 302.344 14.396  -3.733 -1.007
-999.0000000  965.000 302.560 14.245  -4.829 -1.175
-999.0000000  940.000 303.130 14.472  -5.711 -1.339
-999.0000000  915.000 303.929 14.520  -6.566 -1.731
-999.0000000  890.000 304.910 13.907  -7.139 -2.213
-999.0000000  865.000 306.089 12.618  -7.425 -2.530
-999.0000000  840.000 307.034 11.118  -7.778 -2.651
-999.0000000  815.000 307.832  9.491  -8.233 -2.763
-999.0000000  790.000 308.770  7.700  -8.570 -2.800
-999.0000000  765.000 309.797  6.024  -8.640 -2.685
-999.0000000  740.000 310.869  4.719  -8.420 -2.452
-999.0000000  715.000 311.988  3.811  -8.034 -2.154
-999.0000000  690.000 313.207  3.083  -7.741 -1.802
-999.0000000  665.000 314.545  2.537  -7.603 -1.406
-999.0000000  640.000 316.017  2.113  -7.540 -1.124
-999.0000000  615.000 317.634  1.811  -7.514 -0.995
-999.0000000  590.000 319.376  1.578  -7.315 -0.854
-999.0000000  565.000 321.228  1.416  -6.854 -0.635
-999.0000000  540.000 323.130  1.151  -6.177 -0.243
-999.0000000  515.000 325.034  0.765  -5.405  0.315
-999.0000000  490.000 326.910  0.490  -5.184  0.742
-999.0000000  465.000 328.736  0.332  -5.801  0.859
-999.0000000  440.000 330.624  0.231  -7.129  0.466
-999.0000000  415.000 332.605  0.183  -8.940 -0.405
-999.0000000  390.000 334.726  0.155 -10.281 -1.150
-999.0000000  365.000 336.913  0.144 -10.740 -1.610
-999.0000000  340.000 338.900  0.132 -10.458 -2.125
-999.0000000  315.000 340.635  0.118  -9.635 -2.752
-999.0000000  290.000 342.461  0.103  -8.770 -3.203
-999.0000000  265.000 344.593  0.089  -7.832 -2.923
-999.0000000  240.000 346.853  0.057  -6.135 -0.917
-999.0000000  215.000 348.681  0.030  -3.915  2.462
-999.0000000  190.000 350.013  0.028  -2.442  4.930
-999.0000000  165.000 351.763  0.022  -1.849  4.826
-999.0000000  140.000 356.518  0.012  -0.123  2.685
-999.0000000  115.000 369.494  0.006   3.555  0.421
-999.0000000   90.000 396.219  0.004   6.243 -0.820
-999.0000000   65.000 442.678  0.003   0.759 -0.807
-999.0000000   40.000 531.643  0.013 -12.242 -1.329
-999.0000000   15.000 720.657  0.066 -21.387 -1.494
270.875  45   1000.94  day,levels,pres0
-999.0000000 1115.000 292.317 14.600  -3.541 -1.067
-999.0000000 1090.000 294.217 14.600  -3.541 -1.067
-999.0000000 1065.000 296.174 14.600  -3.541 -1.067
-999.0000000 1040.000 298.191 14.600  -3.541 -1.067
-999.0000000 1015.000 300.271 14.600  -3.541 -1.067
-999.0000000  990.000 302.418 14.600  -3.541 -1.067
-999.0000000  965.000 303.052 14.298  -5.042 -1.479
-999.0000000  940.000 303.544 14.428  -6.045 -1.744
-999.0000000  915.000 304.111 14.464  -6.873 -2.101
-999.0000000  890.000 304.860 14.075  -7.478 -2.529
-999.0000000  865.000 305.885 13.140  -7.890 -2.893
-999.0000000  840.000 306.808 11.814  -8.352 -3.152
-999.0000000  815.000 307.613 10.227  -8.942 -3.445
-999.0000000  790.000 308.577  8.362  -9.441 -3.711
-999.0000000  765.000 309.691  6.452  -9.659 -3.829
-999.0000000  740.000 310.874  4.842  -9.487 -3.785
-999.0000000  715.000 312.081  3.651  -9.027 -3.631
-999.0000000  690.000 313.327  2.746  -8.570 -3.394
-999.0000000  665.000 314.620  2.149  -8.178 -3.062
-999.0000000  640.000 316.055  1.709  -7.891 -2.688
-999.0000000  615.000 317.664  1.431  -7.703 -2.262
-999.0000000  590.000 319.415  1.245  -7.369 -1.742
-999.0000000  565.000 321.302  1.161  -6.820 -1.089
-999.0000000  540.000 323.292  0.973  -6.216 -0.301
-999.0000000  515.000 325.343  0.662  -5.732  0.535
-999.0000000  490.000 327.356  0.445  -5.941  0.934
-999.0000000  465.000 329.285  0.329  -7.067  0.709
-999.0000000  440.000 331.240  0.262  -8.750  0.069
-999.0000000  415.000 333.239  0.243 -10.632 -0.811
-999.0000000  390.000 335.290  0.205 -11.716 -1.425
-999.0000000  365.000 337.340  0.152 -11.660 -1.683
-999.0000000  340.000 339.270  0.116 -10.978 -2.056
-999.0000000  315.000 341.064  0.096  -9.969 -2.597
-999.0000000  290.000 342.929  0.080  -8.894 -2.821
-999.0000000  265.000 344.985  0.068  -7.683 -2.187
-999.0000000  240.000 347.035  0.044  -5.969 -0.065
-999.0000000  215.000 348.653  0.026  -4.214  2.910
-999.0000000  190.000 349.928  0.024  -3.219  4.578
-999.0000000  165.000 351.878  0.019  -2.290  3.711
-999.0000000  140.000 356.844  0.011   0.479  1.549
-999.0000000  115.000 369.449  0.006   4.665  0.136
-999.0000000   90.000 395.515  0.005   6.941 -0.277
-999.0000000   65.000 441.774  0.003   0.729 -0.132
-999.0000000   40.000 531.124  0.013 -12.673 -1.017
-999.0000000   15.000 720.494  0.065 -21.943 -1.374
271.0  45   1003.06  day,levels,pres0
-999.0000000 1115.000 292.387 14.796  -3.345 -1.126
-999.0000000 1090.000 294.288 14.796  -3.345 -1.126
-999.0000000 1065.000 296.245 14.796  -3.345 -1.126
-999.0000000 1040.000 298.263 14.796  -3.345 -1.126
-999.0000000 1015.000 300.344 14.796  -3.345 -1.126
-999.0000000  990.000 302.491 14.796  -3.345 -1.126
-999.0000000  965.000 303.544 14.334  -5.252 -1.781
-999.0000000  940.000 303.959 14.366  -6.377 -2.147
-999.0000000  915.000 304.294 14.402  -7.178 -2.470
-999.0000000  890.000 304.812 14.241  -7.814 -2.843
-999.0000000  865.000 305.680 13.646  -8.353 -3.254
-999.0000000  840.000 306.582 12.486  -8.926 -3.653
-999.0000000  815.000 307.392 10.938  -9.656 -4.130
-999.0000000  790.000 308.383  8.999 -10.324 -4.629
-999.0000000  765.000 309.586  6.865 -10.692 -4.982
-999.0000000  740.000 310.879  4.956 -10.566 -5.131
-999.0000000  715.000 312.173  3.487 -10.029 -5.119
-999.0000000  690.000 313.448  2.404  -9.406 -4.995
-999.0000000  665.000 314.694  1.759  -8.758 -4.724
-999.0000000  640.000 316.092  1.304  -8.247 -4.255
-999.0000000  615.000 317.693  1.050  -7.898 -3.534
-999.0000000  590.000 319.454  0.912  -7.427 -2.634
-999.0000000  565.000 321.378  0.905  -6.790 -1.547
-999.0000000  540.000 323.455  0.793  -6.258 -0.362
-999.0000000  515.000 325.654  0.556  -6.060  0.751
-999.0000000  490.000 327.805  0.397  -6.697  1.124
-999.0000000  465.000 329.836  0.326  -8.334  0.557
-999.0000000  440.000 331.857  0.296 -10.371 -0.329
-999.0000000  415.000 333.871  0.306 -12.324 -1.217
-999.0000000  390.000 335.853  0.257 -13.151 -1.700
-999.0000000  365.000 337.767  0.159 -12.579 -1.757
-999.0000000  340.000 339.642  0.100 -11.498 -1.989
-999.0000000  315.000 341.494  0.073 -10.303 -2.441
-999.0000000  290.000 343.398  0.056  -9.019 -2.438
-999.0000000  265.000 345.378  0.046  -7.534 -1.451
-999.0000000  240.000 347.218  0.032  -5.804  0.787
-999.0000000  215.000 348.623  0.021  -4.513  3.358
-999.0000000  190.000 349.843  0.019  -3.996  4.226
-999.0000000  165.000 351.996  0.017  -2.732  2.597
-999.0000000  140.000 357.169  0.010   1.081  0.413
-999.0000000  115.000 369.406  0.005   5.776 -0.150
-999.0000000   90.000 394.812  0.005   7.639  0.265
-999.0000000   65.000 440.870  0.004   0.699  0.543
-999.0000000   40.000 530.607  0.012 -13.105 -0.704
-999.0000000   15.000 720.332  0.065 -22.500 -1.254
271.125  45   1005.16  day,levels,pres0
-999.0000000 1115.000 292.028 14.475  -4.000 -0.954
-999.0000000 1090.000 293.926 14.475  -4.000 -0.954
-999.0000000 1065.000 295.881 14.475  -4.000 -0.954
-999.0000000 1040.000 297.896 14.475  -4.000 -0.954
-999.0000000 1015.000 299.974 14.475  -4.000 -0.954
-999.0000000  990.000 302.119 14.475  -4.000 -0.954
-999.0000000  965.000 303.809 13.979  -6.267 -1.606
-999.0000000  940.000 304.461 14.043  -7.416 -2.122
-999.0000000  915.000 304.845 14.023  -8.140 -2.641
-999.0000000  890.000 305.237 13.777  -8.684 -3.162
-999.0000000  865.000 305.821 13.190  -9.166 -3.595
-999.0000000  840.000 306.484 12.158  -9.667 -3.861
-999.0000000  815.000 307.155 10.789 -10.255 -4.103
-999.0000000  790.000 307.995  9.164 -10.842 -4.371
-999.0000000  765.000 309.030  7.407 -11.289 -4.565
-999.0000000  740.000 310.228  5.806 -11.363 -4.666
-999.0000000  715.000 311.538  4.513 -11.037 -4.705
-999.0000000  690.000 312.886  3.474 -10.437 -4.693
-999.0000000  665.000 314.252  2.711  -9.558 -4.593
-999.0000000  640.000 315.723  2.064  -8.738 -4.286
-999.0000000  615.000 317.324  1.530  -8.066 -3.698
-999.0000000  590.000 319.065  1.179  -7.505 -2.894
-999.0000000  565.000 320.951  1.027  -7.087 -1.878
-999.0000000  540.000 322.969  0.861  -6.871 -0.845
-999.0000000  515.000 325.078  0.672  -6.998  0.022
-999.0000000  490.000 327.140  0.573  -7.782  0.200
-999.0000000  465.000 329.103  0.571  -9.359 -0.440
-999.0000000  440.000 331.112  0.526 -11.379 -1.242
-999.0000000  415.000 333.193  0.443 -13.424 -1.917
-999.0000000  390.000 335.307  0.342 -14.327 -2.264
-999.0000000  365.000 337.395  0.225 -13.737 -2.327
-999.0000000  340.000 339.386  0.148 -12.467 -2.606
-999.0000000  315.000 341.261  0.104 -10.923 -3.109
-999.0000000  290.000 343.149  0.074  -9.287 -3.169
-999.0000000  265.000 345.122  0.055  -7.580 -2.199
-999.0000000  240.000 347.023  0.038  -5.861  0.218
-999.0000000  215.000 348.513  0.025  -4.660  3.195
-999.0000000  190.000 349.697  0.020  -3.967  4.518
-999.0000000  165.000 351.688  0.017  -2.300  3.134
-999.0000000  140.000 356.515  0.010   1.618  0.948
-999.0000000  115.000 368.557  0.006   5.727  0.170
-999.0000000   90.000 394.876  0.006   6.847  0.153
-999.0000000   65.000 442.348  0.003   0.017  0.588
-999.0000000   40.000 532.687  0.014 -12.781 -0.394
-999.0000000   15.000 722.393  0.070 -21.408 -0.457
271.25  45   1004.24  day,levels,pres0
-999.0000000 1115.000 291.667 14.154  -4.654 -0.781
-999.0000000 1090.000 293.563 14.154  -4.654 -0.781
-999.0000000 1065.000 295.516 14.154  -4.654 -0.781
-999.0000000 1040.000 297.528 14.154  -4.654 -0.781
-999.0000000 1015.000 299.604 14.154  -4.654 -0.781
-999.0000000  990.000 301.746 14.154  -4.654 -0.781
-999.0000000  965.000 304.073 13.595  -7.282 -1.429
-999.0000000  940.000 304.964 13.677  -8.456 -2.095
-999.0000000  915.000 305.397 13.599  -9.101 -2.810
-999.0000000  890.000 305.663 13.276  -9.553 -3.477
-999.0000000  865.000 305.962 12.720  -9.976 -3.930
-999.0000000  840.000 306.385 11.829 -10.403 -4.065
-999.0000000  815.000 306.919 10.639 -10.848 -4.071
-999.0000000  790.000 307.607  9.310 -11.355 -4.110
-999.0000000  765.000 308.474  7.898 -11.882 -4.145
-999.0000000  740.000 309.579  6.578 -12.157 -4.200
-999.0000000  715.000 310.904  5.453 -12.044 -4.292
-999.0000000  690.000 312.323  4.467 -11.469 -4.391
-999.0000000  665.000 313.809  3.609 -10.361 -4.464
-999.0000000  640.000 315.354  2.787  -9.233 -4.320
-999.0000000  615.000 316.955  1.986  -8.238 -3.865
-999.0000000  590.000 318.674  1.432  -7.586 -3.156
-999.0000000  565.000 320.525  1.143  -7.386 -2.210
-999.0000000  540.000 322.482  0.925  -7.486 -1.329
-999.0000000  515.000 324.503  0.780  -7.936 -0.709
-999.0000000  490.000 326.476  0.734  -8.867 -0.725
-999.0000000  465.000 328.369  0.792 -10.385 -1.437
-999.0000000  440.000 330.366  0.735 -12.388 -2.155
-999.0000000  415.000 332.513  0.568 -14.524 -2.616
-999.0000000  390.000 334.760  0.420 -15.503 -2.827
-999.0000000  365.000 337.023  0.287 -14.895 -2.896
-999.0000000  340.000 339.130  0.194 -13.436 -3.223
-999.0000000  315.000 341.028  0.134 -11.544 -3.776
-999.0000000  290.000 342.900  0.093  -9.555 -3.898
-999.0000000  265.000 344.868  0.065  -7.626 -2.947
-999.0000000  240.000 346.829  0.045  -5.918 -0.350
-999.0000000  215.000 348.403  0.029  -4.807  3.032
-999.0000000  190.000 349.550  0.020  -3.937  4.810
-999.0000000  165.000 351.378  0.016  -1.868  3.671
-999.0000000  140.000 355.860  0.010   2.156  1.483
-999.0000000  115.000 367.707  0.007   5.679  0.489
-999.0000000   90.000 394.942  0.008   6.054  0.040
-999.0000000   65.000 443.826  0.003  -0.665  0.632
-999.0000000   40.000 534.766  0.015 -12.456 -0.085
-999.0000000   15.000 724.455  0.076 -20.315  0.340
271.375  45   1005.03  day,levels,pres0
-999.0000000 1115.000 290.988 14.860  -4.843 -0.986
-999.0000000 1090.000 292.879 14.860  -4.843 -0.986
-999.0000000 1065.000 294.827 14.860  -4.843 -0.986
-999.0000000 1040.000 296.835 14.860  -4.843 -0.986
-999.0000000 1015.000 298.906 14.860  -4.843 -0.986
-999.0000000  990.000 301.043 14.860  -4.843 -0.986
-999.0000000  965.000 302.928 14.121  -7.614 -1.778
-999.0000000  940.000 304.124 13.841  -9.022 -2.576
-999.0000000  915.000 304.785 13.511  -9.638 -3.304
-999.0000000  890.000 305.188 13.040  -9.882 -3.815
-999.0000000  865.000 305.560 12.391 -10.057 -3.963
-999.0000000  840.000 306.008 11.521 -10.315 -3.758
-999.0000000  815.000 306.560 10.473 -10.666 -3.421
-999.0000000  790.000 307.246  9.318 -11.107 -3.103
-999.0000000  765.000 308.098  8.039 -11.559 -2.829
-999.0000000  740.000 309.212  6.746 -11.793 -2.721
-999.0000000  715.000 310.587  5.580 -11.710 -2.811
-999.0000000  690.000 312.076  4.654 -11.258 -3.033
-999.0000000  665.000 313.648  3.976 -10.378 -3.357
-999.0000000  640.000 315.246  3.267  -9.462 -3.448
-999.0000000  615.000 316.849  2.509  -8.633 -3.191
-999.0000000  590.000 318.534  1.932  -8.108 -2.724
-999.0000000  565.000 320.312  1.549  -7.985 -2.095
-999.0000000  540.000 322.176  1.263  -8.093 -1.587
-999.0000000  515.000 324.094  1.079  -8.486 -1.354
-999.0000000  490.000 326.017  0.942  -9.392 -1.567
-999.0000000  465.000 327.936  0.853 -10.955 -2.212
-999.0000000  440.000 330.016  0.707 -13.066 -2.719
-999.0000000  415.000 332.288  0.503 -15.365 -2.888
-999.0000000  390.000 334.657  0.352 -16.511 -2.847
-999.0000000  365.000 337.000  0.247 -16.005 -2.745
-999.0000000  340.000 339.108  0.174 -14.440 -2.935
-999.0000000  315.000 340.918  0.130 -12.227 -3.416
-999.0000000  290.000 342.655  0.093  -9.917 -3.681
-999.0000000  265.000 344.465  0.065  -7.840 -3.134
-999.0000000  240.000 346.277  0.049  -6.301 -1.089
-999.0000000  215.000 347.832  0.037  -5.507  1.835
-999.0000000  190.000 349.192  0.024  -4.660  3.499
-999.0000000  165.000 351.368  0.016  -2.364  2.554
-999.0000000  140.000 356.060  0.009   1.531  0.570
-999.0000000  115.000 368.045  0.007   4.718 -0.370
-999.0000000   90.000 395.529  0.008   5.509 -0.661
-999.0000000   65.000 443.938  0.003  -0.608  0.238
-999.0000000   40.000 534.245  0.015 -12.169  0.272
-999.0000000   15.000 722.689  0.071 -20.347  1.049
271.5  45   1007.10  day,levels,pres0
-999.0000000 1115.000 290.308 15.480  -5.027 -1.188
-999.0000000 1090.000 292.195 15.480  -5.027 -1.188
-999.0000000 1065.000 294.139 15.480  -5.027 -1.188
-999.0000000 1040.000 296.142 15.480  -5.027 -1.188
-999.0000000 1015.000 298.208 15.480  -5.027 -1.188
-999.0000000  990.000 300.340 15.480  -5.027 -1.188
-999.0000000  965.000 301.783 14.507  -7.940 -2.126
-999.0000000  940.000 303.285 13.950  -9.585 -3.059
-999.0000000  915.000 304.174 13.407 -10.174 -3.798
-999.0000000  890.000 304.712 12.799 -10.209 -4.148
-999.0000000  865.000 305.158 12.062 -10.134 -3.988
-999.0000000  840.000 305.631 11.216 -10.224 -3.442
-999.0000000  815.000 306.202 10.307 -10.482 -2.762
-999.0000000  790.000 306.887  9.321 -10.857 -2.091
-999.0000000  765.000 307.723  8.170 -11.235 -1.511
-999.0000000  740.000 308.848  6.902 -11.431 -1.241
-999.0000000  715.000 310.272  5.700 -11.380 -1.330
-999.0000000  690.000 311.829  4.834 -11.052 -1.674
-999.0000000  665.000 313.486  4.334 -10.399 -2.250
-999.0000000  640.000 315.138  3.740  -9.693 -2.577
-999.0000000  615.000 316.744  3.023  -9.027 -2.515
-999.0000000  590.000 318.394  2.422  -8.627 -2.288
-999.0000000  565.000 320.099  1.942  -8.580 -1.974
-999.0000000  540.000 321.868  1.587  -8.697 -1.840
-999.0000000  515.000 323.687  1.362  -9.034 -1.997
-999.0000000  490.000 325.560  1.137  -9.918 -2.408
-999.0000000  465.000 327.503  0.910 -11.528 -2.988
-999.0000000  440.000 329.664  0.680 -13.748 -3.285
-999.0000000  415.000 332.063  0.440 -16.208 -3.161
-999.0000000  390.000 334.554  0.285 -17.520 -2.867
-999.0000000  365.000 336.977  0.207 -17.115 -2.595
-999.0000000  340.000 339.086  0.155 -15.443 -2.647
-999.0000000  315.000 340.806  0.125 -12.911 -3.056
-999.0000000  290.000 342.410  0.094 -10.279 -3.464
-999.0000000  265.000 344.061  0.065  -8.054 -3.322
-999.0000000  240.000 345.725  0.054  -6.683 -1.828
-999.0000000  215.000 347.261  0.045  -6.208  0.637
-999.0000000  190.000 348.833  0.027  -5.383  2.188
-999.0000000  165.000 351.358  0.015  -2.860  1.436
-999.0000000  140.000 356.262  0.009   0.907 -0.344
-999.0000000  115.000 368.382  0.007   3.758 -1.230
-999.0000000   90.000 396.114  0.008   4.964 -1.362
-999.0000000   65.000 444.049  0.003  -0.550 -0.155
-999.0000000   40.000 533.723  0.014 -11.882  0.629
-999.0000000   15.000 720.923  0.066 -20.378  1.759
271.625  45   1006.85  day,levels,pres0
-999.0000000 1115.000 291.018 15.314  -4.191 -1.072
-999.0000000 1090.000 292.909 15.314  -4.191 -1.072
-999.0000000 1065.000 294.858 15.314  -4.191 -1.072
-999.0000000 1040.000 296.866 15.314  -4.191 -1.072
-999.0000000 1015.000 298.937 15.314  -4.191 -1.072
-999.0000000  990.000 301.074 15.314  -4.191 -1.072
-999.0000000  965.000 301.902 14.635  -6.077 -1.642
-999.0000000  940.000 302.960 14.235  -7.340 -2.215
-999.0000000  915.000 303.876 13.818  -8.086 -2.687
-999.0000000  890.000 304.715 13.167  -8.311 -2.853
-999.0000000  865.000 305.594 12.097  -8.388 -2.618
-999.0000000  840.000 306.374 10.958  -8.701 -2.166
-999.0000000  815.000 307.137  9.859  -9.179 -1.697
-999.0000000  790.000 307.961  8.758  -9.654 -1.273
-999.0000000  765.000 308.888  7.637 -10.080 -0.963
-999.0000000  740.000 309.991  6.558 -10.330 -0.907
-999.0000000  715.000 311.269  5.609 -10.365 -1.107
-999.0000000  690.000 312.608  4.874 -10.175 -1.445
-999.0000000  665.000 313.975  4.365  -9.718 -1.895
-999.0000000  640.000 315.377  3.787  -9.187 -2.176
-999.0000000  615.000 316.816  3.121  -8.646 -2.206
-999.0000000  590.000 318.395  2.551  -8.294 -2.164
-999.0000000  565.000 320.130  2.068  -8.225 -2.112
-999.0000000  540.000 321.917  1.676  -8.411 -2.217
-999.0000000  515.000 323.720  1.374  -8.939 -2.539
-999.0000000  490.000 325.598  1.117  -9.979 -2.981
-999.0000000  465.000 327.583  0.906 -11.620 -3.452
-999.0000000  440.000 329.764  0.729 -13.619 -3.658
-999.0000000  415.000 332.151  0.580 -15.691 -3.497
-999.0000000  390.000 334.652  0.480 -17.018 -3.131
-999.0000000  365.000 337.112  0.420 -17.083 -2.731
-999.0000000  340.000 339.218  0.316 -15.631 -2.676
-999.0000000  315.000 340.865  0.186 -12.871 -3.059
-999.0000000  290.000 342.330  0.109  -9.983 -3.592
-999.0000000  265.000 343.808  0.069  -7.697 -3.793
-999.0000000  240.000 345.340  0.054  -6.435 -2.836
-999.0000000  215.000 346.879  0.046  -6.161 -0.720
-999.0000000  190.000 348.692  0.028  -5.560  1.143
-999.0000000  165.000 351.574  0.015  -3.215  1.131
-999.0000000  140.000 356.634  0.008   0.430 -0.031
-999.0000000  115.000 368.531  0.007   3.459 -0.668
-999.0000000   90.000 395.620  0.008   5.181 -1.010
-999.0000000   65.000 443.250  0.003  -0.087  0.024
-999.0000000   40.000 533.851  0.015 -11.304  0.468
-999.0000000   15.000 722.397  0.070 -19.960  1.630
271.75  45   1002.96  day,levels,pres0
-999.0000000 1115.000 291.726 15.092  -3.361 -0.962
-999.0000000 1090.000 293.623 15.092  -3.361 -0.962
-999.0000000 1065.000 295.576 15.092  -3.361 -0.962
-999.0000000 1040.000 297.588 15.092  -3.361 -0.962
-999.0000000 1015.000 299.665 15.092  -3.361 -0.962
-999.0000000  990.000 301.807 15.092  -3.361 -0.962
-999.0000000  965.000 302.019 14.755  -4.219 -1.163
-999.0000000  940.000 302.634 14.498  -5.096 -1.370
-999.0000000  915.000 303.579 14.209  -5.998 -1.575
-999.0000000  890.000 304.719 13.534  -6.411 -1.560
-999.0000000  865.000 306.032 12.125  -6.639 -1.257
-999.0000000  840.000 307.116 10.650  -7.173 -0.902
-999.0000000  815.000 308.073  9.319  -7.872 -0.643
-999.0000000  790.000 309.035  8.069  -8.448 -0.463
-999.0000000  765.000 310.054  6.975  -8.919 -0.421
-999.0000000  740.000 311.132  6.120  -9.222 -0.577
-999.0000000  715.000 312.265  5.481  -9.344 -0.886
-999.0000000  690.000 313.384  4.904  -9.293 -1.219
-999.0000000  665.000 314.463  4.394  -9.036 -1.543
-999.0000000  640.000 315.616  3.835  -8.685 -1.777
-999.0000000  615.000 316.889  3.221  -8.273 -1.902
-999.0000000  590.000 318.397  2.682  -7.970 -2.046
-999.0000000  565.000 320.160  2.196  -7.878 -2.258
-999.0000000  540.000 321.966  1.765  -8.130 -2.602
-999.0000000  515.000 323.751  1.385  -8.845 -3.087
-999.0000000  490.000 325.637  1.097 -10.040 -3.555
-999.0000000  465.000 327.661  0.902 -11.708 -3.915
-999.0000000  440.000 329.861  0.778 -13.485 -4.030
-999.0000000  415.000 332.239  0.722 -15.171 -3.832
-999.0000000  390.000 334.750  0.677 -16.514 -3.393
-999.0000000  365.000 337.247  0.636 -17.051 -2.866
-999.0000000  340.000 339.352  0.479 -15.819 -2.702
-999.0000000  315.000 340.925  0.248 -12.830 -3.058
-999.0000000  290.000 342.253  0.124  -9.686 -3.716
-999.0000000  265.000 343.560  0.073  -7.340 -4.261
-999.0000000  240.000 344.957  0.054  -6.187 -3.843
-999.0000000  215.000 346.496  0.048  -6.112 -2.076
-999.0000000  190.000 348.549  0.029  -5.735  0.098
-999.0000000  165.000 351.786  0.014  -3.570  0.827
-999.0000000  140.000 357.006  0.008  -0.048  0.284
-999.0000000  115.000 368.679  0.007   3.161 -0.106
-999.0000000   90.000 395.125  0.007   5.398 -0.659
-999.0000000   65.000 442.453  0.003   0.377  0.203
-999.0000000   40.000 533.981  0.015 -10.725  0.306
-999.0000000   15.000 723.871  0.074 -19.542  1.500
271.875  45   1001.79  day,levels,pres0
-999.0000000 1115.000 291.372 15.466  -3.445 -0.952
-999.0000000 1090.000 293.266 15.466  -3.445 -0.952
-999.0000000 1065.000 295.216 15.466  -3.445 -0.952
-999.0000000 1040.000 297.227 15.466  -3.445 -0.952
-999.0000000 1015.000 299.300 15.466  -3.445 -0.952
-999.0000000  990.000 301.440 15.466  -3.445 -0.952
-999.0000000  965.000 302.045 15.056  -4.623 -1.234
-999.0000000  940.000 302.693 14.798  -5.436 -1.362
-999.0000000  915.000 303.626 14.405  -6.211 -1.515
-999.0000000  890.000 304.799 13.509  -6.761 -1.555
-999.0000000  865.000 306.058 11.971  -7.271 -1.408
-999.0000000  840.000 307.150 10.400  -7.955 -1.197
-999.0000000  815.000 308.196  8.941  -8.701 -0.979
-999.0000000  790.000 309.236  7.690  -9.297 -0.799
-999.0000000  765.000 310.267  6.687  -9.685 -0.769
-999.0000000  740.000 311.308  5.922  -9.794 -0.962
-999.0000000  715.000 312.388  5.322  -9.666 -1.325
-999.0000000  690.000 313.482  4.726  -9.387 -1.711
-999.0000000  665.000 314.578  4.128  -8.948 -2.081
-999.0000000  640.000 315.796  3.515  -8.470 -2.334
-999.0000000  615.000 317.181  2.871  -8.002 -2.440
-999.0000000  590.000 318.769  2.336  -7.709 -2.541
-999.0000000  565.000 320.561  1.894  -7.701 -2.682
-999.0000000  540.000 322.392  1.515  -8.085 -2.913
-999.0000000  515.000 324.214  1.196  -8.978 -3.221
-999.0000000  490.000 326.133  0.952 -10.365 -3.416
-999.0000000  465.000 328.187  0.782 -12.220 -3.406
-999.0000000  440.000 330.416  0.673 -14.133 -3.171
-999.0000000  415.000 332.821  0.624 -15.815 -2.719
-999.0000000  390.000 335.352  0.573 -16.810 -2.218
-999.0000000  365.000 337.840  0.516 -16.714 -1.869
-999.0000000  340.000 339.867  0.380 -15.123 -2.086
-999.0000000  315.000 341.292  0.199 -12.221 -2.927
-999.0000000  290.000 342.474  0.105  -9.298 -3.911
-999.0000000  265.000 343.674  0.069  -7.119 -4.540
-999.0000000  240.000 345.013  0.053  -6.006 -4.171
-999.0000000  215.000 346.592  0.046  -5.928 -2.647
-999.0000000  190.000 348.784  0.028  -5.740 -0.881
-999.0000000  165.000 352.047  0.014  -3.894 -0.345
-999.0000000  140.000 357.270  0.008  -0.525 -0.457
-999.0000000  115.000 368.915  0.007   2.728 -0.101
-999.0000000   90.000 394.679  0.006   5.013 -0.276
-999.0000000   65.000 441.721  0.003   0.036  0.194
-999.0000000   40.000 533.336  0.014 -10.934  0.552
-999.0000000   15.000 724.246  0.075 -19.647  1.838
272.0  45   1004.29  day,levels,pres0
-999.0000000 1115.000 291.018 15.813  -3.528 -0.938
-999.0000000 1090.000 292.909 15.813  -3.528 -0.938
-999.0000000 1065.000 294.858 15.813  -3.528 -0.938
-999.0000000 1040.000 296.866 15.813  -3.528 -0.938
-999.0000000 1015.000 298.937 15.813  -3.528 -0.938
-999.0000000  990.000 301.074 15.813  -3.528 -0.938
-999.0000000  965.000 302.072 15.357  -5.029 -1.305
-999.0000000  940.000 302.754 15.100  -5.778 -1.358
-999.0000000  915.000 303.675 14.603  -6.424 -1.462
-999.0000000  890.000 304.881 13.485  -7.112 -1.558
-999.0000000  865.000 306.083 11.816  -7.911 -1.569
-999.0000000  840.000 307.184 10.146  -8.747 -1.499
-999.0000000  815.000 308.319  8.554  -9.537 -1.323
-999.0000000  790.000 309.437  7.298 -10.150 -1.143
-999.0000000  765.000 310.480  6.390 -10.452 -1.124
-999.0000000  740.000 311.484  5.718 -10.366 -1.353
-999.0000000  715.000 312.510  5.159  -9.986 -1.767
-999.0000000  690.000 313.577  4.544  -9.478 -2.204
-999.0000000  665.000 314.689  3.858  -8.854 -2.619
-999.0000000  640.000 315.972  3.186  -8.249 -2.891
-999.0000000  615.000 317.471  2.505  -7.727 -2.979
-999.0000000  590.000 319.140  1.970  -7.445 -3.037
-999.0000000  565.000 320.960  1.575  -7.521 -3.107
-999.0000000  540.000 322.817  1.249  -8.039 -3.225
-999.0000000  515.000 324.676  0.995  -9.111 -3.356
-999.0000000  490.000 326.631  0.796 -10.690 -3.277
-999.0000000  465.000 328.715  0.652 -12.732 -2.897
-999.0000000  440.000 330.974  0.559 -14.781 -2.312
-999.0000000  415.000 333.405  0.517 -16.461 -1.608
-999.0000000  390.000 335.954  0.461 -17.108 -1.045
-999.0000000  365.000 338.435  0.386 -16.377 -0.874
-999.0000000  340.000 340.386  0.274 -14.428 -1.473
-999.0000000  315.000 341.662  0.148 -11.612 -2.799
-999.0000000  290.000 342.696  0.086  -8.911 -4.108
-999.0000000  265.000 343.789  0.066  -6.898 -4.819
-999.0000000  240.000 345.067  0.053  -5.824 -4.499
-999.0000000  215.000 346.690  0.044  -5.744 -3.219
-999.0000000  190.000 349.017  0.028  -5.744 -1.861
-999.0000000  165.000 352.307  0.014  -4.218 -1.518
-999.0000000  140.000 357.533  0.009  -1.003 -1.198
-999.0000000  115.000 369.149  0.007   2.295 -0.095
-999.0000000   90.000 394.231  0.006   4.628  0.107
-999.0000000   65.000 440.992  0.004  -0.304  0.185
-999.0000000   40.000 532.692  0.014 -11.144  0.798
-999.0000000   15.000 724.621  0.076 -19.753  2.176
272.125  45   1006.03  day,levels,pres0
-999.0000000 1115.000 290.613 15.834  -4.127 -0.928
-999.0000000 1090.000 292.502 15.834  -4.127 -0.928
-999.0000000 1065.000 294.447 15.834  -4.127 -0.928
-999.0000000 1040.000 296.452 15.834  -4.127 -0.928
-999.0000000 1015.000 298.520 15.834  -4.127 -0.928
-999.0000000  990.000 300.655 15.834  -4.127 -0.928
-999.0000000  965.000 302.109 15.349  -6.252 -1.228
-999.0000000  940.000 303.063 15.072  -7.268 -1.233
-999.0000000  915.000 303.990 14.541  -7.912 -1.315
-999.0000000  890.000 305.037 13.521  -8.465 -1.473
-999.0000000  865.000 306.065 12.163  -9.073 -1.600
-999.0000000  840.000 307.017 10.735  -9.739 -1.659
-999.0000000  815.000 308.012  9.230 -10.385 -1.575
-999.0000000  790.000 309.037  7.859 -10.851 -1.333
-999.0000000  765.000 310.053  6.728 -10.995 -1.061
-999.0000000  740.000 311.046  5.928 -10.707 -0.948
-999.0000000  715.000 312.047  5.383 -10.083 -1.042
-999.0000000  690.000 313.109  4.746  -9.351 -1.265
-999.0000000  665.000 314.254  3.997  -8.552 -1.613
-999.0000000  640.000 315.592  3.247  -7.872 -1.903
-999.0000000  615.000 317.164  2.457  -7.392 -2.095
-999.0000000  590.000 318.865  1.861  -7.123 -2.278
-999.0000000  565.000 320.654  1.461  -7.138 -2.482
-999.0000000  540.000 322.444  1.147  -7.526 -2.743
-999.0000000  515.000 324.209  0.924  -8.419 -3.019
-999.0000000  490.000 326.076  0.732  -9.915 -3.029
-999.0000000  465.000 328.093  0.570 -12.040 -2.689
-999.0000000  440.000 330.310  0.456 -14.347 -2.223
-999.0000000  415.000 332.740  0.386 -16.393 -1.741
-999.0000000  390.000 335.359  0.323 -17.183 -1.390
-999.0000000  365.000 337.984  0.262 -16.301 -1.349
-999.0000000  340.000 340.111  0.189 -14.188 -1.929
-999.0000000  315.000 341.546  0.114 -11.294 -3.136
-999.0000000  290.000 342.637  0.077  -8.500 -4.469
-999.0000000  265.000 343.687  0.064  -6.261 -5.320
-999.0000000  240.000 344.972  0.051  -4.707 -4.914
-999.0000000  215.000 346.721  0.042  -4.046 -3.460
-999.0000000  190.000 349.121  0.027  -3.793 -2.230
-999.0000000  165.000 352.257  0.014  -2.664 -2.082
-999.0000000  140.000 357.071  0.009  -0.175 -1.671
-999.0000000  115.000 368.432  0.007   2.600 -0.279
-999.0000000   90.000 394.271  0.006   4.492  0.091
-999.0000000   65.000 442.226  0.004  -0.551 -0.104
-999.0000000   40.000 533.512  0.014 -11.249  0.090
-999.0000000   15.000 724.525  0.076 -19.516  1.131
272.25  45   1004.90  day,levels,pres0
-999.0000000 1115.000 290.207 15.841  -4.726 -0.917
-999.0000000 1090.000 292.094 15.841  -4.726 -0.917
-999.0000000 1065.000 294.037 15.841  -4.726 -0.917
-999.0000000 1040.000 296.039 15.841  -4.726 -0.917
-999.0000000 1015.000 298.104 15.841  -4.726 -0.917
-999.0000000  990.000 300.236 15.841  -4.726 -0.917
-999.0000000  965.000 302.146 15.339  -7.475 -1.149
-999.0000000  940.000 303.372 15.038  -8.758 -1.107
-999.0000000  915.000 304.306 14.469  -9.399 -1.167
-999.0000000  890.000 305.193 13.555  -9.816 -1.385
-999.0000000  865.000 306.047 12.507 -10.233 -1.628
-999.0000000  840.000 306.850 11.309 -10.729 -1.816
-999.0000000  815.000 307.704  9.876 -11.233 -1.822
-999.0000000  790.000 308.637  8.386 -11.553 -1.518
-999.0000000  765.000 309.627  7.044 -11.541 -0.993
-999.0000000  740.000 310.607  6.122 -11.050 -0.542
-999.0000000  715.000 311.582  5.589 -10.181 -0.315
-999.0000000  690.000 312.642  4.932  -9.225 -0.326
-999.0000000  665.000 313.819  4.126  -8.250 -0.606
-999.0000000  640.000 315.213  3.302  -7.497 -0.916
-999.0000000  615.000 316.857  2.409  -7.059 -1.212
-999.0000000  590.000 318.589  1.755  -6.802 -1.520
-999.0000000  565.000 320.346  1.351  -6.756 -1.856
-999.0000000  540.000 322.070  1.048  -7.013 -2.262
-999.0000000  515.000 323.742  0.855  -7.727 -2.681
-999.0000000  490.000 325.522  0.671  -9.140 -2.780
-999.0000000  465.000 327.471  0.493 -11.347 -2.481
-999.0000000  440.000 329.646  0.360 -13.913 -2.134
-999.0000000  415.000 332.075  0.265 -16.325 -1.874
-999.0000000  390.000 334.762  0.195 -17.258 -1.735
-999.0000000  365.000 337.532  0.147 -16.225 -1.823
-999.0000000  340.000 339.836  0.111 -13.949 -2.385
-999.0000000  315.000 341.431  0.083 -10.976 -3.473
-999.0000000  290.000 342.579  0.068  -8.090 -4.830
-999.0000000  265.000 343.585  0.063  -5.625 -5.820
-999.0000000  240.000 344.877  0.050  -3.590 -5.330
-999.0000000  215.000 346.751  0.040  -2.348 -3.701
-999.0000000  190.000 349.226  0.026  -1.843 -2.598
-999.0000000  165.000 352.205  0.014  -1.110 -2.646
-999.0000000  140.000 356.608  0.009   0.652 -2.143
-999.0000000  115.000 367.715  0.007   2.905 -0.463
-999.0000000   90.000 394.311  0.007   4.357  0.076
-999.0000000   65.000 443.460  0.003  -0.798 -0.393
-999.0000000   40.000 534.335  0.015 -11.354 -0.617
-999.0000000   15.000 724.425  0.075 -19.279  0.086
272.375  45   1005.16  day,levels,pres0
-999.0000000 1115.000 289.940 16.147  -4.687 -0.578
-999.0000000 1090.000 291.824 16.147  -4.687 -0.578
-999.0000000 1065.000 293.765 16.147  -4.687 -0.578
-999.0000000 1040.000 295.766 16.147  -4.687 -0.578
-999.0000000 1015.000 297.829 16.147  -4.687 -0.578
-999.0000000  990.000 299.959 16.147  -4.687 -0.578
-999.0000000  965.000 301.388 15.414  -7.494 -0.864
-999.0000000  940.000 302.749 14.796  -9.189 -1.105
-999.0000000  915.000 303.732 14.218 -10.010 -1.434
-999.0000000  890.000 304.548 13.505 -10.322 -1.832
-999.0000000  865.000 305.324 12.690 -10.427 -2.150
-999.0000000  840.000 306.086 11.725 -10.564 -2.243
-999.0000000  815.000 306.922 10.470 -10.796 -2.010
-999.0000000  790.000 307.900  8.913 -10.948 -1.446
-999.0000000  765.000 309.017  7.286 -10.849 -0.654
-999.0000000  740.000 310.187  5.974 -10.335  0.094
-999.0000000  715.000 311.372  5.101  -9.482  0.638
-999.0000000  690.000 312.614  4.329  -8.579  0.880
-999.0000000  665.000 313.935  3.660  -7.711  0.746
-999.0000000  640.000 315.456  2.943  -7.146  0.458
-999.0000000  615.000 317.197  2.130  -6.992  0.045
-999.0000000  590.000 318.945  1.550  -7.016 -0.393
-999.0000000  565.000 320.615  1.229  -7.220 -0.837
-999.0000000  540.000 322.245  0.976  -7.694 -1.291
-999.0000000  515.000 323.844  0.798  -8.570 -1.725
-999.0000000  490.000 325.574  0.633 -10.040 -1.992
-999.0000000  465.000 327.497  0.479 -12.163 -2.073
-999.0000000  440.000 329.644  0.359 -14.520 -2.194
-999.0000000  415.000 332.037  0.269 -16.643 -2.382
-999.0000000  390.000 334.682  0.195 -17.403 -2.423
-999.0000000  365.000 337.420  0.135 -16.376 -2.366
-999.0000000  340.000 339.723  0.096 -14.189 -2.683
-999.0000000  315.000 341.343  0.072 -11.334 -3.529
-999.0000000  290.000 342.484  0.067  -8.572 -4.650
-999.0000000  265.000 343.440  0.071  -6.185 -5.464
-999.0000000  240.000 344.709  0.057  -4.143 -5.018
-999.0000000  215.000 346.577  0.042  -2.862 -3.734
-999.0000000  190.000 349.005  0.027  -2.284 -3.066
-999.0000000  165.000 351.949  0.015  -1.494 -3.291
-999.0000000  140.000 356.439  0.009   0.117 -2.897
-999.0000000  115.000 367.843  0.007   2.153 -1.333
-999.0000000   90.000 394.797  0.007   3.905 -0.449
-999.0000000   65.000 443.492  0.003  -0.958 -0.256
-999.0000000   40.000 533.813  0.015 -11.217 -0.164
-999.0000000   15.000 722.845  0.071 -19.314  0.459
272.5  45   1007.16  day,levels,pres0
-999.0000000 1115.000 289.673 16.437  -4.647 -0.239
-999.0000000 1090.000 291.556 16.437  -4.647 -0.239
-999.0000000 1065.000 293.495 16.437  -4.647 -0.239
-999.0000000 1040.000 295.494 16.437  -4.647 -0.239
-999.0000000 1015.000 297.556 16.437  -4.647 -0.239
-999.0000000  990.000 299.683 16.437  -4.647 -0.239
-999.0000000  965.000 300.632 15.445  -7.513 -0.579
-999.0000000  940.000 302.126 14.550  -9.621 -1.103
-999.0000000  915.000 303.158 13.965 -10.620 -1.700
-999.0000000  890.000 303.902 13.436 -10.827 -2.279
-999.0000000  865.000 304.600 12.832 -10.622 -2.672
-999.0000000  840.000 305.321 12.075 -10.399 -2.671
-999.0000000  815.000 306.139 10.982 -10.360 -2.198
-999.0000000  790.000 307.163  9.372 -10.343 -1.373
-999.0000000  765.000 308.407  7.498 -10.157 -0.314
-999.0000000  740.000 309.767  5.829  -9.619  0.729
-999.0000000  715.000 311.161  4.623  -8.781  1.592
-999.0000000  690.000 312.587  3.726  -7.931  2.087
-999.0000000  665.000 314.051  3.185  -7.169  2.098
-999.0000000  640.000 315.698  2.572  -6.794  1.833
-999.0000000  615.000 317.537  1.837  -6.924  1.303
-999.0000000  590.000 319.300  1.335  -7.229  0.734
-999.0000000  565.000 320.882  1.102  -7.683  0.183
-999.0000000  540.000 322.418  0.903  -8.374 -0.321
-999.0000000  515.000 323.946  0.741  -9.413 -0.770
-999.0000000  490.000 325.627  0.595 -10.939 -1.205
-999.0000000  465.000 327.524  0.465 -12.980 -1.666
-999.0000000  440.000 329.643  0.358 -15.127 -2.254
-999.0000000  415.000 331.997  0.272 -16.961 -2.890
-999.0000000  390.000 334.602  0.195 -17.547 -3.111
-999.0000000  365.000 337.307  0.124 -16.528 -2.909
-999.0000000  340.000 339.609  0.084 -14.428 -2.982
-999.0000000  315.000 341.254  0.063 -11.693 -3.586
-999.0000000  290.000 342.388  0.067  -9.055 -4.469
-999.0000000  265.000 343.297  0.080  -6.745 -5.108
-999.0000000  240.000 344.540  0.064  -4.696 -4.706
-999.0000000  215.000 346.403  0.044  -3.376 -3.767
-999.0000000  190.000 348.784  0.029  -2.725 -3.534
-999.0000000  165.000 351.691  0.016  -1.879 -3.937
-999.0000000  140.000 356.271  0.010  -0.418 -3.650
-999.0000000  115.000 367.969  0.007   1.402 -2.202
-999.0000000   90.000 395.282  0.007   3.453 -0.973
-999.0000000   65.000 443.525  0.003  -1.119 -0.119
-999.0000000   40.000 533.291  0.014 -11.080  0.289
-999.0000000   15.000 721.265  0.067 -19.348  0.832
272.625  45   1006.37  day,levels,pres0
-999.0000000 1115.000 291.347 15.643  -4.129 -0.410
-999.0000000 1090.000 293.241 15.643  -4.129 -0.410
-999.0000000 1065.000 295.192 15.643  -4.129 -0.410
-999.0000000 1040.000 297.202 15.643  -4.129 -0.410
-999.0000000 1015.000 299.275 15.643  -4.129 -0.410
-999.0000000  990.000 301.415 15.643  -4.129 -0.410
-999.0000000  965.000 301.924 14.989  -6.032 -0.699
-999.0000000  940.000 302.848 14.546  -7.430 -1.056
-999.0000000  915.000 303.582 14.297  -8.207 -1.435
-999.0000000  890.000 304.158 13.972  -8.422 -1.724
-999.0000000  865.000 304.964 13.266  -8.508 -1.827
-999.0000000  840.000 305.964 12.177  -8.684 -1.665
-999.0000000  815.000 306.905 10.889  -8.898 -1.180
-999.0000000  790.000 307.957  9.182  -9.094 -0.444
-999.0000000  765.000 309.205  7.134  -9.211  0.464
-999.0000000  740.000 310.531  5.401  -9.094  1.319
-999.0000000  715.000 311.852  4.298  -8.748  1.965
-999.0000000  690.000 313.196  3.505  -8.419  2.250
-999.0000000  665.000 314.566  3.069  -8.178  2.076
-999.0000000  640.000 316.062  2.569  -8.119  1.698
-999.0000000  615.000 317.696  1.975  -8.278  1.158
-999.0000000  590.000 319.351  1.523  -8.465  0.640
-999.0000000  565.000 320.980  1.225  -8.679  0.180
-999.0000000  540.000 322.644  0.978  -9.114 -0.313
-999.0000000  515.000 324.347  0.784  -9.914 -0.857
-999.0000000  490.000 326.121  0.625 -11.224 -1.380
-999.0000000  465.000 327.985  0.500 -13.057 -1.833
-999.0000000  440.000 330.019  0.387 -14.940 -2.135
-999.0000000  415.000 332.266  0.284 -16.435 -2.210
-999.0000000  390.000 334.753  0.219 -16.676 -1.987
-999.0000000  365.000 337.339  0.185 -15.350 -1.615
-999.0000000  340.000 339.530  0.143 -13.047 -1.724
-999.0000000  315.000 341.087  0.097 -10.240 -2.448
-999.0000000  290.000 342.183  0.081  -7.639 -3.254
-999.0000000  265.000 343.116  0.080  -5.497 -3.676
-999.0000000  240.000 344.419  0.062  -3.705 -3.456
-999.0000000  215.000 346.302  0.044  -2.432 -3.208
-999.0000000  190.000 348.634  0.029  -1.487 -3.620
-999.0000000  165.000 351.532  0.017  -0.175 -4.162
-999.0000000  140.000 356.322  0.010   1.254 -3.509
-999.0000000  115.000 368.262  0.007   2.176 -1.468
-999.0000000   90.000 395.262  0.007   3.641  0.088
-999.0000000   65.000 443.036  0.003  -1.073  0.330
-999.0000000   40.000 532.672  0.014 -10.616 -0.019
-999.0000000   15.000 720.933  0.066 -18.994 -0.075
272.75  45   1002.32  day,levels,pres0
-999.0000000 1115.000 293.021 14.422  -3.610 -0.582
-999.0000000 1090.000 294.926 14.422  -3.610 -0.582
-999.0000000 1065.000 296.888 14.422  -3.610 -0.582
-999.0000000 1040.000 298.910 14.422  -3.610 -0.582
-999.0000000 1015.000 300.995 14.422  -3.610 -0.582
-999.0000000  990.000 303.147 14.422  -3.610 -0.582
-999.0000000  965.000 303.215 14.314  -4.552 -0.817
-999.0000000  940.000 303.569 14.493  -5.240 -1.000
-999.0000000  915.000 304.007 14.629  -5.795 -1.157
-999.0000000  890.000 304.415 14.519  -6.019 -1.157
-999.0000000  865.000 305.330 13.714  -6.395 -0.972
-999.0000000  840.000 306.609 12.267  -6.968 -0.654
-999.0000000  815.000 307.671 10.759  -7.431 -0.155
-999.0000000  790.000 308.750  8.939  -7.829  0.491
-999.0000000  765.000 310.001  6.704  -8.247  1.247
-999.0000000  740.000 311.294  4.910  -8.550  1.911
-999.0000000  715.000 312.541  3.929  -8.692  2.341
-999.0000000  690.000 313.803  3.257  -8.886  2.415
-999.0000000  665.000 315.079  2.938  -9.173  2.052
-999.0000000  640.000 316.425  2.562  -9.435  1.562
-999.0000000  615.000 317.853  2.115  -9.628  1.010
-999.0000000  590.000 319.403  1.713  -9.700  0.543
-999.0000000  565.000 321.080  1.348  -9.671  0.174
-999.0000000  540.000 322.872  1.055  -9.849 -0.307
-999.0000000  515.000 324.750  0.829 -10.410 -0.945
-999.0000000  490.000 326.617  0.656 -11.504 -1.556
-999.0000000  465.000 328.446  0.538 -13.134 -2.002
-999.0000000  440.000 330.397  0.418 -14.753 -2.016
-999.0000000  415.000 332.534  0.297 -15.910 -1.530
-999.0000000  390.000 334.904  0.243 -15.804 -0.864
-999.0000000  365.000 337.371  0.247 -14.172 -0.322
-999.0000000  340.000 339.452  0.205 -11.665 -0.466
-999.0000000  315.000 340.922  0.131  -8.787 -1.310
-999.0000000  290.000 341.979  0.094  -6.224 -2.038
-999.0000000  265.000 342.936  0.080  -4.250 -2.243
-999.0000000  240.000 344.295  0.060  -2.716 -2.206
-999.0000000  215.000 346.201  0.043  -1.489 -2.650
-999.0000000  190.000 348.483  0.029  -0.250 -3.706
-999.0000000  165.000 351.370  0.017   1.529 -4.386
-999.0000000  140.000 356.371  0.010   2.928 -3.367
-999.0000000  115.000 368.553  0.007   2.951 -0.733
-999.0000000   90.000 395.242  0.006   3.830  1.150
-999.0000000   65.000 442.545  0.003  -1.028  0.778
-999.0000000   40.000 532.052  0.013 -10.151 -0.327
-999.0000000   15.000 720.601  0.066 -18.639 -0.983
272.875  45   1001.38  day,levels,pres0
-999.0000000 1115.000 292.834 14.681  -2.733  0.287
-999.0000000 1090.000 294.738 14.681  -2.733  0.287
-999.0000000 1065.000 296.698 14.681  -2.733  0.287
-999.0000000 1040.000 298.719 14.681  -2.733  0.287
-999.0000000 1015.000 300.803 14.681  -2.733  0.287
-999.0000000  990.000 302.954 14.681  -2.733  0.287
-999.0000000  965.000 303.628 14.217  -4.020 -0.345
-999.0000000  940.000 304.059 14.226  -4.837 -0.954
-999.0000000  915.000 304.444 14.224  -5.447 -1.443
-999.0000000  890.000 304.775 14.077  -5.806 -1.702
-999.0000000  865.000 305.391 13.494  -6.225 -1.737
-999.0000000  840.000 306.422 12.344  -6.769 -1.466
-999.0000000  815.000 307.524 10.870  -7.328 -0.895
-999.0000000  790.000 308.544  9.093  -7.957 -0.254
-999.0000000  765.000 309.731  6.899  -8.613  0.497
-999.0000000  740.000 311.063  5.049  -9.131  1.177
-999.0000000  715.000 312.430  3.888  -9.446  1.640
-999.0000000  690.000 313.721  3.139  -9.636  1.763
-999.0000000  665.000 314.893  2.880  -9.689  1.469
-999.0000000  640.000 316.165  2.524  -9.653  1.055
-999.0000000  615.000 317.593  2.058  -9.524  0.584
-999.0000000  590.000 319.216  1.656  -9.350  0.201
-999.0000000  565.000 321.040  1.305  -9.207 -0.084
-999.0000000  540.000 322.937  1.016  -9.438 -0.501
-999.0000000  515.000 324.837  0.787 -10.240 -1.082
-999.0000000  490.000 326.680  0.605 -11.654 -1.556
-999.0000000  465.000 328.462  0.474 -13.629 -1.768
-999.0000000  440.000 330.416  0.357 -15.509 -1.570
-999.0000000  415.000 332.626  0.254 -16.756 -0.955
-999.0000000  390.000 335.059  0.204 -16.470 -0.290
-999.0000000  365.000 337.552  0.202 -14.439  0.118
-999.0000000  340.000 339.643  0.169 -11.690 -0.190
-999.0000000  315.000 341.142  0.115  -8.872 -1.170
-999.0000000  290.000 342.308  0.086  -6.574 -1.981
-999.0000000  265.000 343.450  0.072  -4.920 -2.334
-999.0000000  240.000 344.934  0.054  -3.420 -2.744
-999.0000000  215.000 346.803  0.039  -1.742 -3.621
-999.0000000  190.000 348.928  0.028   0.122 -4.524
-999.0000000  165.000 351.676  0.017   2.131 -4.525
-999.0000000  140.000 356.516  0.010   3.066 -3.038
-999.0000000  115.000 368.247  0.007   2.411 -0.505
-999.0000000   90.000 394.452  0.007   2.984  1.271
-999.0000000   65.000 441.981  0.003  -1.479  0.751
-999.0000000   40.000 532.135  0.013 -10.588 -0.172
-999.0000000   15.000 721.467  0.068 -19.014 -0.941
273.0  45   1004.20  day,levels,pres0
-999.0000000 1115.000 292.651 14.931  -1.855  1.163
-999.0000000 1090.000 294.553 14.931  -1.855  1.163
-999.0000000 1065.000 296.513 14.931  -1.855  1.163
-999.0000000 1040.000 298.532 14.931  -1.855  1.163
-999.0000000 1015.000 300.615 14.931  -1.855  1.163
-999.0000000  990.000 302.764 14.931  -1.855  1.163
-999.0000000  965.000 304.043 14.104  -3.490  0.141
-999.0000000  940.000 304.551 13.926  -4.435 -0.897
-999.0000000  915.000 304.879 13.782  -5.100 -1.718
-999.0000000  890.000 305.131 13.602  -5.593 -2.239
-999.0000000  865.000 305.450 13.268  -6.056 -2.498
-999.0000000  840.000 306.232 12.414  -6.574 -2.287
-999.0000000  815.000 307.374 10.976  -7.233 -1.649
-999.0000000  790.000 308.336  9.240  -8.089 -1.014
-999.0000000  765.000 309.463  7.084  -8.984 -0.273
-999.0000000  740.000 310.834  5.180  -9.720  0.423
-999.0000000  715.000 312.320  3.844 -10.208  0.927
-999.0000000  690.000 313.638  3.021 -10.395  1.105
-999.0000000  665.000 314.710  2.822 -10.214  0.879
-999.0000000  640.000 315.906  2.487  -9.880  0.542
-999.0000000  615.000 317.333  2.003  -9.429  0.156
-999.0000000  590.000 319.031  1.600  -9.008 -0.141
-999.0000000  565.000 321.002  1.262  -8.745 -0.340
-999.0000000  540.000 323.003  0.977  -9.026 -0.692
-999.0000000  515.000 324.925  0.743 -10.068 -1.217
-999.0000000  490.000 326.744  0.552 -11.802 -1.553
-999.0000000  465.000 328.477  0.409 -14.124 -1.535
-999.0000000  440.000 330.435  0.296 -16.265 -1.127
-999.0000000  415.000 332.716  0.211 -17.603 -0.383
-999.0000000  390.000 335.212  0.166 -17.138  0.279
-999.0000000  365.000 337.732  0.160 -14.709  0.554
-999.0000000  340.000 339.835  0.135 -11.715  0.084
-999.0000000  315.000 341.361  0.099  -8.958 -1.032
-999.0000000  290.000 342.639  0.077  -6.924 -1.925
-999.0000000  265.000 343.966  0.063  -5.590 -2.425
-999.0000000  240.000 345.575  0.047  -4.126 -3.283
-999.0000000  215.000 347.405  0.035  -1.997 -4.592
-999.0000000  190.000 349.372  0.026   0.493 -5.342
-999.0000000  165.000 351.980  0.018   2.734 -4.664
-999.0000000  140.000 356.660  0.011   3.205 -2.708
-999.0000000  115.000 367.939  0.007   1.871 -0.277
-999.0000000   90.000 393.662  0.007   2.137  1.392
-999.0000000   65.000 441.416  0.004  -1.929  0.723
-999.0000000   40.000 532.220  0.013 -11.026 -0.016
-999.0000000   15.000 722.330  0.070 -19.389 -0.899
273.125  45   1006.10  day,levels,pres0
-999.0000000 1115.000 291.906 14.834  -2.744  0.651
-999.0000000 1090.000 293.803 14.834  -2.744  0.651
-999.0000000 1065.000 295.757 14.834  -2.744  0.651
-999.0000000 1040.000 297.771 14.834  -2.744  0.651
-999.0000000 1015.000 299.849 14.834  -2.744  0.651
-999.0000000  990.000 301.993 14.834  -2.744  0.651
-999.0000000  965.000 303.900 13.797  -4.484 -0.256
-999.0000000  940.000 304.666 13.526  -5.175 -1.300
-999.0000000  915.000 305.046 13.318  -5.468 -2.158
-999.0000000  890.000 305.289 13.081  -5.645 -2.795
-999.0000000  865.000 305.547 12.796  -5.915 -3.242
-999.0000000  840.000 306.077 12.258  -6.423 -3.337
-999.0000000  815.000 306.905 11.293  -7.208 -3.056
-999.0000000  790.000 307.757  9.928  -8.194 -2.657
-999.0000000  765.000 308.808  8.147  -9.221 -2.121
-999.0000000  740.000 310.174  6.364 -10.052 -1.481
-999.0000000  715.000 311.743  4.877 -10.590 -0.846
-999.0000000  690.000 313.147  3.960 -10.801 -0.487
-999.0000000  665.000 314.289  3.737 -10.609 -0.496
-999.0000000  640.000 315.558  3.273 -10.200 -0.615
-999.0000000  615.000 317.062  2.540  -9.599 -0.792
-999.0000000  590.000 318.790  1.922  -9.037 -0.902
-999.0000000  565.000 320.730  1.395  -8.664 -0.935
-999.0000000  540.000 322.674  1.009  -8.862 -1.093
-999.0000000  515.000 324.527  0.776  -9.854 -1.404
-999.0000000  490.000 326.308  0.592 -11.571 -1.619
-999.0000000  465.000 328.041  0.463 -13.907 -1.600
-999.0000000  440.000 329.978  0.355 -16.058 -1.223
-999.0000000  415.000 332.226  0.267 -17.395 -0.495
-999.0000000  390.000 334.779  0.197 -16.935  0.226
-999.0000000  365.000 337.460  0.143 -14.501  0.603
-999.0000000  340.000 339.686  0.110 -11.411  0.081
-999.0000000  315.000 341.250  0.091  -8.445 -1.306
-999.0000000  290.000 342.536  0.077  -6.152 -2.579
-999.0000000  265.000 343.877  0.065  -4.531 -3.416
-999.0000000  240.000 345.497  0.050  -2.787 -4.239
-999.0000000  215.000 347.290  0.040  -0.572 -4.918
-999.0000000  190.000 349.147  0.031   1.723 -4.661
-999.0000000  165.000 351.721  0.020   3.699 -3.139
-999.0000000  140.000 356.474  0.011   4.140 -1.059
-999.0000000  115.000 367.943  0.007   2.734  0.821
-999.0000000   90.000 394.150  0.007   2.259  1.801
-999.0000000   65.000 442.147  0.003  -2.341  0.608
-999.0000000   40.000 532.807  0.014 -11.377 -0.092
-999.0000000   15.000 722.410  0.070 -19.227 -0.976
273.25  45   1004.65  day,levels,pres0
-999.0000000 1115.000 291.160 14.707  -3.633  0.124
-999.0000000 1090.000 293.053 14.707  -3.633  0.124
-999.0000000 1065.000 295.002 14.707  -3.633  0.124
-999.0000000 1040.000 297.011 14.707  -3.633  0.124
-999.0000000 1015.000 299.083 14.707  -3.633  0.124
-999.0000000  990.000 301.222 14.707  -3.633  0.124
-999.0000000  965.000 303.755 13.487  -5.477 -0.674
-999.0000000  940.000 304.780 13.116  -5.915 -1.722
-999.0000000  915.000 305.213 12.842  -5.838 -2.615
-999.0000000  890.000 305.448 12.550  -5.697 -3.366
-999.0000000  865.000 305.646 12.318  -5.775 -3.999
-999.0000000  840.000 305.921 12.099  -6.272 -4.395
-999.0000000  815.000 306.435 11.576  -7.183 -4.465
-999.0000000  790.000 307.178 10.550  -8.298 -4.295
-999.0000000  765.000 308.155  9.112  -9.455 -3.954
-999.0000000  740.000 309.514  7.442 -10.380 -3.365
-999.0000000  715.000 311.167  5.828 -10.967 -2.603
-999.0000000  690.000 312.654  4.834 -11.202 -2.065
-999.0000000  665.000 313.866  4.598 -10.999 -1.859
-999.0000000  640.000 315.211  4.022 -10.514 -1.763
-999.0000000  615.000 316.789  3.058  -9.764 -1.734
-999.0000000  590.000 318.550  2.232  -9.062 -1.658
-999.0000000  565.000 320.458  1.522  -8.581 -1.526
-999.0000000  540.000 322.345  1.039  -8.697 -1.492
-999.0000000  515.000 324.131  0.806  -9.638 -1.591
-999.0000000  490.000 325.872  0.630 -11.338 -1.685
-999.0000000  465.000 327.602  0.514 -13.689 -1.666
-999.0000000  440.000 329.521  0.410 -15.851 -1.322
-999.0000000  415.000 331.736  0.319 -17.187 -0.609
-999.0000000  390.000 334.346  0.227 -16.732  0.172
-999.0000000  365.000 337.187  0.127 -14.294  0.651
-999.0000000  340.000 339.539  0.089 -11.108  0.076
-999.0000000  315.000 341.139  0.083  -7.932 -1.580
-999.0000000  290.000 342.434  0.077  -5.381 -3.234
-999.0000000  265.000 343.788  0.067  -3.473 -4.408
-999.0000000  240.000 345.418  0.054  -1.449 -5.196
-999.0000000  215.000 347.176  0.045   0.853 -5.244
-999.0000000  190.000 348.920  0.036   2.951 -3.982
-999.0000000  165.000 351.460  0.023   4.663 -1.616
-999.0000000  140.000 356.290  0.011   5.076  0.589
-999.0000000  115.000 367.946  0.007   3.596  1.919
-999.0000000   90.000 394.637  0.008   2.382  2.211
-999.0000000   65.000 442.879  0.003  -2.753  0.493
-999.0000000   40.000 533.394  0.014 -11.727 -0.167
-999.0000000   15.000 722.486  0.070 -19.066 -1.053
273.375  45   1004.86  day,levels,pres0
-999.0000000 1115.000 290.823 15.012  -3.828 -0.009
-999.0000000 1090.000 292.713 15.012  -3.828 -0.009
-999.0000000 1065.000 294.660 15.012  -3.828 -0.009
-999.0000000 1040.000 296.667 15.012  -3.828 -0.009
-999.0000000 1015.000 298.737 15.012  -3.828 -0.009
-999.0000000  990.000 300.873 15.012  -3.828 -0.009
-999.0000000  965.000 303.073 13.418  -5.976 -0.706
-999.0000000  940.000 304.258 12.802  -6.557 -1.673
-999.0000000  915.000 304.812 12.442  -6.391 -2.555
-999.0000000  890.000 305.175 12.106  -6.089 -3.340
-999.0000000  865.000 305.479 11.865  -6.015 -4.024
-999.0000000  840.000 305.813 11.711  -6.425 -4.496
-999.0000000  815.000 306.345 11.355  -7.353 -4.638
-999.0000000  790.000 307.085 10.532  -8.540 -4.452
-999.0000000  765.000 308.014  9.286  -9.713 -4.007
-999.0000000  740.000 309.305  7.743 -10.587 -3.270
-999.0000000  715.000 310.930  6.147 -11.094 -2.370
-999.0000000  690.000 312.472  5.071 -11.265 -1.775
-999.0000000  665.000 313.836  4.622 -11.026 -1.616
-999.0000000  640.000 315.300  3.961 -10.536 -1.588
-999.0000000  615.000 316.924  3.046  -9.825 -1.620
-999.0000000  590.000 318.662  2.246  -9.221 -1.529
-999.0000000  565.000 320.479  1.547  -8.902 -1.277
-999.0000000  540.000 322.268  1.056  -9.151 -1.067
-999.0000000  515.000 323.972  0.791 -10.148 -0.971
-999.0000000  490.000 325.685  0.608 -11.762 -1.010
-999.0000000  465.000 327.443  0.509 -13.861 -1.139
-999.0000000  440.000 329.390  0.428 -15.691 -1.083
-999.0000000  415.000 331.620  0.366 -16.659 -0.762
-999.0000000  390.000 334.270  0.274 -15.884 -0.353
-999.0000000  365.000 337.180  0.146 -13.238 -0.157
-999.0000000  340.000 339.592  0.089 -10.049 -0.879
-999.0000000  315.000 341.224  0.085  -7.048 -2.546
-999.0000000  290.000 342.523  0.082  -4.624 -4.157
-999.0000000  265.000 343.849  0.076  -2.710 -5.212
-999.0000000  240.000 345.400  0.065  -0.648 -5.680
-999.0000000  215.000 347.053  0.056   1.607 -5.320
-999.0000000  190.000 348.739  0.043   3.543 -3.825
-999.0000000  165.000 351.241  0.024   4.911 -1.359
-999.0000000  140.000 355.924  0.011   4.633  0.831
-999.0000000  115.000 367.520  0.007   2.607  1.762
-999.0000000   90.000 394.482  0.007   1.853  1.493
-999.0000000   65.000 442.881  0.003  -2.792  0.294
-999.0000000   40.000 533.572  0.014 -11.370 -0.276
-999.0000000   15.000 722.466  0.070 -19.010 -0.753
273.5  45   1006.91  day,levels,pres0
-999.0000000 1115.000 290.486 15.291  -4.027 -0.125
-999.0000000 1090.000 292.374 15.291  -4.027 -0.125
-999.0000000 1065.000 294.318 15.291  -4.027 -0.125
-999.0000000 1040.000 296.323 15.291  -4.027 -0.125
-999.0000000 1015.000 298.390 15.291  -4.027 -0.125
-999.0000000  990.000 300.524 15.291  -4.027 -0.125
-999.0000000  965.000 302.391 13.326  -6.478 -0.721
-999.0000000  940.000 303.734 12.491  -7.201 -1.608
-999.0000000  915.000 304.411 12.052  -6.947 -2.481
-999.0000000  890.000 304.900 11.672  -6.487 -3.300
-999.0000000  865.000 305.310 11.417  -6.261 -4.034
-999.0000000  840.000 305.703 11.325  -6.584 -4.585
-999.0000000  815.000 306.254 11.134  -7.527 -4.803
-999.0000000  790.000 306.991 10.512  -8.782 -4.608
-999.0000000  765.000 307.869  9.453  -9.971 -4.063
-999.0000000  740.000 309.094  8.030 -10.792 -3.179
-999.0000000  715.000 310.691  6.451 -11.219 -2.139
-999.0000000  690.000 312.290  5.299 -11.325 -1.483
-999.0000000  665.000 313.807  4.641 -11.048 -1.367
-999.0000000  640.000 315.390  3.896 -10.554 -1.406
-999.0000000  615.000 317.059  3.034  -9.884 -1.506
-999.0000000  590.000 318.776  2.261  -9.381 -1.402
-999.0000000  565.000 320.502  1.574  -9.222 -1.032
-999.0000000  540.000 322.191  1.074  -9.603 -0.644
-999.0000000  515.000 323.815  0.775 -10.656 -0.352
-999.0000000  490.000 325.497  0.586 -12.186 -0.334
-999.0000000  465.000 327.284  0.504 -14.034 -0.609
-999.0000000  440.000 329.258  0.446 -15.532 -0.841
-999.0000000  415.000 331.503  0.412 -16.133 -0.912
-999.0000000  390.000 334.192  0.320 -15.036 -0.875
-999.0000000  365.000 337.173  0.164 -12.183 -0.963
-999.0000000  340.000 339.647  0.090  -8.991 -1.832
-999.0000000  315.000 341.310  0.087  -6.165 -3.511
-999.0000000  290.000 342.615  0.086  -3.868 -5.078
-999.0000000  265.000 343.911  0.085  -1.946 -6.016
-999.0000000  240.000 345.384  0.075   0.154 -6.163
-999.0000000  215.000 346.929  0.068   2.363 -5.394
-999.0000000  190.000 348.557  0.050   4.136 -3.667
-999.0000000  165.000 351.020  0.026   5.160 -1.100
-999.0000000  140.000 355.557  0.011   4.189  1.074
-999.0000000  115.000 367.091  0.007   1.618  1.606
-999.0000000   90.000 394.327  0.007   1.325  0.774
-999.0000000   65.000 442.881  0.003  -2.830  0.095
-999.0000000   40.000 533.748  0.014 -11.013 -0.386
-999.0000000   15.000 722.446  0.070 -18.955 -0.452
273.625  45   1006.63  day,levels,pres0
-999.0000000 1115.000 292.420 14.572  -3.889 -0.850
-999.0000000 1090.000 294.321 14.572  -3.889 -0.850
-999.0000000 1065.000 296.279 14.572  -3.889 -0.850
-999.0000000 1040.000 298.297 14.572  -3.889 -0.850
-999.0000000 1015.000 300.378 14.572  -3.889 -0.850
-999.0000000  990.000 302.525 14.572  -3.889 -0.850
-999.0000000  965.000 303.417 13.297  -5.541 -1.350
-999.0000000  940.000 304.088 12.844  -6.065 -1.900
-999.0000000  915.000 304.507 12.616  -6.081 -2.437
-999.0000000  890.000 304.930 12.375  -6.006 -2.939
-999.0000000  865.000 305.546 12.092  -6.111 -3.352
-999.0000000  840.000 306.406 11.789  -6.433 -3.476
-999.0000000  815.000 307.230 11.412  -6.971 -3.291
-999.0000000  790.000 307.914 10.741  -7.834 -2.985
-999.0000000  765.000 308.689  9.757  -8.770 -2.500
-999.0000000  740.000 309.793  8.470  -9.527 -1.820
-999.0000000  715.000 311.265  7.000 -10.062 -1.065
-999.0000000  690.000 312.822  5.784 -10.421 -0.609
-999.0000000  665.000 314.398  4.821 -10.538 -0.565
-999.0000000  640.000 315.937  3.988 -10.300 -0.643
-999.0000000  615.000 317.408  3.306  -9.676 -0.765
-999.0000000  590.000 318.936  2.588  -9.170 -0.704
-999.0000000  565.000 320.536  1.813  -8.983 -0.418
-999.0000000  540.000 322.172  1.238  -9.288 -0.196
-999.0000000  515.000 323.830  0.865 -10.201 -0.166
-999.0000000  490.000 325.596  0.638 -11.537 -0.419
-999.0000000  465.000 327.505  0.554 -13.139 -0.913
-999.0000000  440.000 329.617  0.488 -14.372 -1.169
-999.0000000  415.000 331.975  0.440 -14.775 -1.051
-999.0000000  390.000 334.635  0.348 -13.797 -0.831
-999.0000000  365.000 337.426  0.207 -11.406 -0.825
-999.0000000  340.000 339.716  0.133  -8.659 -1.660
-999.0000000  315.000 341.286  0.115  -6.033 -3.349
-999.0000000  290.000 342.576  0.109  -3.529 -4.958
-999.0000000  265.000 343.898  0.108  -1.051 -5.888
-999.0000000  240.000 345.330  0.093   1.524 -5.823
-999.0000000  215.000 346.772  0.077   3.849 -4.690
-999.0000000  190.000 348.401  0.051   5.492 -2.670
-999.0000000  165.000 350.998  0.025   6.144 -0.082
-999.0000000  140.000 355.810  0.011   4.769  1.631
-999.0000000  115.000 367.611  0.007   2.013  1.556
-999.0000000   90.000 394.526  0.006   1.451  0.850
-999.0000000   65.000 442.401  0.003  -2.736  0.465
-999.0000000   40.000 533.078  0.014 -11.244 -0.193
-999.0000000   15.000 721.985  0.069 -19.053 -0.759
273.75  45   1002.61  day,levels,pres0
-999.0000000 1115.000 294.358 13.386  -3.746 -1.553
-999.0000000 1090.000 296.272 13.386  -3.746 -1.553
-999.0000000 1065.000 298.242 13.386  -3.746 -1.553
-999.0000000 1040.000 300.273 13.386  -3.746 -1.553
-999.0000000 1015.000 302.368 13.386  -3.746 -1.553
-999.0000000  990.000 304.530 13.386  -3.746 -1.553
-999.0000000  965.000 304.444 13.202  -4.595 -1.959
-999.0000000  940.000 304.443 13.205  -4.912 -2.175
-999.0000000  915.000 304.605 13.187  -5.197 -2.382
-999.0000000  890.000 304.960 13.079  -5.511 -2.566
-999.0000000  865.000 305.781 12.781  -5.952 -2.650
-999.0000000  840.000 307.107 12.267  -6.280 -2.344
-999.0000000  815.000 308.206 11.675  -6.415 -1.765
-999.0000000  790.000 308.834 10.953  -6.891 -1.358
-999.0000000  765.000 309.503 10.058  -7.578 -0.940
-999.0000000  740.000 310.490  8.926  -8.268 -0.462
-999.0000000  715.000 311.836  7.574  -8.900  0.015
-999.0000000  690.000 313.353  6.290  -9.507  0.280
-999.0000000  665.000 314.989  5.001 -10.020  0.254
-999.0000000  640.000 316.484  4.076 -10.042  0.140
-999.0000000  615.000 317.758  3.588  -9.471 -0.004
-999.0000000  590.000 319.100  2.921  -8.963  0.011
-999.0000000  565.000 320.575  2.054  -8.745  0.207
-999.0000000  540.000 322.158  1.402  -8.969  0.256
-999.0000000  515.000 323.850  0.954  -9.738  0.023
-999.0000000  490.000 325.699  0.690 -10.879 -0.502
-999.0000000  465.000 327.731  0.605 -12.239 -1.213
-999.0000000  440.000 329.979  0.532 -13.210 -1.493
-999.0000000  415.000 332.448  0.470 -13.413 -1.187
-999.0000000  390.000 335.076  0.377 -12.556 -0.786
-999.0000000  365.000 337.679  0.252 -10.627 -0.687
-999.0000000  340.000 339.787  0.176  -8.326 -1.489
-999.0000000  315.000 341.261  0.142  -5.899 -3.190
-999.0000000  290.000 342.538  0.131  -3.191 -4.839
-999.0000000  265.000 343.886  0.130  -0.156 -5.760
-999.0000000  240.000 345.277  0.111   2.893 -5.482
-999.0000000  215.000 346.614  0.086   5.336 -3.986
-999.0000000  190.000 348.242  0.053   6.850 -1.674
-999.0000000  165.000 350.971  0.025   7.129  0.937
-999.0000000  140.000 356.059  0.011   5.349  2.188
-999.0000000  115.000 368.128  0.006   2.407  1.507
-999.0000000   90.000 394.725  0.005   1.576  0.927
-999.0000000   65.000 441.918  0.003  -2.641  0.836
-999.0000000   40.000 532.411  0.014 -11.474 -0.000
-999.0000000   15.000 721.523  0.068 -19.152 -1.065
273.875  45   1001.71  day,levels,pres0
-999.0000000 1115.000 293.501 14.220  -3.343 -0.581
-999.0000000 1090.000 295.409 14.220  -3.343 -0.581
-999.0000000 1065.000 297.374 14.220  -3.343 -0.581
-999.0000000 1040.000 299.399 14.220  -3.343 -0.581
-999.0000000 1015.000 301.488 14.220  -3.343 -0.581
-999.0000000  990.000 303.644 14.220  -3.343 -0.581
-999.0000000  965.000 304.105 13.813  -4.283 -1.161
-999.0000000  940.000 304.314 13.739  -4.566 -1.684
-999.0000000  915.000 304.610 13.599  -4.851 -2.142
-999.0000000  890.000 305.081 13.378  -5.330 -2.494
-999.0000000  865.000 305.921 12.953  -6.012 -2.645
-999.0000000  840.000 307.106 12.274  -6.632 -2.426
-999.0000000  815.000 308.117 11.483  -7.099 -1.962
-999.0000000  790.000 308.858 10.589  -7.751 -1.533
-999.0000000  765.000 309.652  9.626  -8.531 -1.037
-999.0000000  740.000 310.641  8.542  -9.272 -0.464
-999.0000000  715.000 311.848  7.351  -9.899  0.112
-999.0000000  690.000 313.188  6.228 -10.343  0.495
-999.0000000  665.000 314.635  5.127 -10.509  0.600
-999.0000000  640.000 316.034  4.283 -10.249  0.514
-999.0000000  615.000 317.346  3.728  -9.526  0.252
-999.0000000  590.000 318.795  3.069  -8.977  0.081
-999.0000000  565.000 320.436  2.279  -8.836  0.044
-999.0000000  540.000 322.188  1.653  -9.195 -0.108
-999.0000000  515.000 324.035  1.186 -10.117 -0.470
-999.0000000  490.000 326.038  0.875 -11.296 -1.022
-999.0000000  465.000 328.224  0.723 -12.514 -1.661
-999.0000000  440.000 330.610  0.607 -13.186 -1.908
-999.0000000  415.000 333.172  0.524 -12.968 -1.659
-999.0000000  390.000 335.796  0.413 -11.736 -1.370
-999.0000000  365.000 338.286  0.272  -9.560 -1.363
-999.0000000  340.000 340.270  0.188  -7.140 -2.038
-999.0000000  315.000 341.648  0.154  -4.686 -3.299
-999.0000000  290.000 342.840  0.141  -1.905 -4.250
-999.0000000  265.000 344.096  0.137   1.177 -4.392
-999.0000000  240.000 345.393  0.115   3.951 -3.645
-999.0000000  215.000 346.713  0.086   5.852 -2.078
-999.0000000  190.000 348.435  0.052   6.818  0.088
-999.0000000  165.000 351.253  0.025   6.634  2.219
-999.0000000  140.000 356.125  0.011   4.814  2.736
-999.0000000  115.000 367.471  0.006   2.302  1.468
-999.0000000   90.000 393.515  0.006   1.608  0.579
-999.0000000   65.000 441.328  0.003  -2.923  0.415
-999.0000000   40.000 532.566  0.014 -12.094  0.019
-999.0000000   15.000 722.559  0.071 -19.779 -0.710
274.0  45   1004.45  day,levels,pres0
-999.0000000 1115.000 292.648 14.930  -2.938  0.386
-999.0000000 1090.000 294.551 14.930  -2.938  0.386
-999.0000000 1065.000 296.510 14.930  -2.938  0.386
-999.0000000 1040.000 298.529 14.930  -2.938  0.386
-999.0000000 1015.000 300.612 14.930  -2.938  0.386
-999.0000000  990.000 302.761 14.930  -2.938  0.386
-999.0000000  965.000 303.766 14.393  -3.974 -0.372
-999.0000000  940.000 304.185 14.261  -4.221 -1.204
-999.0000000  915.000 304.616 14.011  -4.502 -1.914
-999.0000000  890.000 305.203 13.681  -5.144 -2.431
-999.0000000  865.000 306.064 13.130  -6.064 -2.643
-999.0000000  840.000 307.105 12.282  -6.974 -2.506
-999.0000000  815.000 308.027 11.293  -7.774 -2.156
-999.0000000  790.000 308.883 10.224  -8.606 -1.701
-999.0000000  765.000 309.799  9.181  -9.485 -1.123
-999.0000000  740.000 310.790  8.144 -10.274 -0.454
-999.0000000  715.000 311.858  7.121 -10.890  0.222
-999.0000000  690.000 313.020  6.161 -11.170  0.722
-999.0000000  665.000 314.279  5.243 -10.994  0.953
-999.0000000  640.000 315.581  4.474 -10.452  0.892
-999.0000000  615.000 316.932  3.858  -9.579  0.516
-999.0000000  590.000 318.490  3.211  -8.992  0.162
-999.0000000  565.000 320.298  2.499  -8.932 -0.110
-999.0000000  540.000 322.219  1.906  -9.427 -0.465
-999.0000000  515.000 324.223  1.423 -10.502 -0.958
-999.0000000  490.000 326.381  1.069 -11.715 -1.537
-999.0000000  465.000 328.719  0.848 -12.790 -2.105
-999.0000000  440.000 331.241  0.686 -13.160 -2.321
-999.0000000  415.000 333.896  0.582 -12.520 -2.129
-999.0000000  390.000 336.514  0.450 -10.915 -1.953
-999.0000000  365.000 338.894  0.292  -8.493 -2.040
-999.0000000  340.000 340.753  0.201  -5.956 -2.587
-999.0000000  315.000 342.033  0.166  -3.473 -3.409
-999.0000000  290.000 343.142  0.151  -0.620 -3.661
-999.0000000  265.000 344.305  0.144   2.510 -3.024
-999.0000000  240.000 345.506  0.118   5.007 -1.808
-999.0000000  215.000 346.811  0.085   6.367 -0.170
-999.0000000  190.000 348.626  0.051   6.787  1.850
-999.0000000  165.000 351.534  0.025   6.142  3.501
-999.0000000  140.000 356.190  0.011   4.280  3.284
-999.0000000  115.000 366.813  0.007   2.196  1.430
-999.0000000   90.000 392.305  0.006   1.639  0.231
-999.0000000   65.000 440.739  0.003  -3.205 -0.006
-999.0000000   40.000 532.724  0.014 -12.714  0.038
-999.0000000   15.000 723.595  0.073 -20.406 -0.355
274.125  45   1006.30  day,levels,pres0
-999.0000000 1115.000 291.698 15.259  -3.272  0.370
-999.0000000 1090.000 293.594 15.259  -3.272  0.370
-999.0000000 1065.000 295.547 15.259  -3.272  0.370
-999.0000000 1040.000 297.560 15.259  -3.272  0.370
-999.0000000 1015.000 299.636 15.259  -3.272  0.370
-999.0000000  990.000 301.778 15.259  -3.272  0.370
-999.0000000  965.000 303.348 14.727  -4.463 -0.216
-999.0000000  940.000 304.031 14.485  -4.648 -0.986
-999.0000000  915.000 304.585 14.060  -4.946 -1.646
-999.0000000  890.000 305.190 13.641  -5.561 -2.193
-999.0000000  865.000 305.943 13.107  -6.378 -2.580
-999.0000000  840.000 306.763 12.380  -7.208 -2.769
-999.0000000  815.000 307.507 11.505  -7.970 -2.768
-999.0000000  790.000 308.267 10.512  -8.723 -2.564
-999.0000000  765.000 309.155  9.493  -9.471 -2.123
-999.0000000  740.000 310.181  8.425 -10.139 -1.489
-999.0000000  715.000 311.325  7.343 -10.670 -0.771
-999.0000000  690.000 312.547  6.349 -10.871 -0.133
-999.0000000  665.000 313.830  5.425 -10.623  0.349
-999.0000000  640.000 315.144  4.654 -10.047  0.549
-999.0000000  615.000 316.491  4.047  -9.194  0.410
-999.0000000  590.000 318.042  3.427  -8.655  0.221
-999.0000000  565.000 319.848  2.768  -8.673  0.013
-999.0000000  540.000 321.813  2.150  -9.275 -0.364
-999.0000000  515.000 323.910  1.551 -10.478 -0.971
-999.0000000  490.000 326.126  1.111 -11.789 -1.729
-999.0000000  465.000 328.452  0.835 -12.924 -2.497
-999.0000000  440.000 330.896  0.657 -13.390 -2.748
-999.0000000  415.000 333.419  0.577 -12.895 -2.356
-999.0000000  390.000 335.943  0.472 -11.422 -1.826
-999.0000000  365.000 338.310  0.342  -9.060 -1.459
-999.0000000  340.000 340.217  0.249  -6.412 -1.557
-999.0000000  315.000 341.601  0.190  -3.670 -2.018
-999.0000000  290.000 342.851  0.164  -0.630 -2.089
-999.0000000  265.000 344.190  0.156   2.512 -1.491
-999.0000000  240.000 345.537  0.127   4.894 -0.486
-999.0000000  215.000 346.808  0.091   6.085  0.897
-999.0000000  190.000 348.319  0.053   6.316  2.823
-999.0000000  165.000 350.938  0.024   5.603  4.561
-999.0000000  140.000 355.850  0.011   4.039  4.285
-999.0000000  115.000 367.266  0.006   2.434  1.963
-999.0000000   90.000 393.358  0.006   2.118  0.108
-999.0000000   65.000 441.647  0.003  -2.890 -0.333
-999.0000000   40.000 533.384  0.014 -12.138 -0.406
-999.0000000   15.000 724.143  0.075 -19.681 -0.697
274.25  45   1004.68  day,levels,pres0
-999.0000000 1115.000 290.747 15.493  -3.603  0.353
-999.0000000 1090.000 292.637 15.493  -3.603  0.353
-999.0000000 1065.000 294.584 15.493  -3.603  0.353
-999.0000000 1040.000 296.590 15.493  -3.603  0.353
-999.0000000 1015.000 298.659 15.493  -3.603  0.353
-999.0000000  990.000 300.794 15.493  -3.603  0.353
-999.0000000  965.000 302.929 15.032  -4.945 -0.061
-999.0000000  940.000 303.877 14.700  -5.068 -0.769
-999.0000000  915.000 304.555 14.108  -5.385 -1.381
-999.0000000  890.000 305.178 13.600  -5.974 -1.957
-999.0000000  865.000 305.823 13.084  -6.691 -2.520
-999.0000000  840.000 306.423 12.466  -7.442 -3.032
-999.0000000  815.000 306.985 11.690  -8.168 -3.381
-999.0000000  790.000 307.651 10.762  -8.842 -3.428
-999.0000000  765.000 308.510  9.765  -9.459 -3.123
-999.0000000  740.000 309.572  8.673 -10.005 -2.524
-999.0000000  715.000 310.792  7.543 -10.451 -1.763
-999.0000000  690.000 312.072  6.521 -10.573 -0.987
-999.0000000  665.000 313.381  5.592 -10.251 -0.252
-999.0000000  640.000 314.705  4.821  -9.643  0.208
-999.0000000  615.000 316.050  4.223  -8.810  0.308
-999.0000000  590.000 317.594  3.628  -8.319  0.283
-999.0000000  565.000 319.399  3.020  -8.413  0.137
-999.0000000  540.000 321.409  2.381  -9.121 -0.262
-999.0000000  515.000 323.596  1.673 -10.453 -0.983
-999.0000000  490.000 325.871  1.150 -11.861 -1.921
-999.0000000  465.000 328.186  0.822 -13.057 -2.889
-999.0000000  440.000 330.549  0.628 -13.619 -3.175
-999.0000000  415.000 332.942  0.572 -13.269 -2.583
-999.0000000  390.000 335.374  0.491 -11.929 -1.699
-999.0000000  365.000 337.726  0.387  -9.627 -0.877
-999.0000000  340.000 339.682  0.292  -6.868 -0.526
-999.0000000  315.000 341.168  0.212  -3.867 -0.627
-999.0000000  290.000 342.562  0.177  -0.640 -0.517
-999.0000000  265.000 344.073  0.168   2.514  0.043
-999.0000000  240.000 345.569  0.137   4.780  0.836
-999.0000000  215.000 346.803  0.098   5.804  1.965
-999.0000000  190.000 348.014  0.055   5.846  3.796
-999.0000000  165.000 350.342  0.024   5.065  5.621
-999.0000000  140.000 355.510  0.011   3.798  5.286
-999.0000000  115.000 367.720  0.006   2.672  2.497
-999.0000000   90.000 394.410  0.005   2.597 -0.015
-999.0000000   65.000 442.556  0.003  -2.575 -0.661
-999.0000000   40.000 534.044  0.015 -11.562 -0.851
-999.0000000   15.000 724.694  0.076 -18.957 -1.039
274.375  45   1004.85  day,levels,pres0
-999.0000000 1115.000 290.484 16.271  -3.896  0.104
-999.0000000 1090.000 292.372 16.271  -3.896  0.104
-999.0000000 1065.000 294.316 16.271  -3.896  0.104
-999.0000000 1040.000 296.321 16.271  -3.896  0.104
-999.0000000 1015.000 298.388 16.271  -3.896  0.104
-999.0000000  990.000 300.522 16.271  -3.896  0.104
-999.0000000  965.000 302.296 15.410  -5.740 -0.345
-999.0000000  940.000 303.533 14.527  -6.339 -1.074
-999.0000000  915.000 304.338 13.768  -6.587 -1.722
-999.0000000  890.000 304.993 13.190  -6.872 -2.282
-999.0000000  865.000 305.615 12.646  -7.217 -2.781
-999.0000000  840.000 306.211 12.035  -7.630 -3.186
-999.0000000  815.000 306.840 11.254  -8.147 -3.338
-999.0000000  790.000 307.616 10.279  -8.737 -3.079
-999.0000000  765.000 308.591  9.192  -9.289 -2.454
-999.0000000  740.000 309.787  7.999  -9.727 -1.595
-999.0000000  715.000 311.150  6.793 -10.014 -0.658
-999.0000000  690.000 312.525  5.783  -9.991  0.169
-999.0000000  665.000 313.866  4.983  -9.577  0.805
-999.0000000  640.000 315.218  4.301  -9.036  1.172
-999.0000000  615.000 316.593  3.751  -8.471  1.209
-999.0000000  590.000 318.130  3.193  -8.275  1.097
-999.0000000  565.000 319.875  2.611  -8.630  0.823
-999.0000000  540.000 321.792  2.028  -9.464  0.285
-999.0000000  515.000 323.849  1.417 -10.740 -0.573
-999.0000000  490.000 325.951  1.005 -11.955 -1.617
-999.0000000  465.000 328.046  0.800 -12.861 -2.672
-999.0000000  440.000 330.176  0.665 -13.227 -3.126
-999.0000000  415.000 332.347  0.599 -12.866 -2.761
-999.0000000  390.000 334.603  0.523 -11.717 -1.922
-999.0000000  365.000 336.859  0.436  -9.758 -0.911
-999.0000000  340.000 338.839  0.341  -7.266 -0.349
-999.0000000  315.000 340.442  0.245  -4.410 -0.317
-999.0000000  290.000 341.895  0.199  -1.401 -0.156
-999.0000000  265.000 343.376  0.183   1.446  0.394
-999.0000000  240.000 344.897  0.149   3.502  1.143
-999.0000000  215.000 346.279  0.103   4.381  2.165
-999.0000000  190.000 347.702  0.054   4.198  3.851
-999.0000000  165.000 350.290  0.024   3.202  5.549
-999.0000000  140.000 355.801  0.010   1.750  5.143
-999.0000000  115.000 368.520  0.006   0.809  2.313
-999.0000000   90.000 395.598  0.005   2.037 -0.345
-999.0000000   65.000 443.226  0.003  -2.168 -1.087
-999.0000000   40.000 533.718  0.014 -11.001 -0.806
-999.0000000   15.000 723.134  0.072 -19.086 -0.632
274.5  45   1006.47  day,levels,pres0
-999.0000000 1115.000 290.217 17.012  -4.207 -0.131
-999.0000000 1090.000 292.103 17.012  -4.207 -0.131
-999.0000000 1065.000 294.046 17.012  -4.207 -0.131
-999.0000000 1040.000 296.049 17.012  -4.207 -0.131
-999.0000000 1015.000 298.114 17.012  -4.207 -0.131
-999.0000000  990.000 300.246 17.012  -4.207 -0.131
-999.0000000  965.000 301.658 15.730  -6.554 -0.612
-999.0000000  940.000 303.187 14.350  -7.619 -1.362
-999.0000000  915.000 304.120 13.432  -7.788 -2.051
-999.0000000  890.000 304.808 12.785  -7.765 -2.597
-999.0000000  865.000 305.406 12.214  -7.736 -3.037
-999.0000000  840.000 305.999 11.610  -7.808 -3.341
-999.0000000  815.000 306.696 10.824  -8.114 -3.300
-999.0000000  790.000 307.581  9.797  -8.620 -2.738
-999.0000000  765.000 308.673  8.611  -9.106 -1.793
-999.0000000  740.000 310.000  7.303  -9.436 -0.670
-999.0000000  715.000 311.506  6.003  -9.565  0.449
-999.0000000  690.000 312.978  4.995  -9.399  1.327
-999.0000000  665.000 314.351  4.329  -8.891  1.863
-999.0000000  640.000 315.731  3.740  -8.419  2.136
-999.0000000  615.000 317.136  3.240  -8.124  2.113
-999.0000000  590.000 318.669  2.723  -8.224  1.916
-999.0000000  565.000 320.356  2.174  -8.841  1.519
-999.0000000  540.000 322.178  1.656  -9.805  0.844
-999.0000000  515.000 324.104  1.153 -11.026 -0.152
-999.0000000  490.000 326.032  0.858 -12.048 -1.304
-999.0000000  465.000 327.906  0.778 -12.665 -2.450
-999.0000000  440.000 329.804  0.699 -12.835 -3.074
-999.0000000  415.000 331.753  0.624 -12.463 -2.937
-999.0000000  390.000 333.833  0.550 -11.504 -2.143
-999.0000000  365.000 335.993  0.478  -9.890 -0.942
-999.0000000  340.000 337.996  0.383  -7.665 -0.169
-999.0000000  315.000 339.716  0.274  -4.955 -0.006
-999.0000000  290.000 341.229  0.218  -2.164  0.207
-999.0000000  265.000 342.679  0.195   0.378  0.747
-999.0000000  240.000 344.223  0.161   2.224  1.452
-999.0000000  215.000 345.755  0.108   2.958  2.368
-999.0000000  190.000 347.389  0.053   2.551  3.910
-999.0000000  165.000 350.240  0.024   1.340  5.480
-999.0000000  140.000 356.092  0.010  -0.298  5.004
-999.0000000  115.000 369.321  0.006  -1.054  2.130
-999.0000000   90.000 396.786  0.005   1.476 -0.674
-999.0000000   65.000 443.896  0.003  -1.761 -1.512
-999.0000000   40.000 533.392  0.014 -10.441 -0.760
-999.0000000   15.000 721.573  0.068 -19.215 -0.225
274.625  45   1005.92  day,levels,pres0
-999.0000000 1115.000 291.306 16.013  -3.176 -0.405
-999.0000000 1090.000 293.199 16.013  -3.176 -0.405
-999.0000000 1065.000 295.149 16.013  -3.176 -0.405
-999.0000000 1040.000 297.159 16.013  -3.176 -0.405
-999.0000000 1015.000 299.232 16.013  -3.176 -0.405
-999.0000000  990.000 301.372 16.013  -3.176 -0.405
-999.0000000  965.000 302.370 15.393  -4.595 -0.688
-999.0000000  940.000 303.706 14.950  -5.595 -1.012
-999.0000000  915.000 304.787 14.476  -6.316 -1.369
-999.0000000  890.000 305.681 13.858  -6.782 -1.684
-999.0000000  865.000 306.404 13.077  -6.931 -1.853
-999.0000000  840.000 306.991 12.162  -7.047 -1.888
-999.0000000  815.000 307.622 11.057  -7.384 -1.761
-999.0000000  790.000 308.434  9.754  -7.854 -1.324
-999.0000000  765.000 309.491  8.268  -8.307 -0.625
-999.0000000  740.000 310.745  6.874  -8.598  0.186
-999.0000000  715.000 312.108  5.723  -8.698  0.975
-999.0000000  690.000 313.447  4.836  -8.628  1.578
-999.0000000  665.000 314.711  4.248  -8.379  1.920
-999.0000000  640.000 315.990  3.711  -8.188  2.055
-999.0000000  615.000 317.312  3.232  -8.145  1.959
-999.0000000  590.000 318.844  2.751  -8.359  1.741
-999.0000000  565.000 320.628  2.250  -8.903  1.392
-999.0000000  540.000 322.517  1.791  -9.672  0.879
-999.0000000  515.000 324.450  1.362 -10.615  0.178
-999.0000000  490.000 326.401  1.092 -11.450 -0.623
-999.0000000  465.000 328.345  0.988 -12.043 -1.416
-999.0000000  440.000 330.330  0.878 -12.329 -1.856
-999.0000000  415.000 332.366  0.765 -12.205 -1.788
-999.0000000  390.000 334.504  0.648 -11.554 -1.305
-999.0000000  365.000 336.672  0.528 -10.252 -0.600
-999.0000000  340.000 338.622  0.405  -8.248 -0.257
-999.0000000  315.000 340.242  0.286  -5.639 -0.369
-999.0000000  290.000 341.663  0.217  -2.890 -0.365
-999.0000000  265.000 343.051  0.182  -0.360  0.067
-999.0000000  240.000 344.521  0.144   1.535  1.065
-999.0000000  215.000 345.978  0.095   2.377  2.887
-999.0000000  190.000 347.686  0.048   2.006  5.355
-999.0000000  165.000 350.694  0.022   0.843  6.832
-999.0000000  140.000 356.394  0.010  -0.351  5.324
-999.0000000  115.000 369.059  0.006  -0.295  1.697
-999.0000000   90.000 396.082  0.006   2.558 -0.826
-999.0000000   65.000 443.394  0.003  -1.163 -0.846
-999.0000000   40.000 533.093  0.014 -10.591 -0.028
-999.0000000   15.000 721.454  0.068 -19.710  0.405
274.75  45   1002.52  day,levels,pres0
-999.0000000 1115.000 292.391 14.769  -2.154 -0.670
-999.0000000 1090.000 294.292 14.769  -2.154 -0.670
-999.0000000 1065.000 296.249 14.769  -2.154 -0.670
-999.0000000 1040.000 298.267 14.769  -2.154 -0.670
-999.0000000 1015.000 300.348 14.769  -2.154 -0.670
-999.0000000  990.000 302.495 14.769  -2.154 -0.670
-999.0000000  965.000 303.076 14.970  -2.638 -0.759
-999.0000000  940.000 304.220 15.554  -3.564 -0.660
-999.0000000  915.000 305.450 15.569  -4.835 -0.687
-999.0000000  890.000 306.554 15.000  -5.795 -0.767
-999.0000000  865.000 307.399 13.990  -6.132 -0.661
-999.0000000  840.000 307.982 12.731  -6.297 -0.429
-999.0000000  815.000 308.549 11.276  -6.663 -0.223
-999.0000000  790.000 309.288  9.673  -7.092  0.080
-999.0000000  765.000 310.311  7.862  -7.508  0.530
-999.0000000  740.000 311.489  6.385  -7.755  1.032
-999.0000000  715.000 312.712  5.411  -7.824  1.493
-999.0000000  690.000 313.916  4.662  -7.849  1.821
-999.0000000  665.000 315.071  4.161  -7.857  1.965
-999.0000000  640.000 316.249  3.679  -7.945  1.961
-999.0000000  615.000 317.488  3.223  -8.155  1.795
-999.0000000  590.000 319.022  2.780  -8.484  1.559
-999.0000000  565.000 320.903  2.328  -8.955  1.261
-999.0000000  540.000 322.858  1.931  -9.532  0.912
-999.0000000  515.000 324.797  1.580 -10.201  0.505
-999.0000000  490.000 326.773  1.338 -10.853  0.057
-999.0000000  465.000 328.786  1.209 -11.425 -0.384
-999.0000000  440.000 330.858  1.068 -11.830 -0.640
-999.0000000  415.000 332.983  0.916 -11.954 -0.641
-999.0000000  390.000 335.178  0.754 -11.611 -0.471
-999.0000000  365.000 337.352  0.582 -10.620 -0.262
-999.0000000  340.000 339.251  0.429  -8.836 -0.350
-999.0000000  315.000 340.770  0.298  -6.327 -0.736
-999.0000000  290.000 342.100  0.216  -3.619 -0.941
-999.0000000  265.000 343.426  0.169  -1.101 -0.617
-999.0000000  240.000 344.819  0.128   0.845  0.672
-999.0000000  215.000 346.201  0.082   1.795  3.401
-999.0000000  190.000 347.982  0.042   1.460  6.797
-999.0000000  165.000 351.147  0.021   0.346  8.182
-999.0000000  140.000 356.693  0.010  -0.405  5.643
-999.0000000  115.000 368.796  0.006   0.464  1.263
-999.0000000   90.000 395.378  0.006   3.639 -0.978
-999.0000000   65.000 442.892  0.003  -0.565 -0.180
-999.0000000   40.000 532.797  0.014 -10.741  0.705
-999.0000000   15.000 721.334  0.067 -20.205  1.036
274.875  45   1001.81  day,levels,pres0
-999.0000000 1115.000 291.694 15.205  -2.087  0.272
-999.0000000 1090.000 293.590 15.205  -2.087  0.272
-999.0000000 1065.000 295.543 15.205  -2.087  0.272
-999.0000000 1040.000 297.556 15.205  -2.087  0.272
-999.0000000 1015.000 299.632 15.205  -2.087  0.272
-999.0000000  990.000 301.774 15.205  -2.087  0.272
-999.0000000  965.000 302.643 15.316  -3.003  0.197
-999.0000000  940.000 303.826 15.877  -4.035  0.093
-999.0000000  915.000 304.991 15.977  -5.156 -0.128
-999.0000000  890.000 305.951 15.406  -5.925 -0.310
-999.0000000  865.000 306.757 14.323  -6.239 -0.279
-999.0000000  840.000 307.423 12.942  -6.506 -0.131
-999.0000000  815.000 308.131 11.316  -6.958  0.070
-999.0000000  790.000 309.013  9.569  -7.487  0.397
-999.0000000  765.000 310.102  7.806  -7.989  0.829
-999.0000000  740.000 311.318  6.407  -8.301  1.243
-999.0000000  715.000 312.587  5.449  -8.408  1.568
-999.0000000  690.000 313.826  4.704  -8.432  1.780
-999.0000000  665.000 315.000  4.199  -8.391  1.845
-999.0000000  640.000 316.251  3.699  -8.431  1.796
-999.0000000  615.000 317.632  3.205  -8.607  1.625
-999.0000000  590.000 319.283  2.746  -8.916  1.419
-999.0000000  565.000 321.233  2.298  -9.382  1.186
-999.0000000  540.000 323.220  1.908  -9.961  0.886
-999.0000000  515.000 325.155  1.571 -10.632  0.492
-999.0000000  490.000 327.098  1.324 -11.252 -0.015
-999.0000000  465.000 329.059  1.173 -11.726 -0.588
-999.0000000  440.000 331.111  1.018 -11.910 -0.958
-999.0000000  415.000 333.265  0.860 -11.654 -1.032
-999.0000000  390.000 335.510  0.698 -10.792 -0.942
-999.0000000  365.000 337.734  0.529  -9.222 -0.813
-999.0000000  340.000 339.640  0.386  -7.053 -0.895
-999.0000000  315.000 341.126  0.270  -4.503 -1.096
-999.0000000  290.000 342.437  0.200  -2.134 -0.800
-999.0000000  265.000 343.779  0.160  -0.299  0.372
-999.0000000  240.000 345.241  0.121   0.790  2.670
-999.0000000  215.000 346.834  0.078   0.923  6.060
-999.0000000  190.000 348.890  0.044   0.065  9.225
-999.0000000  165.000 352.041  0.023  -1.058  9.804
-999.0000000  140.000 357.099  0.010  -1.350  6.749
-999.0000000  115.000 368.390  0.006  -0.022  2.204
-999.0000000   90.000 394.116  0.006   3.200 -0.310
-999.0000000   65.000 441.560  0.003  -0.936 -0.124
-999.0000000   40.000 532.331  0.013 -11.565  0.739
-999.0000000   15.000 722.005  0.069 -21.081  1.075
275.0  45   1004.26  day,levels,pres0
-999.0000000 1115.000 290.997 15.575  -2.020  1.221
-999.0000000 1090.000 292.889 15.575  -2.020  1.221
-999.0000000 1065.000 294.837 15.575  -2.020  1.221
-999.0000000 1040.000 296.845 15.575  -2.020  1.221
-999.0000000 1015.000 298.916 15.575  -2.020  1.221
-999.0000000  990.000 301.053 15.575  -2.020  1.221
-999.0000000  965.000 302.210 15.632  -3.367  1.153
-999.0000000  940.000 303.431 16.172  -4.502  0.839
-999.0000000  915.000 304.533 16.346  -5.474  0.427
-999.0000000  890.000 305.348 15.758  -6.053  0.153
-999.0000000  865.000 306.115 14.604  -6.350  0.117
-999.0000000  840.000 306.862 13.120  -6.719  0.175
-999.0000000  815.000 307.713 11.344  -7.258  0.360
-999.0000000  790.000 308.739  9.462  -7.884  0.705
-999.0000000  765.000 309.892  7.748  -8.473  1.118
-999.0000000  740.000 311.148  6.426  -8.849  1.447
-999.0000000  715.000 312.464  5.485  -8.995  1.640
-999.0000000  690.000 313.735  4.745  -9.016  1.737
-999.0000000  665.000 314.929  4.236  -8.926  1.725
-999.0000000  640.000 316.252  3.718  -8.918  1.632
-999.0000000  615.000 317.775  3.186  -9.060  1.457
-999.0000000  590.000 319.546  2.710  -9.349  1.283
-999.0000000  565.000 321.562  2.266  -9.809  1.113
-999.0000000  540.000 323.583  1.882 -10.392  0.865
-999.0000000  515.000 325.514  1.560 -11.065  0.483
-999.0000000  490.000 327.423  1.308 -11.654 -0.084
-999.0000000  465.000 329.332  1.135 -12.029 -0.791
-999.0000000  440.000 331.365  0.965 -11.990 -1.276
-999.0000000  415.000 333.547  0.801 -11.354 -1.423
-999.0000000  390.000 335.843  0.638  -9.973 -1.413
-999.0000000  365.000 338.115  0.472  -7.824 -1.363
-999.0000000  340.000 340.031  0.340  -5.272 -1.440
-999.0000000  315.000 341.485  0.241  -2.681 -1.455
-999.0000000  290.000 342.777  0.182  -0.650 -0.659
-999.0000000  265.000 344.134  0.151   0.502  1.362
-999.0000000  240.000 345.667  0.114   0.735  4.669
-999.0000000  215.000 347.470  0.074   0.050  8.719
-999.0000000  190.000 349.799  0.045  -1.330 11.654
-999.0000000  165.000 352.936  0.024  -2.462 11.426
-999.0000000  140.000 357.505  0.010  -2.296  7.856
-999.0000000  115.000 367.982  0.007  -0.508  3.146
-999.0000000   90.000 392.857  0.007   2.761  0.358
-999.0000000   65.000 440.228  0.003  -1.306 -0.069
-999.0000000   40.000 531.864  0.013 -12.388  0.773
-999.0000000   15.000 722.675  0.071 -21.958  1.115
275.125  45   1005.85  day,levels,pres0
-999.0000000 1115.000 289.857 15.555  -1.931  1.822
-999.0000000 1090.000 291.742 15.555  -1.931  1.822
-999.0000000 1065.000 293.682 15.555  -1.931  1.822
-999.0000000 1040.000 295.682 15.555  -1.931  1.822
-999.0000000 1015.000 297.745 15.555  -1.931  1.822
-999.0000000  990.000 299.874 15.555  -1.931  1.822
-999.0000000  965.000 301.275 15.065  -3.266  1.823
-999.0000000  940.000 302.873 15.541  -4.352  1.007
-999.0000000  915.000 304.392 16.058  -5.162 -0.022
-999.0000000  890.000 305.292 15.871  -5.577 -0.843
-999.0000000  865.000 305.990 14.903  -5.769 -1.332
-999.0000000  840.000 306.654 13.440  -6.039 -1.547
-999.0000000  815.000 307.393 11.815  -6.473 -1.479
-999.0000000  790.000 308.307 10.164  -7.008 -1.122
-999.0000000  765.000 309.375  8.642  -7.551 -0.561
-999.0000000  740.000 310.553  7.385  -7.962  0.071
-999.0000000  715.000 311.791  6.395  -8.211  0.678
-999.0000000  690.000 312.980  5.578  -8.348  1.189
-999.0000000  665.000 314.088  4.953  -8.371  1.564
-999.0000000  640.000 315.310  4.357  -8.443  1.804
-999.0000000  615.000 316.723  3.792  -8.618  1.884
-999.0000000  590.000 318.441  3.285  -8.915  1.887
-999.0000000  565.000 320.495  2.808  -9.358  1.803
-999.0000000  540.000 322.615  2.372  -9.884  1.585
-999.0000000  515.000 324.705  1.967 -10.458  1.181
-999.0000000  490.000 326.777  1.600 -10.935  0.553
-999.0000000  465.000 328.817  1.274 -11.209 -0.274
-999.0000000  440.000 330.904  1.002 -11.135 -1.010
-999.0000000  415.000 333.051  0.784 -10.580 -1.518
-999.0000000  390.000 335.275  0.616  -9.460 -1.766
-999.0000000  365.000 337.492  0.492  -7.746 -1.755
-999.0000000  340.000 339.482  0.383  -5.651 -1.620
-999.0000000  315.000 341.154  0.289  -3.424 -1.229
-999.0000000  290.000 342.689  0.217  -1.541 -0.077
-999.0000000  265.000 344.238  0.163  -0.309  2.154
-999.0000000  240.000 345.868  0.117   0.085  5.598
-999.0000000  215.000 347.543  0.077  -0.371  9.773
-999.0000000  190.000 349.404  0.046  -1.264 12.873
-999.0000000  165.000 351.980  0.025  -1.891 12.746
-999.0000000  140.000 356.423  0.011  -1.792  8.975
-999.0000000  115.000 367.529  0.007  -0.279  3.869
-999.0000000   90.000 393.625  0.007   3.195  0.663
-999.0000000   65.000 441.833  0.003  -0.815  0.052
-999.0000000   40.000 533.108  0.014 -11.465  0.776
-999.0000000   15.000 723.313  0.072 -21.139  1.143
275.25  45   1005.49  day,levels,pres0
-999.0000000 1115.000 288.716 15.454  -1.844  2.424
-999.0000000 1090.000 290.593 15.454  -1.844  2.424
-999.0000000 1065.000 292.526 15.454  -1.844  2.424
-999.0000000 1040.000 294.518 15.454  -1.844  2.424
-999.0000000 1015.000 296.573 15.454  -1.844  2.424
-999.0000000  990.000 298.693 15.454  -1.844  2.424
-999.0000000  965.000 300.341 14.506  -3.168  2.488
-999.0000000  940.000 302.315 14.929  -4.204  1.172
-999.0000000  915.000 304.250 15.768  -4.853 -0.468
-999.0000000  890.000 305.236 15.979  -5.106 -1.834
-999.0000000  865.000 305.865 15.190  -5.198 -2.782
-999.0000000  840.000 306.445 13.743  -5.371 -3.276
-999.0000000  815.000 307.074 12.258  -5.696 -3.325
-999.0000000  790.000 307.876 10.816  -6.136 -2.955
-999.0000000  765.000 308.858  9.466  -6.626 -2.246
-999.0000000  740.000 309.958  8.262  -7.069 -1.308
-999.0000000  715.000 311.118  7.218  -7.420 -0.285
-999.0000000  690.000 312.225  6.320  -7.669  0.642
-999.0000000  665.000 313.246  5.583  -7.806  1.405
-999.0000000  640.000 314.368  4.908  -7.958  1.978
-999.0000000  615.000 315.671  4.305  -8.166  2.315
-999.0000000  590.000 317.338  3.768  -8.473  2.495
-999.0000000  565.000 319.427  3.267  -8.898  2.498
-999.0000000  540.000 321.647  2.795  -9.368  2.310
-999.0000000  515.000 323.897  2.329  -9.843  1.883
-999.0000000  490.000 326.131  1.865 -10.209  1.191
-999.0000000  465.000 328.303  1.404 -10.384  0.239
-999.0000000  440.000 330.445  1.037 -10.278 -0.748
-999.0000000  415.000 332.555  0.768  -9.807 -1.617
-999.0000000  390.000 334.705  0.596  -8.948 -2.122
-999.0000000  365.000 336.871  0.509  -7.669 -2.150
-999.0000000  340.000 338.934  0.422  -6.031 -1.802
-999.0000000  315.000 340.824  0.336  -4.167 -1.004
-999.0000000  290.000 342.600  0.252  -2.433  0.505
-999.0000000  265.000 344.342  0.176  -1.120  2.944
-999.0000000  240.000 346.071  0.121  -0.565  6.526
-999.0000000  215.000 347.618  0.080  -0.794 10.826
-999.0000000  190.000 349.010  0.048  -1.198 14.092
-999.0000000  165.000 351.023  0.025  -1.320 14.067
-999.0000000  140.000 355.343  0.011  -1.289 10.094
-999.0000000  115.000 367.074  0.007  -0.050  4.592
-999.0000000   90.000 394.393  0.007   3.629  0.968
-999.0000000   65.000 443.436  0.003  -0.324  0.172
-999.0000000   40.000 534.352  0.015 -10.542  0.778
-999.0000000   15.000 723.950  0.074 -20.320  1.170
275.375  45   1005.72  day,levels,pres0
-999.0000000 1115.000 288.211 15.498  -0.691  1.048
-999.0000000 1090.000 290.085 15.498  -0.691  1.048
-999.0000000 1065.000 292.014 15.498  -0.691  1.048
-999.0000000 1040.000 294.003 15.498  -0.691  1.048
-999.0000000 1015.000 296.054 15.498  -0.691  1.048
-999.0000000  990.000 298.171 15.498  -0.691  1.048
-999.0000000  965.000 299.792 14.463  -2.028  0.714
-999.0000000  940.000 301.764 14.954  -3.474 -0.410
-999.0000000  915.000 303.616 15.556  -4.620 -1.721
-999.0000000  890.000 304.645 15.520  -5.300 -2.812
-999.0000000  865.000 305.383 14.627  -5.627 -3.515
-999.0000000  840.000 306.049 13.289  -5.817 -3.748
-999.0000000  815.000 306.755 11.975  -6.032 -3.493
-999.0000000  790.000 307.635 10.626  -6.328 -2.830
-999.0000000  765.000 308.662  9.339  -6.671 -1.892
-999.0000000  740.000 309.777  8.198  -6.977 -0.782
-999.0000000  715.000 310.930  7.217  -7.207  0.382
-999.0000000  690.000 312.033  6.336  -7.348  1.434
-999.0000000  665.000 313.062  5.565  -7.399  2.296
-999.0000000  640.000 314.239  4.845  -7.523  2.895
-999.0000000  615.000 315.655  4.177  -7.775  3.158
-999.0000000  590.000 317.412  3.610  -8.134  3.184
-999.0000000  565.000 319.546  3.115  -8.605  2.963
-999.0000000  540.000 321.800  2.659  -9.111  2.590
-999.0000000  515.000 324.073  2.224  -9.608  2.060
-999.0000000  490.000 326.306  1.778  -9.978  1.362
-999.0000000  465.000 328.451  1.322 -10.137  0.510
-999.0000000  440.000 330.569  0.966 -10.021 -0.315
-999.0000000  415.000 332.662  0.711  -9.565 -0.964
-999.0000000  390.000 334.784  0.555  -8.776 -1.191
-999.0000000  365.000 336.907  0.487  -7.630 -0.894
-999.0000000  340.000 338.946  0.413  -6.160 -0.228
-999.0000000  315.000 340.843  0.339  -4.482  0.809
-999.0000000  290.000 342.626  0.259  -2.934  2.361
-999.0000000  265.000 344.358  0.183  -1.779  4.561
-999.0000000  240.000 346.053  0.125  -1.193  7.586
-999.0000000  215.000 347.529  0.079  -0.962 11.161
-999.0000000  190.000 348.806  0.047  -0.818 13.847
-999.0000000  165.000 350.789  0.025  -1.020 13.481
-999.0000000  140.000 355.357  0.011  -1.282  9.353
-999.0000000  115.000 367.549  0.007   0.060  4.149
-999.0000000   90.000 395.125  0.007   3.654  1.216
-999.0000000   65.000 443.765  0.003  -0.491  0.811
-999.0000000   40.000 533.996  0.015 -11.207  0.933
-999.0000000   15.000 722.818  0.071 -20.904  0.850
275.5  45   1007.35  day,levels,pres0
-999.0000000 1115.000 287.704 15.519   0.436 -0.323
-999.0000000 1090.000 289.575 15.519   0.436 -0.323
-999.0000000 1065.000 291.501 15.519   0.436 -0.323
-999.0000000 1040.000 293.486 15.519   0.436 -0.323
-999.0000000 1015.000 295.533 15.519   0.436 -0.323
-999.0000000  990.000 297.646 15.519   0.436 -0.323
-999.0000000  965.000 299.243 14.401  -0.912 -1.054
-999.0000000  940.000 301.214 14.956  -2.770 -1.982
-999.0000000  915.000 302.981 15.328  -4.397 -2.959
-999.0000000  890.000 304.055 15.064  -5.489 -3.777
-999.0000000  865.000 304.903 14.076  -6.050 -4.246
-999.0000000  840.000 305.654 12.844  -6.259 -4.230
-999.0000000  815.000 306.436 11.695  -6.361 -3.669
-999.0000000  790.000 307.393 10.436  -6.504 -2.711
-999.0000000  765.000 308.466  9.209  -6.696 -1.536
-999.0000000  740.000 309.595  8.129  -6.863 -0.249
-999.0000000  715.000 310.741  7.211  -6.970  1.056
-999.0000000  690.000 311.839  6.346  -7.001  2.231
-999.0000000  665.000 312.877  5.542  -6.962  3.188
-999.0000000  640.000 314.111  4.778  -7.056  3.809
-999.0000000  615.000 315.640  4.044  -7.349  3.994
-999.0000000  590.000 317.488  3.446  -7.758  3.865
-999.0000000  565.000 319.666  2.956  -8.272  3.419
-999.0000000  540.000 321.953  2.516  -8.814  2.862
-999.0000000  515.000 324.249  2.111  -9.337  2.235
-999.0000000  490.000 326.482  1.684  -9.715  1.534
-999.0000000  465.000 328.599  1.237  -9.866  0.784
-999.0000000  440.000 330.692  0.892  -9.747  0.123
-999.0000000  415.000 332.768  0.653  -9.311 -0.307
-999.0000000  390.000 334.863  0.514  -8.595 -0.255
-999.0000000  365.000 336.945  0.464  -7.587  0.367
-999.0000000  340.000 338.961  0.405  -6.286  1.349
-999.0000000  315.000 340.861  0.342  -4.792  2.625
-999.0000000  290.000 342.652  0.266  -3.431  4.219
-999.0000000  265.000 344.374  0.190  -2.434  6.179
-999.0000000  240.000 346.033  0.128  -1.818  8.647
-999.0000000  215.000 347.441  0.079  -1.129 11.498
-999.0000000  190.000 348.599  0.047  -0.439 13.604
-999.0000000  165.000 350.551  0.025  -0.718 12.896
-999.0000000  140.000 355.373  0.011  -1.274  8.614
-999.0000000  115.000 368.024  0.007   0.170  3.706
-999.0000000   90.000 395.857  0.007   3.678  1.464
-999.0000000   65.000 444.095  0.003  -0.657  1.449
-999.0000000   40.000 533.640  0.014 -11.872  1.087
-999.0000000   15.000 721.683  0.068 -21.487  0.529
275.625  45   1007.08  day,levels,pres0
-999.0000000 1115.000 289.198 16.127  -0.047  0.272
-999.0000000 1090.000 291.078 16.127  -0.047  0.272
-999.0000000 1065.000 293.014 16.127  -0.047  0.272
-999.0000000 1040.000 295.010 16.127  -0.047  0.272
-999.0000000 1015.000 297.068 16.127  -0.047  0.272
-999.0000000  990.000 299.192 16.127  -0.047  0.272
-999.0000000  965.000 300.006 15.192  -0.814  0.111
-999.0000000  940.000 301.147 15.248  -1.865 -0.229
-999.0000000  915.000 302.426 15.230  -2.923 -0.815
-999.0000000  890.000 303.721 14.678  -3.857 -1.561
-999.0000000  865.000 304.963 13.502  -4.631 -2.080
-999.0000000  840.000 305.920 12.212  -5.140 -2.076
-999.0000000  815.000 306.900 11.038  -5.406 -1.496
-999.0000000  790.000 308.017  9.830  -5.687 -0.616
-999.0000000  765.000 309.207  8.687  -6.053  0.373
-999.0000000  740.000 310.406  7.666  -6.470  1.318
-999.0000000  715.000 311.593  6.775  -6.885  2.143
-999.0000000  690.000 312.746  5.942  -7.240  2.773
-999.0000000  665.000 313.851  5.177  -7.520  3.131
-999.0000000  640.000 315.119  4.463  -7.803  3.225
-999.0000000  615.000 316.636  3.792  -8.102  3.010
-999.0000000  590.000 318.462  3.265  -8.377  2.643
-999.0000000  565.000 320.615  2.867  -8.617  2.155
-999.0000000  540.000 322.835  2.496  -8.838  1.670
-999.0000000  515.000 325.022  2.142  -9.030  1.211
-999.0000000  490.000 327.166  1.751  -9.138  0.705
-999.0000000  465.000 329.240  1.324  -9.129  0.151
-999.0000000  440.000 331.307  0.989  -9.005 -0.324
-999.0000000  415.000 333.360  0.747  -8.731 -0.589
-999.0000000  390.000 335.415  0.619  -8.248 -0.402
-999.0000000  365.000 337.435  0.590  -7.481  0.337
-999.0000000  340.000 339.375  0.535  -6.356  1.478
-999.0000000  315.000 341.201  0.460  -4.939  2.951
-999.0000000  290.000 342.968  0.360  -3.570  4.683
-999.0000000  265.000 344.716  0.253  -2.490  6.655
-999.0000000  240.000 346.376  0.161  -1.703  8.936
-999.0000000  215.000 347.699  0.092  -0.849 11.394
-999.0000000  190.000 348.756  0.051  -0.207 13.215
-999.0000000  165.000 350.719  0.025  -0.464 12.672
-999.0000000  140.000 355.741  0.010  -0.587  8.845
-999.0000000  115.000 368.546  0.006   1.079  4.306
-999.0000000   90.000 395.720  0.006   4.275  1.899
-999.0000000   65.000 443.067  0.003  -0.065  1.717
-999.0000000   40.000 532.709  0.014 -11.383  0.667
-999.0000000   15.000 721.421  0.068 -20.800 -0.037
275.75  45   1003.29  day,levels,pres0
-999.0000000 1115.000 290.693 16.684  -0.548  0.869
-999.0000000 1090.000 292.583 16.684  -0.548  0.869
-999.0000000 1065.000 294.529 16.684  -0.548  0.869
-999.0000000 1040.000 296.534 16.684  -0.548  0.869
-999.0000000 1015.000 298.603 16.684  -0.548  0.869
-999.0000000  990.000 300.738 16.684  -0.548  0.869
-999.0000000  965.000 300.773 16.022  -0.739  1.296
-999.0000000  940.000 301.084 15.544  -0.988  1.551
-999.0000000  915.000 301.876 15.127  -1.460  1.357
-999.0000000  890.000 303.390 14.306  -2.222  0.677
-999.0000000  865.000 305.027 12.927  -3.199  0.100
-999.0000000  840.000 306.186 11.558  -4.004  0.087
-999.0000000  815.000 307.366 10.334  -4.433  0.679
-999.0000000  790.000 308.641  9.160  -4.849  1.479
-999.0000000  765.000 309.948  8.094  -5.392  2.283
-999.0000000  740.000 311.218  7.132  -6.064  2.888
-999.0000000  715.000 312.446  6.267  -6.792  3.233
-999.0000000  690.000 313.652  5.467  -7.472  3.315
-999.0000000  665.000 314.824  4.741  -8.064  3.072
-999.0000000  640.000 316.126  4.081  -8.531  2.633
-999.0000000  615.000 317.629  3.485  -8.829  2.011
-999.0000000  590.000 319.436  3.043  -8.967  1.403
-999.0000000  565.000 321.562  2.750  -8.933  0.871
-999.0000000  540.000 323.718  2.462  -8.835  0.461
-999.0000000  515.000 325.794  2.166  -8.699  0.176
-999.0000000  490.000 327.850  1.817  -8.538 -0.130
-999.0000000  465.000 329.881  1.413  -8.369 -0.483
-999.0000000  440.000 331.920  1.090  -8.242 -0.770
-999.0000000  415.000 333.950  0.845  -8.134 -0.869
-999.0000000  390.000 335.966  0.729  -7.888 -0.548
-999.0000000  365.000 337.926  0.722  -7.369  0.308
-999.0000000  340.000 339.788  0.670  -6.423  1.608
-999.0000000  315.000 341.544  0.584  -5.082  3.277
-999.0000000  290.000 343.281  0.458  -3.704  5.146
-999.0000000  265.000 345.054  0.318  -2.542  7.128
-999.0000000  240.000 346.714  0.195  -1.586  9.225
-999.0000000  215.000 347.953  0.105  -0.566 11.290
-999.0000000  190.000 348.914  0.055   0.028 12.826
-999.0000000  165.000 350.884  0.024  -0.206 12.447
-999.0000000  140.000 356.111  0.010   0.103  9.077
-999.0000000  115.000 369.067  0.006   1.987  4.906
-999.0000000   90.000 395.584  0.005   4.872  2.334
-999.0000000   65.000 442.040  0.003   0.527  1.984
-999.0000000   40.000 531.779  0.013 -10.894  0.247
-999.0000000   15.000 721.155  0.067 -20.113 -0.604
275.875  45   1001.75  day,levels,pres0
-999.0000000 1115.000 290.597 16.762  -0.507  1.348
-999.0000000 1090.000 292.486 16.762  -0.507  1.348
-999.0000000 1065.000 294.431 16.762  -0.507  1.348
-999.0000000 1040.000 296.436 16.762  -0.507  1.348
-999.0000000 1015.000 298.505 16.762  -0.507  1.348
-999.0000000  990.000 300.639 16.762  -0.507  1.348
-999.0000000  965.000 300.926 16.082  -0.885  1.671
-999.0000000  940.000 301.396 15.580  -1.306  1.732
-999.0000000  915.000 302.362 14.966  -1.941  1.430
-999.0000000  890.000 303.808 13.876  -2.802  0.866
-999.0000000  865.000 305.282 12.449  -3.782  0.412
-999.0000000  840.000 306.467 11.176  -4.645  0.337
-999.0000000  815.000 307.667 10.025  -5.299  0.656
-999.0000000  790.000 308.905  8.937  -5.949  1.111
-999.0000000  765.000 310.181  7.912  -6.665  1.580
-999.0000000  740.000 311.454  6.960  -7.439  1.950
-999.0000000  715.000 312.719  6.095  -8.223  2.179
-999.0000000  690.000 313.952  5.318  -8.934  2.215
-999.0000000  665.000 315.129  4.638  -9.521  2.005
-999.0000000  640.000 316.408  4.007  -9.913  1.658
-999.0000000  615.000 317.847  3.423 -10.051  1.202
-999.0000000  590.000 319.551  2.968 -10.008  0.858
-999.0000000  565.000 321.546  2.633  -9.779  0.700
-999.0000000  540.000 323.610  2.317  -9.479  0.667
-999.0000000  515.000 325.666  2.009  -9.136  0.726
-999.0000000  490.000 327.742  1.681  -8.798  0.700
-999.0000000  465.000 329.824  1.330  -8.496  0.544
-999.0000000  440.000 331.918  1.053  -8.274  0.371
-999.0000000  415.000 333.994  0.849  -8.099  0.297
-999.0000000  390.000 336.026  0.750  -7.759  0.560
-999.0000000  365.000 337.964  0.741  -7.118  1.282
-999.0000000  340.000 339.779  0.691  -6.089  2.417
-999.0000000  315.000 341.460  0.611  -4.739  3.888
-999.0000000  290.000 343.112  0.483  -3.442  5.470
-999.0000000  265.000 344.801  0.340  -2.410  7.058
-999.0000000  240.000 346.430  0.213  -1.597  8.716
-999.0000000  215.000 347.770  0.115  -0.926 10.445
-999.0000000  190.000 349.097  0.058  -0.849 11.787
-999.0000000  165.000 351.596  0.026  -1.085 11.275
-999.0000000  140.000 356.946  0.010  -0.125  8.100
-999.0000000  115.000 369.089  0.006   2.153  4.451
-999.0000000   90.000 394.355  0.005   4.643  2.339
-999.0000000   65.000 440.785  0.004  -0.291  1.910
-999.0000000   40.000 531.427  0.013 -11.680  0.926
-999.0000000   15.000 722.171  0.070 -20.726  0.452
276.0  45   1003.92  day,levels,pres0
-999.0000000 1115.000 290.501 16.831  -0.469  1.830
-999.0000000 1090.000 292.389 16.831  -0.469  1.830
-999.0000000 1065.000 294.334 16.831  -0.469  1.830
-999.0000000 1040.000 296.339 16.831  -0.469  1.830
-999.0000000 1015.000 298.406 16.831  -0.469  1.830
-999.0000000  990.000 300.540 16.831  -0.469  1.830
-999.0000000  965.000 301.077 16.135  -1.038  2.044
-999.0000000  940.000 301.708 15.608  -1.628  1.908
-999.0000000  915.000 302.849 14.779  -2.427  1.503
-999.0000000  890.000 304.228 13.413  -3.395  1.054
-999.0000000  865.000 305.539 11.950  -4.380  0.723
-999.0000000  840.000 306.749 10.774  -5.300  0.587
-999.0000000  815.000 307.968  9.699  -6.179  0.634
-999.0000000  790.000 309.171  8.702  -7.060  0.747
-999.0000000  765.000 310.413  7.721  -7.948  0.883
-999.0000000  740.000 311.690  6.780  -8.823  1.022
-999.0000000  715.000 312.991  5.913  -9.666  1.137
-999.0000000  690.000 314.251  5.159 -10.408  1.129
-999.0000000  665.000 315.434  4.529 -10.990  0.955
-999.0000000  640.000 316.688  3.929 -11.306  0.702
-999.0000000  615.000 318.061  3.358 -11.285  0.413
-999.0000000  590.000 319.665  2.890 -11.057  0.334
-999.0000000  565.000 321.528  2.515 -10.633  0.547
-999.0000000  540.000 323.503  2.173 -10.126  0.889
-999.0000000  515.000 325.537  1.854  -9.575  1.288
-999.0000000  490.000 327.632  1.546  -9.058  1.539
-999.0000000  465.000 329.766  1.247  -8.620  1.575
-999.0000000  440.000 331.916  1.016  -8.303  1.517
-999.0000000  415.000 334.037  0.852  -8.061  1.468
-999.0000000  390.000 336.087  0.771  -7.628  1.673
-999.0000000  365.000 338.006  0.760  -6.865  2.261
-999.0000000  340.000 339.771  0.713  -5.751  3.231
-999.0000000  315.000 341.379  0.637  -4.394  4.502
-999.0000000  290.000 342.944  0.508  -3.177  5.795
-999.0000000  265.000 344.551  0.361  -2.276  6.990
-999.0000000  240.000 346.148  0.231  -1.607  8.209
-999.0000000  215.000 347.587  0.125  -1.285  9.602
-999.0000000  190.000 349.277  0.061  -1.726 10.749
-999.0000000  165.000 352.305  0.027  -1.964 10.103
-999.0000000  140.000 357.783  0.010  -0.352  7.123
-999.0000000  115.000 369.113  0.006   2.320  3.996
-999.0000000   90.000 393.125  0.005   4.414  2.344
-999.0000000   65.000 439.531  0.004  -1.109  1.835
-999.0000000   40.000 531.074  0.013 -12.466  1.604
-999.0000000   15.000 723.190  0.072 -21.339  1.508
276.125  45   1005.73  day,levels,pres0
-999.0000000 1115.000 290.057 16.538  -0.676  2.157
-999.0000000 1090.000 291.943 16.538  -0.676  2.157
-999.0000000 1065.000 293.884 16.538  -0.676  2.157
-999.0000000 1040.000 295.886 16.538  -0.676  2.157
-999.0000000 1015.000 297.950 16.538  -0.676  2.157
-999.0000000  990.000 300.080 16.538  -0.676  2.157
-999.0000000  965.000 301.272 15.767  -1.631  2.578
-999.0000000  940.000 302.220 15.334  -2.578  2.209
-999.0000000  915.000 303.305 14.581  -3.560  1.532
-999.0000000  890.000 304.416 13.395  -4.571  0.779
-999.0000000  865.000 305.445 12.179  -5.541  0.097
-999.0000000  840.000 306.433 11.172  -6.428 -0.441
-999.0000000  815.000 307.522 10.198  -7.270 -0.806
-999.0000000  790.000 308.699  9.256  -8.110 -0.986
-999.0000000  765.000 309.928  8.361  -8.944 -0.944
-999.0000000  740.000 311.155  7.537  -9.724 -0.679
-999.0000000  715.000 312.374  6.790 -10.424 -0.276
-999.0000000  690.000 313.588  6.065 -10.980  0.137
-999.0000000  665.000 314.785  5.362 -11.324  0.519
-999.0000000  640.000 316.076  4.675 -11.392  0.736
-999.0000000  615.000 317.504  3.998 -11.128  0.744
-999.0000000  590.000 319.168  3.436 -10.737  0.712
-999.0000000  565.000 321.100  2.979 -10.248  0.695
-999.0000000  540.000 323.167  2.542  -9.686  0.772
-999.0000000  515.000 325.316  2.108  -9.054  0.966
-999.0000000  490.000 327.505  1.683  -8.397  1.178
-999.0000000  465.000 329.686  1.262  -7.755  1.377
-999.0000000  440.000 331.835  0.969  -7.239  1.568
-999.0000000  415.000 333.905  0.803  -6.848  1.780
-999.0000000  390.000 335.891  0.732  -6.379  2.104
-999.0000000  365.000 337.750  0.741  -5.740  2.603
-999.0000000  340.000 339.469  0.714  -4.927  3.310
-999.0000000  315.000 341.051  0.658  -4.043  4.226
-999.0000000  290.000 342.613  0.528  -3.405  5.270
-999.0000000  265.000 344.240  0.369  -3.111  6.410
-999.0000000  240.000 345.880  0.233  -2.900  7.644
-999.0000000  215.000 347.394  0.125  -2.601  8.864
-999.0000000  190.000 349.140  0.061  -2.417  9.629
-999.0000000  165.000 352.104  0.027  -1.480  8.687
-999.0000000  140.000 357.351  0.010   0.864  5.977
-999.0000000  115.000 368.572  0.006   3.253  3.820
-999.0000000   90.000 393.223  0.006   4.982  2.724
-999.0000000   65.000 440.748  0.004  -0.909  2.267
-999.0000000   40.000 532.361  0.014 -11.733  1.831
-999.0000000   15.000 724.292  0.075 -20.688  1.880
276.25  45   1004.58  day,levels,pres0
-999.0000000 1115.000 289.612 16.246  -0.875  2.483
-999.0000000 1090.000 291.495 16.246  -0.875  2.483
-999.0000000 1065.000 293.434 16.246  -0.875  2.483
-999.0000000 1040.000 295.432 16.246  -0.875  2.483
-999.0000000 1015.000 297.493 16.246  -0.875  2.483
-999.0000000  990.000 299.620 16.246  -0.875  2.483
-999.0000000  965.000 301.470 15.392  -2.215  3.118
-999.0000000  940.000 302.733 15.028  -3.521  2.518
-999.0000000  915.000 303.761 14.357  -4.685  1.567
-999.0000000  890.000 304.603 13.370  -5.734  0.511
-999.0000000  865.000 305.350 12.397  -6.686 -0.522
-999.0000000  840.000 306.116 11.538  -7.541 -1.460
-999.0000000  815.000 307.073 10.651  -8.348 -2.238
-999.0000000  790.000 308.227  9.761  -9.150 -2.716
-999.0000000  765.000 309.442  8.951  -9.930 -2.773
-999.0000000  740.000 310.617  8.234 -10.615 -2.388
-999.0000000  715.000 311.755  7.589 -11.170 -1.700
-999.0000000  690.000 312.927  6.889 -11.539 -0.868
-999.0000000  665.000 314.139  6.121 -11.645  0.067
-999.0000000  640.000 315.467  5.359 -11.463  0.751
-999.0000000  615.000 316.949  4.589 -10.956  1.052
-999.0000000  590.000 318.674  3.944 -10.403  1.065
-999.0000000  565.000 320.674  3.414  -9.850  0.818
-999.0000000  540.000 322.832  2.892  -9.235  0.633
-999.0000000  515.000 325.097  2.353  -8.527  0.627
-999.0000000  490.000 327.379  1.817  -7.734  0.803
-999.0000000  465.000 329.606  1.277  -6.891  1.168
-999.0000000  440.000 331.753  0.922  -6.176  1.611
-999.0000000  415.000 333.772  0.754  -5.636  2.084
-999.0000000  390.000 335.695  0.694  -5.133  2.528
-999.0000000  365.000 337.494  0.723  -4.618  2.936
-999.0000000  340.000 339.165  0.715  -4.106  3.382
-999.0000000  315.000 340.720  0.676  -3.696  3.944
-999.0000000  290.000 342.280  0.545  -3.634  4.741
-999.0000000  265.000 343.927  0.377  -3.949  5.827
-999.0000000  240.000 345.611  0.235  -4.194  7.077
-999.0000000  215.000 347.201  0.125  -3.917  8.123
-999.0000000  190.000 349.005  0.060  -3.106  8.506
-999.0000000  165.000 351.907  0.026  -0.995  7.268
-999.0000000  140.000 356.921  0.010   2.080  4.829
-999.0000000  115.000 368.034  0.006   4.187  3.644
-999.0000000   90.000 393.322  0.006   5.550  3.105
-999.0000000   65.000 441.966  0.004  -0.710  2.699
-999.0000000   40.000 533.648  0.014 -11.001  2.058
-999.0000000   15.000 725.398  0.078 -20.038  2.252
276.375  45   1004.22  day,levels,pres0
-999.0000000 1115.000 289.608 16.658  -0.550  2.184
-999.0000000 1090.000 291.491 16.658  -0.550  2.184
-999.0000000 1065.000 293.430 16.658  -0.550  2.184
-999.0000000 1040.000 295.428 16.658  -0.550  2.184
-999.0000000 1015.000 297.489 16.658  -0.550  2.184
-999.0000000  990.000 299.616 16.658  -0.550  2.184
-999.0000000  965.000 301.146 15.610  -1.727  2.736
-999.0000000  940.000 302.524 15.078  -3.083  2.088
-999.0000000  915.000 303.595 14.348  -4.235  1.099
-999.0000000  890.000 304.446 13.423  -5.207  0.033
-999.0000000  865.000 305.183 12.548  -6.060 -1.003
-999.0000000  840.000 305.923 11.746  -6.836 -1.948
-999.0000000  815.000 306.823 10.904  -7.610 -2.681
-999.0000000  790.000 307.919 10.020  -8.420 -2.981
-999.0000000  765.000 309.103  9.162  -9.208 -2.744
-999.0000000  740.000 310.253  8.390  -9.905 -2.050
-999.0000000  715.000 311.362  7.708 -10.493 -1.094
-999.0000000  690.000 312.523  6.987 -10.921 -0.059
-999.0000000  665.000 313.752  6.218 -11.121  1.004
-999.0000000  640.000 315.103  5.525 -11.034  1.824
-999.0000000  615.000 316.615  4.908 -10.626  2.276
-999.0000000  590.000 318.388  4.333 -10.212  2.391
-999.0000000  565.000 320.462  3.779  -9.843  2.141
-999.0000000  540.000 322.703  3.153  -9.386  1.744
-999.0000000  515.000 325.049  2.408  -8.787  1.289
-999.0000000  490.000 327.398  1.765  -8.078  1.012
-999.0000000  465.000 329.670  1.233  -7.309  0.996
-999.0000000  440.000 331.834  0.901  -6.708  1.129
-999.0000000  415.000 333.846  0.775  -6.329  1.377
-999.0000000  390.000 335.755  0.736  -5.992  1.693
-999.0000000  365.000 337.539  0.768  -5.628  2.074
-999.0000000  340.000 339.179  0.738  -5.245  2.556
-999.0000000  315.000 340.681  0.661  -4.935  3.185
-999.0000000  290.000 342.186  0.517  -4.938  4.030
-999.0000000  265.000 343.782  0.351  -5.292  5.111
-999.0000000  240.000 345.428  0.215  -5.613  6.318
-999.0000000  215.000 347.030  0.114  -5.445  7.382
-999.0000000  190.000 348.885  0.056  -4.605  7.921
-999.0000000  165.000 351.753  0.025  -2.431  6.882
-999.0000000  140.000 356.572  0.010   0.368  4.574
-999.0000000  115.000 367.548  0.006   2.376  3.422
-999.0000000   90.000 393.229  0.006   4.659  2.693
-999.0000000   65.000 441.946  0.004  -0.823  2.333
-999.0000000   40.000 533.274  0.014 -11.006  1.368
-999.0000000   15.000 723.947  0.074 -20.562  1.596
276.5  45   1006.28  day,levels,pres0
-999.0000000 1115.000 289.602 17.065  -0.216  1.889
-999.0000000 1090.000 291.484 17.065  -0.216  1.889
-999.0000000 1065.000 293.423 17.065  -0.216  1.889
-999.0000000 1040.000 295.421 17.065  -0.216  1.889
-999.0000000 1015.000 297.482 17.065  -0.216  1.889
-999.0000000  990.000 299.609 17.065  -0.216  1.889
-999.0000000  965.000 300.821 15.808  -1.230  2.358
-999.0000000  940.000 302.316 15.121  -2.639  1.660
-999.0000000  915.000 303.431 14.336  -3.781  0.635
-999.0000000  890.000 304.288 13.471  -4.679 -0.438
-999.0000000  865.000 305.016 12.693  -5.434 -1.476
-999.0000000  840.000 305.730 11.945  -6.132 -2.429
-999.0000000  815.000 306.572 11.145  -6.875 -3.119
-999.0000000  790.000 307.611 10.264  -7.693 -3.243
-999.0000000  765.000 308.764  9.360  -8.489 -2.716
-999.0000000  740.000 309.889  8.534  -9.199 -1.715
-999.0000000  715.000 310.970  7.816  -9.819 -0.495
-999.0000000  690.000 312.121  7.076 -10.308  0.742
-999.0000000  665.000 313.365  6.307 -10.602  1.935
-999.0000000  640.000 314.739  5.682 -10.610  2.890
-999.0000000  615.000 316.282  5.213 -10.297  3.491
-999.0000000  590.000 318.104  4.708 -10.019  3.706
-999.0000000  565.000 320.252  4.133  -9.832  3.455
-999.0000000  540.000 322.574  3.409  -9.532  2.844
-999.0000000  515.000 325.002  2.463  -9.044  1.942
-999.0000000  490.000 327.417  1.713  -8.420  1.212
-999.0000000  465.000 329.733  1.188  -7.727  0.816
-999.0000000  440.000 331.916  0.881  -7.237  0.640
-999.0000000  415.000 333.918  0.797  -7.019  0.664
-999.0000000  390.000 335.815  0.779  -6.848  0.852
-999.0000000  365.000 337.586  0.814  -6.634  1.207
-999.0000000  340.000 339.194  0.761  -6.382  1.725
-999.0000000  315.000 340.644  0.646  -6.173  2.424
-999.0000000  290.000 342.092  0.489  -6.242  3.317
-999.0000000  265.000 343.637  0.326  -6.635  4.395
-999.0000000  240.000 345.243  0.196  -7.032  5.558
-999.0000000  215.000 346.859  0.103  -6.973  6.640
-999.0000000  190.000 348.763  0.051  -6.103  7.335
-999.0000000  165.000 351.601  0.024  -3.866  6.495
-999.0000000  140.000 356.223  0.010  -1.344  4.319
-999.0000000  115.000 367.062  0.006   0.564  3.200
-999.0000000   90.000 393.137  0.006   3.768  2.280
-999.0000000   65.000 441.927  0.003  -0.937  1.966
-999.0000000   40.000 532.902  0.014 -11.011  0.678
-999.0000000   15.000 722.493  0.070 -21.086  0.941
276.625  45   1006.02  day,levels,pres0
-999.0000000 1115.000 290.257 16.379  -0.867  0.918
-999.0000000 1090.000 292.143 16.379  -0.867  0.918
-999.0000000 1065.000 294.087 16.379  -0.867  0.918
-999.0000000 1040.000 296.089 16.379  -0.867  0.918
-999.0000000 1015.000 298.155 16.379  -0.867  0.918
-999.0000000  990.000 300.287 16.379  -0.867  0.918
-999.0000000  965.000 301.131 15.702  -1.640  1.139
-999.0000000  940.000 302.244 15.489  -2.377  0.920
-999.0000000  915.000 303.346 14.913  -2.982  0.474
-999.0000000  890.000 304.294 13.968  -3.709 -0.091
-999.0000000  865.000 305.162 12.958  -4.586 -0.721
-999.0000000  840.000 306.077 11.945  -5.477 -1.328
-999.0000000  815.000 307.109 11.003  -6.342 -1.712
-999.0000000  790.000 308.266 10.035  -7.208 -1.643
-999.0000000  765.000 309.481  9.080  -7.999 -1.113
-999.0000000  740.000 310.658  8.197  -8.634 -0.284
-999.0000000  715.000 311.800  7.405  -9.118  0.650
-999.0000000  690.000 312.988  6.630  -9.442  1.531
-999.0000000  665.000 314.237  5.870  -9.554  2.296
-999.0000000  640.000 315.638  5.229  -9.444  2.836
-999.0000000  615.000 317.241  4.715  -9.098  3.068
-999.0000000  590.000 319.126  4.202  -8.774  3.019
-999.0000000  565.000 321.312  3.655  -8.520  2.656
-999.0000000  540.000 323.560  3.018  -8.221  2.099
-999.0000000  515.000 325.780  2.250  -7.837  1.416
-999.0000000  490.000 327.952  1.653  -7.379  0.893
-999.0000000  465.000 330.038  1.245  -6.883  0.640
-999.0000000  440.000 332.056  1.008  -6.517  0.596
-999.0000000  415.000 333.991  0.940  -6.334  0.752
-999.0000000  390.000 335.900  0.904  -6.250  1.061
-999.0000000  365.000 337.768  0.896  -6.228  1.499
-999.0000000  340.000 339.550  0.802  -6.243  2.000
-999.0000000  315.000 341.217  0.651  -6.306  2.525
-999.0000000  290.000 342.825  0.480  -6.472  3.044
-999.0000000  265.000 344.415  0.314  -6.740  3.543
-999.0000000  240.000 345.928  0.187  -6.943  4.034
-999.0000000  215.000 347.325  0.101  -6.867  4.573
-999.0000000  190.000 348.983  0.053  -6.453  5.153
-999.0000000  165.000 351.627  0.025  -5.101  4.895
-999.0000000  140.000 356.127  0.010  -2.753  3.609
-999.0000000  115.000 367.108  0.006   0.133  2.937
-999.0000000   90.000 393.366  0.006   4.038  2.245
-999.0000000   65.000 441.527  0.003  -0.239  1.636
-999.0000000   40.000 532.619  0.014 -10.716  0.058
-999.0000000   15.000 721.925  0.069 -20.533 -0.186
276.75  45   1002.69  day,levels,pres0
-999.0000000 1115.000 290.916 15.609  -1.538 -0.064
-999.0000000 1090.000 292.807 15.609  -1.538 -0.064
-999.0000000 1065.000 294.755 15.609  -1.538 -0.064
-999.0000000 1040.000 296.762 15.609  -1.538 -0.064
-999.0000000 1015.000 298.832 15.609  -1.538 -0.064
-999.0000000  990.000 300.969 15.609  -1.538 -0.064
-999.0000000  965.000 301.444 15.593  -2.079 -0.092
-999.0000000  940.000 302.176 15.854  -2.142  0.173
-999.0000000  915.000 303.261 15.483  -2.197  0.302
-999.0000000  890.000 304.299 14.463  -2.740  0.240
-999.0000000  865.000 305.310 13.225  -3.738  0.008
-999.0000000  840.000 306.426 11.938  -4.822 -0.251
-999.0000000  815.000 307.649 10.837  -5.805 -0.325
-999.0000000  790.000 308.925  9.768  -6.717 -0.053
-999.0000000  765.000 310.200  8.754  -7.501  0.493
-999.0000000  740.000 311.428  7.805  -8.062  1.161
-999.0000000  715.000 312.630  6.925  -8.408  1.816
-999.0000000  690.000 313.853  6.108  -8.564  2.345
-999.0000000  665.000 315.104  5.358  -8.488  2.687
-999.0000000  640.000 316.530  4.699  -8.261  2.817
-999.0000000  615.000 318.196  4.129  -7.891  2.686
-999.0000000  590.000 320.145  3.603  -7.531  2.377
-999.0000000  565.000 322.367  3.088  -7.218  1.899
-999.0000000  540.000 324.545  2.560  -6.923  1.395
-999.0000000  515.000 326.556  2.010  -6.638  0.928
-999.0000000  490.000 328.488  1.586  -6.342  0.608
-999.0000000  465.000 330.344  1.302  -6.045  0.494
-999.0000000  440.000 332.198  1.136  -5.802  0.577
-999.0000000  415.000 334.060  1.083  -5.658  0.863
-999.0000000  390.000 335.983  1.031  -5.662  1.291
-999.0000000  365.000 337.948  0.978  -5.830  1.810
-999.0000000  340.000 339.904  0.845  -6.110  2.289
-999.0000000  315.000 341.790  0.656  -6.439  2.636
-999.0000000  290.000 343.559  0.468  -6.703  2.775
-999.0000000  265.000 345.192  0.300  -6.847  2.693
-999.0000000  240.000 346.617  0.178  -6.855  2.512
-999.0000000  215.000 347.795  0.098  -6.762  2.507
-999.0000000  190.000 349.208  0.054  -6.806  2.972
-999.0000000  165.000 351.656  0.027  -6.337  3.296
-999.0000000  140.000 356.031  0.011  -4.162  2.901
-999.0000000  115.000 367.154  0.006  -0.299  2.675
-999.0000000   90.000 393.595  0.005   4.307  2.209
-999.0000000   65.000 441.128  0.003   0.460  1.305
-999.0000000   40.000 532.333  0.013 -10.420 -0.561
-999.0000000   15.000 721.361  0.068 -19.980 -1.313
276.875  45   1001.85  day,levels,pres0
-999.0000000 1115.000 290.477 15.811  -0.913 -0.154
-999.0000000 1090.000 292.365 15.811  -0.913 -0.154
-999.0000000 1065.000 294.310 15.811  -0.913 -0.154
-999.0000000 1040.000 296.314 15.811  -0.913 -0.154
-999.0000000 1015.000 298.381 15.811  -0.913 -0.154
-999.0000000  990.000 300.515 15.811  -0.913 -0.154
-999.0000000  965.000 301.244 15.709  -1.443 -0.082
-999.0000000  940.000 302.165 15.794  -1.677  0.190
-999.0000000  915.000 303.398 15.207  -2.047  0.305
-999.0000000  890.000 304.482 14.133  -2.887  0.156
-999.0000000  865.000 305.473 12.975  -4.038 -0.160
-999.0000000  840.000 306.571 11.767  -5.257 -0.494
-999.0000000  815.000 307.742 10.681  -6.385 -0.663
-999.0000000  790.000 308.978  9.624  -7.388 -0.544
-999.0000000  765.000 310.232  8.628  -8.207 -0.185
-999.0000000  740.000 311.456  7.675  -8.754  0.306
-999.0000000  715.000 312.668  6.766  -9.056  0.821
-999.0000000  690.000 313.905  5.892  -9.152  1.251
-999.0000000  665.000 315.176  5.048  -9.000  1.542
-999.0000000  640.000 316.589  4.341  -8.673  1.639
-999.0000000  615.000 318.190  3.773  -8.177  1.492
-999.0000000  590.000 320.032  3.301  -7.695  1.194
-999.0000000  565.000 322.110  2.912  -7.281  0.761
-999.0000000  540.000 324.183  2.497  -6.943  0.333
-999.0000000  515.000 326.153  2.044  -6.677 -0.020
-999.0000000  490.000 328.069  1.657  -6.394 -0.188
-999.0000000  465.000 329.926  1.345  -6.074 -0.111
-999.0000000  440.000 331.808  1.159  -5.775  0.167
-999.0000000  415.000 333.729  1.095  -5.537  0.633
-999.0000000  390.000 335.708  1.039  -5.419  1.192
-999.0000000  365.000 337.723  0.989  -5.454  1.775
-999.0000000  340.000 339.716  0.850  -5.637  2.251
-999.0000000  315.000 341.626  0.651  -5.934  2.534
-999.0000000  290.000 343.405  0.461  -6.222  2.568
-999.0000000  265.000 345.046  0.295  -6.438  2.352
-999.0000000  240.000 346.513  0.176  -6.559  2.030
-999.0000000  215.000 347.824  0.100  -6.639  1.963
-999.0000000  190.000 349.423  0.056  -6.844  2.548
-999.0000000  165.000 352.004  0.028  -6.347  3.240
-999.0000000  140.000 356.399  0.011  -3.890  3.462
-999.0000000  115.000 367.060  0.006   0.237  3.617
-999.0000000   90.000 392.361  0.005   4.770  2.880
-999.0000000   65.000 439.975  0.004   0.799  1.291
-999.0000000   40.000 531.621  0.013 -10.425 -0.541
-999.0000000   15.000 722.091  0.069 -20.024 -1.137
